<kml xmlns='http://www.opengis.net/kml/2.2'>
  <Document>
    <Placemark>
      <LineString>
        <tessellate>1</tessellate>
        <coordinates>
          2.5297222222,47.6658333333,0
          2.7416666667,47.2666666667,0
        </coordinates>
      </LineString>
    </Placemark>
    <Placemark>
      <LineString>
        <tessellate>1</tessellate>
        <coordinates>
          2.5297222222,47.6658333333,0
          2.2016666667,47.34,0
        </coordinates>
      </LineString>
    </Placemark>
    <Placemark>
      <LineString>
        <tessellate>1</tessellate>
        <coordinates>
          -1.2844444444,39.7791666667,0
          -1.1497222222,39.5491666667,0
        </coordinates>
      </LineString>
    </Placemark>
    <Placemark>
      <LineString>
        <tessellate>1</tessellate>
        <coordinates>
          -1.9625,43.6463888889,0
          -0.3116666667,45.6594444444,0
        </coordinates>
      </LineString>
    </Placemark>
    <Placemark>
      <LineString>
        <tessellate>1</tessellate>
        <coordinates>
          -0.4583333333,46.5833333333,0
          -0.8611111111,46.5833333333,0
        </coordinates>
      </LineString>
    </Placemark>
    <Placemark>
      <LineString>
        <tessellate>1</tessellate>
        <coordinates>
          -0.4583333333,46.5833333333,0
          0.2980555556,46.5811111111,0
        </coordinates>
      </LineString>
    </Placemark>
    <Placemark>
      <LineString>
        <tessellate>1</tessellate>
        <coordinates>
          1.7486111111,45.8505555556,0
          1.4797222222,45.5794444444,0
        </coordinates>
      </LineString>
    </Placemark>
    <Placemark>
      <LineString>
        <tessellate>1</tessellate>
        <coordinates>
          0.5308333333,46.5611111111,0
          0.6916666667,47.0469444444,0
        </coordinates>
      </LineString>
    </Placemark>
    <Placemark>
      <LineString>
        <tessellate>1</tessellate>
        <coordinates>
          0.5308333333,46.5611111111,0
          0.2980555556,46.5811111111,0
        </coordinates>
      </LineString>
    </Placemark>
    <Placemark>
      <LineString>
        <tessellate>1</tessellate>
        <coordinates>
          0.5308333333,46.5611111111,0
          0.7808333333,46.5388888889,0
        </coordinates>
      </LineString>
    </Placemark>
    <Placemark>
      <LineString>
        <tessellate>1</tessellate>
        <coordinates>
          2.8255555556,45.5372222222,0
          1.3997222222,45.9491666667,0
        </coordinates>
      </LineString>
    </Placemark>
    <Placemark>
      <LineString>
        <tessellate>1</tessellate>
        <coordinates>
          2.8255555556,45.5372222222,0
          3.7502777778,45.2572222222,0
        </coordinates>
      </LineString>
    </Placemark>
    <Placemark>
      <LineString>
        <tessellate>1</tessellate>
        <coordinates>
          3.18,45.9416666667,0
          3.1922222222,45.7875,0
        </coordinates>
      </LineString>
    </Placemark>
    <Placemark>
      <LineString>
        <tessellate>1</tessellate>
        <coordinates>
          3.18,45.9416666667,0
          3.7502777778,45.2572222222,0
        </coordinates>
      </LineString>
    </Placemark>
    <Placemark>
      <LineString>
        <tessellate>1</tessellate>
        <coordinates>
          3.18,45.9416666667,0
          3.5536111111,45.8819444444,0
        </coordinates>
      </LineString>
    </Placemark>
    <Placemark>
      <LineString>
        <tessellate>1</tessellate>
        <coordinates>
          3.18,45.9416666667,0
          2.8180555556,45.9980555556,0
        </coordinates>
      </LineString>
    </Placemark>
    <Placemark>
      <LineString>
        <tessellate>1</tessellate>
        <coordinates>
          -0.8394444444,46.1241666667,0
          -0.9419444444,46.2133333333,0
        </coordinates>
      </LineString>
    </Placemark>
    <Placemark>
      <LineString>
        <tessellate>1</tessellate>
        <coordinates>
          1.9088888889,43.4919444444,0
          1.3635596833,43.6363061167,0
        </coordinates>
      </LineString>
    </Placemark>
    <Placemark>
      <LineString>
        <tessellate>1</tessellate>
        <coordinates>
          -2.0641666667,40.5122222222,0
          -2.5447222222,40.3719444444,0
        </coordinates>
      </LineString>
    </Placemark>
    <Placemark>
      <LineString>
        <tessellate>1</tessellate>
        <coordinates>
          -2.0641666667,40.5122222222,0
          -3.0277777778,39.3991666667,0
        </coordinates>
      </LineString>
    </Placemark>
    <Placemark>
      <LineString>
        <tessellate>1</tessellate>
        <coordinates>
          -2.0641666667,40.5122222222,0
          -2.6002777778,40.2605555556,0
        </coordinates>
      </LineString>
    </Placemark>
    <Placemark>
      <LineString>
        <tessellate>1</tessellate>
        <coordinates>
          2.3958333333,39.5494444444,0
          1.7655555556,40.0077777778,0
        </coordinates>
      </LineString>
    </Placemark>
    <Placemark>
      <LineString>
        <tessellate>1</tessellate>
        <coordinates>
          2.3958333333,39.5494444444,0
          1.3802777778,39.6030555556,0
        </coordinates>
      </LineString>
    </Placemark>
    <Placemark>
      <LineString>
        <tessellate>1</tessellate>
        <coordinates>
          2.3958333333,39.5494444444,0
          2.0955555556,40.2830555556,0
        </coordinates>
      </LineString>
    </Placemark>
    <Placemark>
      <LineString>
        <tessellate>1</tessellate>
        <coordinates>
          2.3958333333,39.5494444444,0
          1.9408333333,40.1544444444,0
        </coordinates>
      </LineString>
    </Placemark>
    <Placemark>
      <LineString>
        <tessellate>1</tessellate>
        <coordinates>
          2.3958333333,39.5494444444,0
          1.4441666667,39.1163888889,0
        </coordinates>
      </LineString>
    </Placemark>
    <Placemark>
      <LineString>
        <tessellate>1</tessellate>
        <coordinates>
          2.3958333333,39.5494444444,0
          3.1147222222,39.9275,0
        </coordinates>
      </LineString>
    </Placemark>
    <Placemark>
      <LineString>
        <tessellate>1</tessellate>
        <coordinates>
          2.8691666667,43.7741666667,0
          2.2097944167,43.6358050333,0
        </coordinates>
      </LineString>
    </Placemark>
    <Placemark>
      <LineString>
        <tessellate>1</tessellate>
        <coordinates>
          2.8691666667,43.7741666667,0
          2.8522222222,43.7805555556,0
        </coordinates>
      </LineString>
    </Placemark>
    <Placemark>
      <LineString>
        <tessellate>1</tessellate>
        <coordinates>
          2.8691666667,43.7741666667,0
          2.03,43.715,0
        </coordinates>
      </LineString>
    </Placemark>
    <Placemark>
      <LineString>
        <tessellate>1</tessellate>
        <coordinates>
          2.8691666667,43.7741666667,0
          3.0047222222,43.6288888889,0
        </coordinates>
      </LineString>
    </Placemark>
    <Placemark>
      <LineString>
        <tessellate>1</tessellate>
        <coordinates>
          2.8691666667,43.7741666667,0
          2.2513185667,43.46753355,0
        </coordinates>
      </LineString>
    </Placemark>
    <Placemark>
      <LineString>
        <tessellate>1</tessellate>
        <coordinates>
          2.8691666667,43.7741666667,0
          3.025,43.7508333333,0
        </coordinates>
      </LineString>
    </Placemark>
    <Placemark>
      <LineString>
        <tessellate>1</tessellate>
        <coordinates>
          2.8691666667,43.7741666667,0
          2.6072222222,44.3319444444,0
        </coordinates>
      </LineString>
    </Placemark>
    <Placemark>
      <LineString>
        <tessellate>1</tessellate>
        <coordinates>
          3.4886111111,41.5447222222,0
          3.8602777778,41.6055555556,0
        </coordinates>
      </LineString>
    </Placemark>
    <Placemark>
      <LineString>
        <tessellate>1</tessellate>
        <coordinates>
          0.8727777778,43.8880555556,0
          0.5583333333,42.6930555556,0
        </coordinates>
      </LineString>
    </Placemark>
    <Placemark>
      <LineString>
        <tessellate>1</tessellate>
        <coordinates>
          0.8727777778,43.8880555556,0
          0.5583333333,43.6513888889,0
        </coordinates>
      </LineString>
    </Placemark>
    <Placemark>
      <LineString>
        <tessellate>1</tessellate>
        <coordinates>
          0.8727777778,43.8880555556,0
          0.7308333333,44.1083333333,0
        </coordinates>
      </LineString>
    </Placemark>
    <Placemark>
      <LineString>
        <tessellate>1</tessellate>
        <coordinates>
          0.8727777778,43.8880555556,0
          0.581337,44.1886491,0
        </coordinates>
      </LineString>
    </Placemark>
    <Placemark>
      <LineString>
        <tessellate>1</tessellate>
        <coordinates>
          0.8727777778,43.8880555556,0
          0.9044444444,44.2966666667,0
        </coordinates>
      </LineString>
    </Placemark>
    <Placemark>
      <LineString>
        <tessellate>1</tessellate>
        <coordinates>
          0.8727777778,43.8880555556,0
          0.9694444444,45.1172222222,0
        </coordinates>
      </LineString>
    </Placemark>
    <Placemark>
      <LineString>
        <tessellate>1</tessellate>
        <coordinates>
          0.8727777778,43.8880555556,0
          -1.1080555556,43.0091666667,0
        </coordinates>
      </LineString>
    </Placemark>
    <Placemark>
      <LineString>
        <tessellate>1</tessellate>
        <coordinates>
          0.8727777778,43.8880555556,0
          0.6180555556,45.1141666667,0
        </coordinates>
      </LineString>
    </Placemark>
    <Placemark>
      <LineString>
        <tessellate>1</tessellate>
        <coordinates>
          0.8727777778,43.8880555556,0
          0.5152777778,44.4386111111,0
        </coordinates>
      </LineString>
    </Placemark>
    <Placemark>
      <LineString>
        <tessellate>1</tessellate>
        <coordinates>
          0.8727777778,43.8880555556,0
          0.9422222222,43.8213888889,0
        </coordinates>
      </LineString>
    </Placemark>
    <Placemark>
      <LineString>
        <tessellate>1</tessellate>
        <coordinates>
          0.8727777778,43.8880555556,0
          1.3097222222,43.6808333333,0
        </coordinates>
      </LineString>
    </Placemark>
    <Placemark>
      <LineString>
        <tessellate>1</tessellate>
        <coordinates>
          0.8727777778,43.8880555556,0
          1.0252777778,43.5305555556,0
        </coordinates>
      </LineString>
    </Placemark>
    <Placemark>
      <LineString>
        <tessellate>1</tessellate>
        <coordinates>
          0.2383755,45.7186802167,0
          0.4269444444,45.7108333333,0
        </coordinates>
      </LineString>
    </Placemark>
    <Placemark>
      <LineString>
        <tessellate>1</tessellate>
        <coordinates>
          0.2383755,45.7186802167,0
          -0.3116666667,45.6594444444,0
        </coordinates>
      </LineString>
    </Placemark>
    <Placemark>
      <LineString>
        <tessellate>1</tessellate>
        <coordinates>
          0.4269444444,45.7108333333,0
          1.0255555556,45.8158333333,0
        </coordinates>
      </LineString>
    </Placemark>
    <Placemark>
      <LineString>
        <tessellate>1</tessellate>
        <coordinates>
          0.4269444444,45.7108333333,0
          0.6775,45.4847222222,0
        </coordinates>
      </LineString>
    </Placemark>
    <Placemark>
      <LineString>
        <tessellate>1</tessellate>
        <coordinates>
          4.3175,45.0641666667,0
          4.3347222222,45.2372222222,0
        </coordinates>
      </LineString>
    </Placemark>
    <Placemark>
      <LineString>
        <tessellate>1</tessellate>
        <coordinates>
          4.3175,45.0641666667,0
          4.7797222222,44.555,0
        </coordinates>
      </LineString>
    </Placemark>
    <Placemark>
      <LineString>
        <tessellate>1</tessellate>
        <coordinates>
          -3.0,47.1391666667,0
          -4.9905555556,47.0791666667,0
        </coordinates>
      </LineString>
    </Placemark>
    <Placemark>
      <LineString>
        <tessellate>1</tessellate>
        <coordinates>
          -3.0,47.1391666667,0
          -1.8480555556,47.1569444444,0
        </coordinates>
      </LineString>
    </Placemark>
    <Placemark>
      <LineString>
        <tessellate>1</tessellate>
        <coordinates>
          -3.2186111111,40.2244444444,0
          -2.1744444444,39.9888888889,0
        </coordinates>
      </LineString>
    </Placemark>
    <Placemark>
      <LineString>
        <tessellate>1</tessellate>
        <coordinates>
          -3.2186111111,40.2244444444,0
          -3.5025,40.1611111111,0
        </coordinates>
      </LineString>
    </Placemark>
    <Placemark>
      <LineString>
        <tessellate>1</tessellate>
        <coordinates>
          4.7491666667,47.4963888889,0
          4.1411111111,47.8833333333,0
        </coordinates>
      </LineString>
    </Placemark>
    <Placemark>
      <LineString>
        <tessellate>1</tessellate>
        <coordinates>
          2.8322222222,42.4513888889,0
          2.6347222222,41.64,0
        </coordinates>
      </LineString>
    </Placemark>
    <Placemark>
      <LineString>
        <tessellate>1</tessellate>
        <coordinates>
          2.8322222222,42.4513888889,0
          2.7716666667,41.9313888889,0
        </coordinates>
      </LineString>
    </Placemark>
    <Placemark>
      <LineString>
        <tessellate>1</tessellate>
        <coordinates>
          -1.9633333333,42.3436111111,0
          -2.0611479333,42.1713654167,0
        </coordinates>
      </LineString>
    </Placemark>
    <Placemark>
      <LineString>
        <tessellate>1</tessellate>
        <coordinates>
          -1.9633333333,42.3436111111,0
          -1.9075,42.4275,0
        </coordinates>
      </LineString>
    </Placemark>
    <Placemark>
      <LineString>
        <tessellate>1</tessellate>
        <coordinates>
          -1.9633333333,42.3436111111,0
          -1.1933333333,41.7305555556,0
        </coordinates>
      </LineString>
    </Placemark>
    <Placemark>
      <LineString>
        <tessellate>1</tessellate>
        <coordinates>
          1.1469444444,43.9330555556,0
          0.9044444444,44.2966666667,0
        </coordinates>
      </LineString>
    </Placemark>
    <Placemark>
      <LineString>
        <tessellate>1</tessellate>
        <coordinates>
          -0.5560695333,38.2823164,0
          -0.56192225,38.28822875,0
        </coordinates>
      </LineString>
    </Placemark>
    <Placemark>
      <LineString>
        <tessellate>1</tessellate>
        <coordinates>
          -0.5560695333,38.2823164,0
          -0.3419413167,38.2371194,0
        </coordinates>
      </LineString>
    </Placemark>
    <Placemark>
      <LineString>
        <tessellate>1</tessellate>
        <coordinates>
          -0.5560695333,38.2823164,0
          -0.5333963333,38.2967747333,0
        </coordinates>
      </LineString>
    </Placemark>
    <Placemark>
      <LineString>
        <tessellate>1</tessellate>
        <coordinates>
          -0.5560695333,38.2823164,0
          -0.2308333333,38.0733333333,0
        </coordinates>
      </LineString>
    </Placemark>
    <Placemark>
      <LineString>
        <tessellate>1</tessellate>
        <coordinates>
          -0.5560695333,38.2823164,0
          -0.5633333333,38.1166666667,0
        </coordinates>
      </LineString>
    </Placemark>
    <Placemark>
      <LineString>
        <tessellate>1</tessellate>
        <coordinates>
          -0.3419413167,38.2371194,0
          -0.5860480833,38.2697830833,0
        </coordinates>
      </LineString>
    </Placemark>
    <Placemark>
      <LineString>
        <tessellate>1</tessellate>
        <coordinates>
          -0.5333963333,38.2967747333,0
          -0.2816666667,38.3602777778,0
        </coordinates>
      </LineString>
    </Placemark>
    <Placemark>
      <LineString>
        <tessellate>1</tessellate>
        <coordinates>
          -0.5860480833,38.2697830833,0
          -0.8166666667,38.5397222222,0
        </coordinates>
      </LineString>
    </Placemark>
    <Placemark>
      <LineString>
        <tessellate>1</tessellate>
        <coordinates>
          -0.57,38.2683333333,0
          -0.56192225,38.28822875,0
        </coordinates>
      </LineString>
    </Placemark>
    <Placemark>
      <LineString>
        <tessellate>1</tessellate>
        <coordinates>
          -0.57,38.2683333333,0
          -1.2630555556,39.0244444444,0
        </coordinates>
      </LineString>
    </Placemark>
    <Placemark>
      <LineString>
        <tessellate>1</tessellate>
        <coordinates>
          -0.57,38.2683333333,0
          -0.2308333333,38.0733333333,0
        </coordinates>
      </LineString>
    </Placemark>
    <Placemark>
      <LineString>
        <tessellate>1</tessellate>
        <coordinates>
          -0.57,38.2683333333,0
          -0.5633333333,38.1166666667,0
        </coordinates>
      </LineString>
    </Placemark>
    <Placemark>
      <LineString>
        <tessellate>1</tessellate>
        <coordinates>
          -0.57,38.2683333333,0
          -0.8961111111,39.4002777778,0
        </coordinates>
      </LineString>
    </Placemark>
    <Placemark>
      <LineString>
        <tessellate>1</tessellate>
        <coordinates>
          -0.57,38.2683333333,0
          -0.2816666667,38.3602777778,0
        </coordinates>
      </LineString>
    </Placemark>
    <Placemark>
      <LineString>
        <tessellate>1</tessellate>
        <coordinates>
          -0.57,38.2683333333,0
          -0.8166666667,38.5397222222,0
        </coordinates>
      </LineString>
    </Placemark>
    <Placemark>
      <LineString>
        <tessellate>1</tessellate>
        <coordinates>
          4.9527777778,46.5,0
          4.9852777778,46.3241666667,0
        </coordinates>
      </LineString>
    </Placemark>
    <Placemark>
      <LineString>
        <tessellate>1</tessellate>
        <coordinates>
          1.0644444444,47.4288888889,0
          1.0333333333,46.5161111111,0
        </coordinates>
      </LineString>
    </Placemark>
    <Placemark>
      <LineString>
        <tessellate>1</tessellate>
        <coordinates>
          1.0644444444,47.4288888889,0
          1.2858333333,47.8627777778,0
        </coordinates>
      </LineString>
    </Placemark>
    <Placemark>
      <LineString>
        <tessellate>1</tessellate>
        <coordinates>
          1.0644444444,47.4288888889,0
          1.2130816,47.6949004667,0
        </coordinates>
      </LineString>
    </Placemark>
    <Placemark>
      <LineString>
        <tessellate>1</tessellate>
        <coordinates>
          1.0644444444,47.4288888889,0
          1.7760571333,47.9886040333,0
        </coordinates>
      </LineString>
    </Placemark>
    <Placemark>
      <LineString>
        <tessellate>1</tessellate>
        <coordinates>
          1.0644444444,47.4288888889,0
          0.8247222222,47.1666666667,0
        </coordinates>
      </LineString>
    </Placemark>
    <Placemark>
      <LineString>
        <tessellate>1</tessellate>
        <coordinates>
          1.0644444444,47.4288888889,0
          0.7541672333,47.4240863333,0
        </coordinates>
      </LineString>
    </Placemark>
    <Placemark>
      <LineString>
        <tessellate>1</tessellate>
        <coordinates>
          1.0644444444,47.4288888889,0
          0.9072222222,47.8372222222,0
        </coordinates>
      </LineString>
    </Placemark>
    <Placemark>
      <LineString>
        <tessellate>1</tessellate>
        <coordinates>
          3.7430555556,45.6816666667,0
          3.2068415167,45.79499635,0
        </coordinates>
      </LineString>
    </Placemark>
    <Placemark>
      <LineString>
        <tessellate>1</tessellate>
        <coordinates>
          3.7430555556,45.6816666667,0
          4.0147222222,45.3916666667,0
        </coordinates>
      </LineString>
    </Placemark>
    <Placemark>
      <LineString>
        <tessellate>1</tessellate>
        <coordinates>
          3.7430555556,45.6816666667,0
          3.5536111111,45.8819444444,0
        </coordinates>
      </LineString>
    </Placemark>
    <Placemark>
      <LineString>
        <tessellate>1</tessellate>
        <coordinates>
          -3.2533333333,42.555,0
          -3.6352777778,42.3580555556,0
        </coordinates>
      </LineString>
    </Placemark>
    <Placemark>
      <LineString>
        <tessellate>1</tessellate>
        <coordinates>
          4.4830555556,45.1280555556,0
          4.6386111111,45.1877777778,0
        </coordinates>
      </LineString>
    </Placemark>
    <Placemark>
      <LineString>
        <tessellate>1</tessellate>
        <coordinates>
          4.4830555556,45.1280555556,0
          4.3755555556,45.3327777778,0
        </coordinates>
      </LineString>
    </Placemark>
    <Placemark>
      <LineString>
        <tessellate>1</tessellate>
        <coordinates>
          3.165,44.4430555556,0
          3.1705555556,44.0863888889,0
        </coordinates>
      </LineString>
    </Placemark>
    <Placemark>
      <LineString>
        <tessellate>1</tessellate>
        <coordinates>
          3.165,44.4430555556,0
          3.9747222222,43.5783333333,0
        </coordinates>
      </LineString>
    </Placemark>
    <Placemark>
      <LineString>
        <tessellate>1</tessellate>
        <coordinates>
          3.165,44.4430555556,0
          3.9605435167,43.5857774333,0
        </coordinates>
      </LineString>
    </Placemark>
    <Placemark>
      <LineString>
        <tessellate>1</tessellate>
        <coordinates>
          2.5788888889,43.8280555556,0
          2.8522222222,43.7805555556,0
        </coordinates>
      </LineString>
    </Placemark>
    <Placemark>
      <LineString>
        <tessellate>1</tessellate>
        <coordinates>
          2.5788888889,43.8280555556,0
          2.0216666667,43.9216666667,0
        </coordinates>
      </LineString>
    </Placemark>
    <Placemark>
      <LineString>
        <tessellate>1</tessellate>
        <coordinates>
          -3.4302777778,43.3233333333,0
          -3.75079455,43.4121522,0
        </coordinates>
      </LineString>
    </Placemark>
    <Placemark>
      <LineString>
        <tessellate>1</tessellate>
        <coordinates>
          0.5583333333,42.6930555556,0
          0.8727777778,43.8880555556,0
        </coordinates>
      </LineString>
    </Placemark>
    <Placemark>
      <LineString>
        <tessellate>1</tessellate>
        <coordinates>
          0.5583333333,42.6930555556,0
          0.475,42.3675,0
        </coordinates>
      </LineString>
    </Placemark>
    <Placemark>
      <LineString>
        <tessellate>1</tessellate>
        <coordinates>
          -0.8519444444,47.5369444444,0
          -0.4586111111,47.8847222222,0
        </coordinates>
      </LineString>
    </Placemark>
    <Placemark>
      <LineString>
        <tessellate>1</tessellate>
        <coordinates>
          -0.8519444444,47.5369444444,0
          0.3569444444,47.4725,0
        </coordinates>
      </LineString>
    </Placemark>
    <Placemark>
      <LineString>
        <tessellate>1</tessellate>
        <coordinates>
          -0.8519444444,47.5369444444,0
          -0.25,47.8530555556,0
        </coordinates>
      </LineString>
    </Placemark>
    <Placemark>
      <LineString>
        <tessellate>1</tessellate>
        <coordinates>
          -0.8519444444,47.5369444444,0
          -0.615,47.595,0
        </coordinates>
      </LineString>
    </Placemark>
    <Placemark>
      <LineString>
        <tessellate>1</tessellate>
        <coordinates>
          1.6983333333,41.26,0
          1.6891666667,41.3186111111,0
        </coordinates>
      </LineString>
    </Placemark>
    <Placemark>
      <LineString>
        <tessellate>1</tessellate>
        <coordinates>
          1.6983333333,41.26,0
          1.1663888889,41.1961111111,0
        </coordinates>
      </LineString>
    </Placemark>
    <Placemark>
      <LineString>
        <tessellate>1</tessellate>
        <coordinates>
          -3.2213888889,39.0,0
          -3.625,38.1525,0
        </coordinates>
      </LineString>
    </Placemark>
    <Placemark>
      <LineString>
        <tessellate>1</tessellate>
        <coordinates>
          -3.2213888889,39.0,0
          -3.0277777778,39.3991666667,0
        </coordinates>
      </LineString>
    </Placemark>
    <Placemark>
      <LineString>
        <tessellate>1</tessellate>
        <coordinates>
          1.1297222222,41.5438888889,0
          0.6786111111,41.6619444444,0
        </coordinates>
      </LineString>
    </Placemark>
    <Placemark>
      <LineString>
        <tessellate>1</tessellate>
        <coordinates>
          1.1297222222,41.5438888889,0
          1.1136111111,41.6977777778,0
        </coordinates>
      </LineString>
    </Placemark>
    <Placemark>
      <LineString>
        <tessellate>1</tessellate>
        <coordinates>
          1.1297222222,41.5438888889,0
          1.6738888889,41.4172222222,0
        </coordinates>
      </LineString>
    </Placemark>
    <Placemark>
      <LineString>
        <tessellate>1</tessellate>
        <coordinates>
          -2.6138888889,42.6797222222,0
          -2.8655555556,42.7319444444,0
        </coordinates>
      </LineString>
    </Placemark>
    <Placemark>
      <LineString>
        <tessellate>1</tessellate>
        <coordinates>
          4.8902777778,45.2833333333,0
          4.9290894667,45.7204637833,0
        </coordinates>
      </LineString>
    </Placemark>
    <Placemark>
      <LineString>
        <tessellate>1</tessellate>
        <coordinates>
          4.5375,44.6691666667,0
          4.7463888889,43.9952777778,0
        </coordinates>
      </LineString>
    </Placemark>
    <Placemark>
      <LineString>
        <tessellate>1</tessellate>
        <coordinates>
          4.5375,44.6691666667,0
          4.6386111111,45.1877777778,0
        </coordinates>
      </LineString>
    </Placemark>
    <Placemark>
      <LineString>
        <tessellate>1</tessellate>
        <coordinates>
          4.5375,44.6691666667,0
          4.2391666667,45.0338888889,0
        </coordinates>
      </LineString>
    </Placemark>
    <Placemark>
      <LineString>
        <tessellate>1</tessellate>
        <coordinates>
          -0.9058333333,47.7313888889,0
          -1.2647222222,47.4405555556,0
        </coordinates>
      </LineString>
    </Placemark>
    <Placemark>
      <LineString>
        <tessellate>1</tessellate>
        <coordinates>
          0.2986111111,39.5386111111,0
          -0.18,39.4,0
        </coordinates>
      </LineString>
    </Placemark>
    <Placemark>
      <LineString>
        <tessellate>1</tessellate>
        <coordinates>
          0.2986111111,39.5386111111,0
          -0.4830555556,39.4855555556,0
        </coordinates>
      </LineString>
    </Placemark>
    <Placemark>
      <LineString>
        <tessellate>1</tessellate>
        <coordinates>
          0.2699069167,40.55538575,0
          0.385,40.8711111111,0
        </coordinates>
      </LineString>
    </Placemark>
    <Placemark>
      <LineString>
        <tessellate>1</tessellate>
        <coordinates>
          0.2699069167,40.55538575,0
          1.7058333333,40.9738888889,0
        </coordinates>
      </LineString>
    </Placemark>
    <Placemark>
      <LineString>
        <tessellate>1</tessellate>
        <coordinates>
          3.4197222222,46.1372222222,0
          3.48,46.0227777778,0
        </coordinates>
      </LineString>
    </Placemark>
    <Placemark>
      <LineString>
        <tessellate>1</tessellate>
        <coordinates>
          1.7833333333,46.2575,0
          1.3997222222,45.9491666667,0
        </coordinates>
      </LineString>
    </Placemark>
    <Placemark>
      <LineString>
        <tessellate>1</tessellate>
        <coordinates>
          2.0416666667,43.4522222222,0
          1.9088888889,43.4919444444,0
        </coordinates>
      </LineString>
    </Placemark>
    <Placemark>
      <LineString>
        <tessellate>1</tessellate>
        <coordinates>
          -3.1763888889,40.255,0
          -3.5532797167,40.4675938,0
        </coordinates>
      </LineString>
    </Placemark>
    <Placemark>
      <LineString>
        <tessellate>1</tessellate>
        <coordinates>
          -3.1763888889,40.255,0
          -3.4619205667,40.4949041667,0
        </coordinates>
      </LineString>
    </Placemark>
    <Placemark>
      <LineString>
        <tessellate>1</tessellate>
        <coordinates>
          2.7155555556,39.2758333333,0
          3.1255555556,39.3908333333,0
        </coordinates>
      </LineString>
    </Placemark>
    <Placemark>
      <LineString>
        <tessellate>1</tessellate>
        <coordinates>
          2.7155555556,39.2758333333,0
          2.7583333333,39.4352777778,0
        </coordinates>
      </LineString>
    </Placemark>
    <Placemark>
      <LineString>
        <tessellate>1</tessellate>
        <coordinates>
          2.7155555556,39.2758333333,0
          2.5180555556,38.5311111111,0
        </coordinates>
      </LineString>
    </Placemark>
    <Placemark>
      <LineString>
        <tessellate>1</tessellate>
        <coordinates>
          0.9797222222,43.0,0
          0.8727777778,43.8880555556,0
        </coordinates>
      </LineString>
    </Placemark>
    <Placemark>
      <LineString>
        <tessellate>1</tessellate>
        <coordinates>
          0.9797222222,43.0,0
          1.235,43.2922222222,0
        </coordinates>
      </LineString>
    </Placemark>
    <Placemark>
      <LineString>
        <tessellate>1</tessellate>
        <coordinates>
          -1.2630555556,39.0244444444,0
          -0.57,38.2683333333,0
        </coordinates>
      </LineString>
    </Placemark>
    <Placemark>
      <LineString>
        <tessellate>1</tessellate>
        <coordinates>
          -1.2630555556,39.0244444444,0
          -0.5444444444,39.2825,0
        </coordinates>
      </LineString>
    </Placemark>
    <Placemark>
      <LineString>
        <tessellate>1</tessellate>
        <coordinates>
          -1.2630555556,39.0244444444,0
          -1.7688888889,38.7191666667,0
        </coordinates>
      </LineString>
    </Placemark>
    <Placemark>
      <LineString>
        <tessellate>1</tessellate>
        <coordinates>
          -1.2630555556,39.0244444444,0
          -1.4955555556,39.2736111111,0
        </coordinates>
      </LineString>
    </Placemark>
    <Placemark>
      <LineString>
        <tessellate>1</tessellate>
        <coordinates>
          -1.2630555556,39.0244444444,0
          -0.5,39.2358333333,0
        </coordinates>
      </LineString>
    </Placemark>
    <Placemark>
      <LineString>
        <tessellate>1</tessellate>
        <coordinates>
          -1.2630555556,39.0244444444,0
          -0.8166666667,38.5397222222,0
        </coordinates>
      </LineString>
    </Placemark>
    <Placemark>
      <LineString>
        <tessellate>1</tessellate>
        <coordinates>
          -1.2630555556,39.0244444444,0
          -0.4830555556,39.4855555556,0
        </coordinates>
      </LineString>
    </Placemark>
    <Placemark>
      <LineString>
        <tessellate>1</tessellate>
        <coordinates>
          3.4086111111,46.8486111111,0
          2.9847222222,47.1183333333,0
        </coordinates>
      </LineString>
    </Placemark>
    <Placemark>
      <LineString>
        <tessellate>1</tessellate>
        <coordinates>
          3.4086111111,46.8486111111,0
          3.6316666667,46.7066666667,0
        </coordinates>
      </LineString>
    </Placemark>
    <Placemark>
      <LineString>
        <tessellate>1</tessellate>
        <coordinates>
          3.4086111111,46.8486111111,0
          3.4119444444,46.635,0
        </coordinates>
      </LineString>
    </Placemark>
    <Placemark>
      <LineString>
        <tessellate>1</tessellate>
        <coordinates>
          0.5583333333,43.6513888889,0
          0.8727777778,43.8880555556,0
        </coordinates>
      </LineString>
    </Placemark>
    <Placemark>
      <LineString>
        <tessellate>1</tessellate>
        <coordinates>
          0.5583333333,43.6513888889,0
          0.1458333333,43.3322222222,0
        </coordinates>
      </LineString>
    </Placemark>
    <Placemark>
      <LineString>
        <tessellate>1</tessellate>
        <coordinates>
          0.5583333333,43.6513888889,0
          1.3097222222,43.6808333333,0
        </coordinates>
      </LineString>
    </Placemark>
    <Placemark>
      <LineString>
        <tessellate>1</tessellate>
        <coordinates>
          0.5583333333,43.6513888889,0
          1.0252777778,43.5305555556,0
        </coordinates>
      </LineString>
    </Placemark>
    <Placemark>
      <LineString>
        <tessellate>1</tessellate>
        <coordinates>
          1.6475,44.3786111111,0
          1.8241666667,43.9541666667,0
        </coordinates>
      </LineString>
    </Placemark>
    <Placemark>
      <LineString>
        <tessellate>1</tessellate>
        <coordinates>
          1.6475,44.3786111111,0
          1.5302777778,44.6541666667,0
        </coordinates>
      </LineString>
    </Placemark>
    <Placemark>
      <LineString>
        <tessellate>1</tessellate>
        <coordinates>
          1.6475,44.3786111111,0
          2.6072222222,44.3319444444,0
        </coordinates>
      </LineString>
    </Placemark>
    <Placemark>
      <LineString>
        <tessellate>1</tessellate>
        <coordinates>
          -4.55,40.6247222222,0
          -4.2994444444,40.4113888889,0
        </coordinates>
      </LineString>
    </Placemark>
    <Placemark>
      <LineString>
        <tessellate>1</tessellate>
        <coordinates>
          -4.55,40.6247222222,0
          -4.2494444444,40.3686111111,0
        </coordinates>
      </LineString>
    </Placemark>
    <Placemark>
      <LineString>
        <tessellate>1</tessellate>
        <coordinates>
          3.8133333333,47.56,0
          3.6794444444,46.9338888889,0
        </coordinates>
      </LineString>
    </Placemark>
    <Placemark>
      <LineString>
        <tessellate>1</tessellate>
        <coordinates>
          3.8133333333,47.56,0
          3.365,47.1452777778,0
        </coordinates>
      </LineString>
    </Placemark>
    <Placemark>
      <LineString>
        <tessellate>1</tessellate>
        <coordinates>
          4.7463888889,43.9952777778,0
          4.5375,44.6691666667,0
        </coordinates>
      </LineString>
    </Placemark>
    <Placemark>
      <LineString>
        <tessellate>1</tessellate>
        <coordinates>
          4.7463888889,43.9952777778,0
          4.7769444444,43.0561111111,0
        </coordinates>
      </LineString>
    </Placemark>
    <Placemark>
      <LineString>
        <tessellate>1</tessellate>
        <coordinates>
          4.7463888889,43.9952777778,0
          4.9022473667,43.90801585,0
        </coordinates>
      </LineString>
    </Placemark>
    <Placemark>
      <LineString>
        <tessellate>1</tessellate>
        <coordinates>
          4.7463888889,43.9952777778,0
          4.7797222222,44.555,0
        </coordinates>
      </LineString>
    </Placemark>
    <Placemark>
      <LineString>
        <tessellate>1</tessellate>
        <coordinates>
          4.7463888889,43.9952777778,0
          4.7538888889,44.1202777778,0
        </coordinates>
      </LineString>
    </Placemark>
    <Placemark>
      <LineString>
        <tessellate>1</tessellate>
        <coordinates>
          3.1705555556,44.0863888889,0
          3.9747222222,43.5783333333,0
        </coordinates>
      </LineString>
    </Placemark>
    <Placemark>
      <LineString>
        <tessellate>1</tessellate>
        <coordinates>
          3.1705555556,44.0863888889,0
          3.025,43.7508333333,0
        </coordinates>
      </LineString>
    </Placemark>
    <Placemark>
      <LineString>
        <tessellate>1</tessellate>
        <coordinates>
          -2.7966666667,43.7363888889,0
          -2.7386111111,43.9141666667,0
        </coordinates>
      </LineString>
    </Placemark>
    <Placemark>
      <LineString>
        <tessellate>1</tessellate>
        <coordinates>
          -2.7966666667,43.7363888889,0
          -3.1502777778,44.0513888889,0
        </coordinates>
      </LineString>
    </Placemark>
    <Placemark>
      <LineString>
        <tessellate>1</tessellate>
        <coordinates>
          -2.7966666667,43.7363888889,0
          -1.8816666667,42.9011111111,0
        </coordinates>
      </LineString>
    </Placemark>
    <Placemark>
      <LineString>
        <tessellate>1</tessellate>
        <coordinates>
          -2.8811111111,47.5833333333,0
          -3.1566666667,47.7438888889,0
        </coordinates>
      </LineString>
    </Placemark>
    <Placemark>
      <LineString>
        <tessellate>1</tessellate>
        <coordinates>
          -2.0947222222,43.0983333333,0
          -2.2363888889,42.9836111111,0
        </coordinates>
      </LineString>
    </Placemark>
    <Placemark>
      <LineString>
        <tessellate>1</tessellate>
        <coordinates>
          -0.0972222222,43.2097222222,0
          -0.4200931333,43.3790863167,0
        </coordinates>
      </LineString>
    </Placemark>
    <Placemark>
      <LineString>
        <tessellate>1</tessellate>
        <coordinates>
          2.5297923833,39.4570359667,0
          2.3958333333,39.5494444444,0
        </coordinates>
      </LineString>
    </Placemark>
    <Placemark>
      <LineString>
        <tessellate>1</tessellate>
        <coordinates>
          2.5297923833,39.4570359667,0
          1.4108333333,39.3725,0
        </coordinates>
      </LineString>
    </Placemark>
    <Placemark>
      <LineString>
        <tessellate>1</tessellate>
        <coordinates>
          3.5313888889,46.5,0
          3.3872222222,46.1991666667,0
        </coordinates>
      </LineString>
    </Placemark>
    <Placemark>
      <LineString>
        <tessellate>1</tessellate>
        <coordinates>
          -1.6380555556,47.3469444444,0
          -0.9058333333,47.7313888889,0
        </coordinates>
      </LineString>
    </Placemark>
    <Placemark>
      <LineString>
        <tessellate>1</tessellate>
        <coordinates>
          -1.6380555556,47.3469444444,0
          -1.6738888889,47.6180555556,0
        </coordinates>
      </LineString>
    </Placemark>
    <Placemark>
      <LineString>
        <tessellate>1</tessellate>
        <coordinates>
          1.0333333333,46.5161111111,0
          1.3997222222,45.9491666667,0
        </coordinates>
      </LineString>
    </Placemark>
    <Placemark>
      <LineString>
        <tessellate>1</tessellate>
        <coordinates>
          1.0333333333,46.5161111111,0
          1.4777777778,46.4741666667,0
        </coordinates>
      </LineString>
    </Placemark>
    <Placemark>
      <LineString>
        <tessellate>1</tessellate>
        <coordinates>
          1.0333333333,46.5161111111,0
          1.0255555556,45.8158333333,0
        </coordinates>
      </LineString>
    </Placemark>
    <Placemark>
      <LineString>
        <tessellate>1</tessellate>
        <coordinates>
          1.0333333333,46.5161111111,0
          1.3394444444,46.0302777778,0
        </coordinates>
      </LineString>
    </Placemark>
    <Placemark>
      <LineString>
        <tessellate>1</tessellate>
        <coordinates>
          1.0333333333,46.5161111111,0
          1.055,47.0258333333,0
        </coordinates>
      </LineString>
    </Placemark>
    <Placemark>
      <LineString>
        <tessellate>1</tessellate>
        <coordinates>
          1.0333333333,46.5161111111,0
          0.7808333333,46.5388888889,0
        </coordinates>
      </LineString>
    </Placemark>
    <Placemark>
      <LineString>
        <tessellate>1</tessellate>
        <coordinates>
          0.5227777778,41.23,0
          0.5658333333,41.3416666667,0
        </coordinates>
      </LineString>
    </Placemark>
    <Placemark>
      <LineString>
        <tessellate>1</tessellate>
        <coordinates>
          4.6397222222,47.8466666667,0
          4.2563888889,47.8075,0
        </coordinates>
      </LineString>
    </Placemark>
    <Placemark>
      <LineString>
        <tessellate>1</tessellate>
        <coordinates>
          -1.6738888889,47.6180555556,0
          -2.5008333333,47.685,0
        </coordinates>
      </LineString>
    </Placemark>
    <Placemark>
      <LineString>
        <tessellate>1</tessellate>
        <coordinates>
          -1.6738888889,47.6180555556,0
          -1.5175,47.5997222222,0
        </coordinates>
      </LineString>
    </Placemark>
    <Placemark>
      <LineString>
        <tessellate>1</tessellate>
        <coordinates>
          -2.5617187167,40.8278145667,0
          -2.8166666667,40.6563888833,0
        </coordinates>
      </LineString>
    </Placemark>
    <Placemark>
      <LineString>
        <tessellate>1</tessellate>
        <coordinates>
          2.8466666667,42.1266666667,0
          2.8063692167,42.02418775,0
        </coordinates>
      </LineString>
    </Placemark>
    <Placemark>
      <LineString>
        <tessellate>1</tessellate>
        <coordinates>
          -2.6302777833,41.3236111167,0
          -2.5333333333,41.4736111111,0
        </coordinates>
      </LineString>
    </Placemark>
    <Placemark>
      <LineString>
        <tessellate>1</tessellate>
        <coordinates>
          -2.6302777833,41.3236111167,0
          -3.2477777778,40.6455555556,0
        </coordinates>
      </LineString>
    </Placemark>
    <Placemark>
      <LineString>
        <tessellate>1</tessellate>
        <coordinates>
          -2.6302777833,41.3236111167,0
          -2.8597222222,41.2272222222,0
        </coordinates>
      </LineString>
    </Placemark>
    <Placemark>
      <LineString>
        <tessellate>1</tessellate>
        <coordinates>
          -2.6302777833,41.3236111167,0
          -2.5991666667,40.9802777778,0
        </coordinates>
      </LineString>
    </Placemark>
    <Placemark>
      <LineString>
        <tessellate>1</tessellate>
        <coordinates>
          0.9027777778,42.4488888889,0
          0.9972222222,42.7747222222,0
        </coordinates>
      </LineString>
    </Placemark>
    <Placemark>
      <LineString>
        <tessellate>1</tessellate>
        <coordinates>
          2.9875,44.1147222222,0
          2.8691666667,43.7741666667,0
        </coordinates>
      </LineString>
    </Placemark>
    <Placemark>
      <LineString>
        <tessellate>1</tessellate>
        <coordinates>
          2.9875,44.1147222222,0
          3.18374735,43.997353,0
        </coordinates>
      </LineString>
    </Placemark>
    <Placemark>
      <LineString>
        <tessellate>1</tessellate>
        <coordinates>
          2.9875,44.1147222222,0
          3.1625,44.6083333333,0
        </coordinates>
      </LineString>
    </Placemark>
    <Placemark>
      <LineString>
        <tessellate>1</tessellate>
        <coordinates>
          2.9875,44.1147222222,0
          2.6072222222,44.3319444444,0
        </coordinates>
      </LineString>
    </Placemark>
    <Placemark>
      <LineString>
        <tessellate>1</tessellate>
        <coordinates>
          3.1225,39.54444445,0
          3.1255555556,39.3908333333,0
        </coordinates>
      </LineString>
    </Placemark>
    <Placemark>
      <LineString>
        <tessellate>1</tessellate>
        <coordinates>
          3.1225,39.54444445,0
          2.7583333333,39.4352777778,0
        </coordinates>
      </LineString>
    </Placemark>
    <Placemark>
      <LineString>
        <tessellate>1</tessellate>
        <coordinates>
          3.1225,39.54444445,0
          3.3747222167,39.6191666667,0
        </coordinates>
      </LineString>
    </Placemark>
    <Placemark>
      <LineString>
        <tessellate>1</tessellate>
        <coordinates>
          0.675,38.8797222222,0
          0.4833333333,38.82,0
        </coordinates>
      </LineString>
    </Placemark>
    <Placemark>
      <LineString>
        <tessellate>1</tessellate>
        <coordinates>
          2.0768662333,41.2972901333,0
          1.9872222222,41.2658333333,0
        </coordinates>
      </LineString>
    </Placemark>
    <Placemark>
      <LineString>
        <tessellate>1</tessellate>
        <coordinates>
          2.0768662333,41.2972901333,0
          2.0225334833,41.5145652667,0
        </coordinates>
      </LineString>
    </Placemark>
    <Placemark>
      <LineString>
        <tessellate>1</tessellate>
        <coordinates>
          2.39200505,40.9109612167,0
          3.4886111111,41.5447222222,0
        </coordinates>
      </LineString>
    </Placemark>
    <Placemark>
      <LineString>
        <tessellate>1</tessellate>
        <coordinates>
          2.39200505,40.9109612167,0
          3.7569444444,41.1530555556,0
        </coordinates>
      </LineString>
    </Placemark>
    <Placemark>
      <LineString>
        <tessellate>1</tessellate>
        <coordinates>
          2.3655927667,41.0132562,0
          2.2063888889,41.0708333333,0
        </coordinates>
      </LineString>
    </Placemark>
    <Placemark>
      <LineString>
        <tessellate>1</tessellate>
        <coordinates>
          1.8076067,41.1447914333,0
          0.7388888889,40.8686111111,0
        </coordinates>
      </LineString>
    </Placemark>
    <Placemark>
      <LineString>
        <tessellate>1</tessellate>
        <coordinates>
          1.3997222222,45.9491666667,0
          2.8255555556,45.5372222222,0
        </coordinates>
      </LineString>
    </Placemark>
    <Placemark>
      <LineString>
        <tessellate>1</tessellate>
        <coordinates>
          1.3997222222,45.9491666667,0
          2.0894444444,46.19,0
        </coordinates>
      </LineString>
    </Placemark>
    <Placemark>
      <LineString>
        <tessellate>1</tessellate>
        <coordinates>
          1.3997222222,45.9491666667,0
          2.2613888889,45.9811111111,0
        </coordinates>
      </LineString>
    </Placemark>
    <Placemark>
      <LineString>
        <tessellate>1</tessellate>
        <coordinates>
          1.3997222222,45.9491666667,0
          1.0255555556,45.8158333333,0
        </coordinates>
      </LineString>
    </Placemark>
    <Placemark>
      <LineString>
        <tessellate>1</tessellate>
        <coordinates>
          1.3997222222,45.9491666667,0
          1.4797222222,45.5794444444,0
        </coordinates>
      </LineString>
    </Placemark>
    <Placemark>
      <LineString>
        <tessellate>1</tessellate>
        <coordinates>
          -0.7719444444,39.0691666667,0
          -0.5444444444,39.2825,0
        </coordinates>
      </LineString>
    </Placemark>
    <Placemark>
      <LineString>
        <tessellate>1</tessellate>
        <coordinates>
          -0.7719444444,39.0691666667,0
          -0.9986111111,38.7383333333,0
        </coordinates>
      </LineString>
    </Placemark>
    <Placemark>
      <LineString>
        <tessellate>1</tessellate>
        <coordinates>
          -0.7719444444,39.0691666667,0
          -0.4830555556,39.4855555556,0
        </coordinates>
      </LineString>
    </Placemark>
    <Placemark>
      <LineString>
        <tessellate>1</tessellate>
        <coordinates>
          -1.4508333333,43.0583333333,0
          -1.4913888889,43.2838888889,0
        </coordinates>
      </LineString>
    </Placemark>
    <Placemark>
      <LineString>
        <tessellate>1</tessellate>
        <coordinates>
          -1.4508333333,43.0583333333,0
          -1.5,42.995,0
        </coordinates>
      </LineString>
    </Placemark>
    <Placemark>
      <LineString>
        <tessellate>1</tessellate>
        <coordinates>
          -1.4508333333,43.0583333333,0
          -1.7019444444,42.7338888889,0
        </coordinates>
      </LineString>
    </Placemark>
    <Placemark>
      <LineString>
        <tessellate>1</tessellate>
        <coordinates>
          -2.7386111111,43.9141666667,0
          -2.25,46.0519444444,0
        </coordinates>
      </LineString>
    </Placemark>
    <Placemark>
      <LineString>
        <tessellate>1</tessellate>
        <coordinates>
          4.1316666667,45.7916666667,0
          4.5138888889,45.73,0
        </coordinates>
      </LineString>
    </Placemark>
    <Placemark>
      <LineString>
        <tessellate>1</tessellate>
        <coordinates>
          4.1316666667,45.7916666667,0
          4.1083333333,45.835,0
        </coordinates>
      </LineString>
    </Placemark>
    <Placemark>
      <LineString>
        <tessellate>1</tessellate>
        <coordinates>
          4.1316666667,45.7916666667,0
          3.5536111111,45.8819444444,0
        </coordinates>
      </LineString>
    </Placemark>
    <Placemark>
      <LineString>
        <tessellate>1</tessellate>
        <coordinates>
          4.045,45.9525,0
          4.1083333333,45.835,0
        </coordinates>
      </LineString>
    </Placemark>
    <Placemark>
      <LineString>
        <tessellate>1</tessellate>
        <coordinates>
          4.045,45.9525,0
          3.9991666667,46.0591666667,0
        </coordinates>
      </LineString>
    </Placemark>
    <Placemark>
      <LineString>
        <tessellate>1</tessellate>
        <coordinates>
          -0.7597222222,46.1655555556,0
          -1.1755036,46.18063915,0
        </coordinates>
      </LineString>
    </Placemark>
    <Placemark>
      <LineString>
        <tessellate>1</tessellate>
        <coordinates>
          2.0319444444,42.1713888889,0
          2.0602777778,41.9352777778,0
        </coordinates>
      </LineString>
    </Placemark>
    <Placemark>
      <LineString>
        <tessellate>1</tessellate>
        <coordinates>
          2.0319444444,42.1713888889,0
          2.0722222222,41.8366666667,0
        </coordinates>
      </LineString>
    </Placemark>
    <Placemark>
      <LineString>
        <tessellate>1</tessellate>
        <coordinates>
          0.9308333333,47.0119444444,0
          1.0644444444,47.4288888889,0
        </coordinates>
      </LineString>
    </Placemark>
    <Placemark>
      <LineString>
        <tessellate>1</tessellate>
        <coordinates>
          -3.4847222222,39.5744444444,0
          -3.4641666667,39.7808333333,0
        </coordinates>
      </LineString>
    </Placemark>
    <Placemark>
      <LineString>
        <tessellate>1</tessellate>
        <coordinates>
          3.2086111167,41.9477777833,0
          2.8466666667,42.1266666667,0
        </coordinates>
      </LineString>
    </Placemark>
    <Placemark>
      <LineString>
        <tessellate>1</tessellate>
        <coordinates>
          3.2086111167,41.9477777833,0
          4.415,42.0797222222,0
        </coordinates>
      </LineString>
    </Placemark>
    <Placemark>
      <LineString>
        <tessellate>1</tessellate>
        <coordinates>
          3.2086111167,41.9477777833,0
          3.1961111111,41.6797222222,0
        </coordinates>
      </LineString>
    </Placemark>
    <Placemark>
      <LineString>
        <tessellate>1</tessellate>
        <coordinates>
          3.2086111167,41.9477777833,0
          2.7716666667,41.9313888889,0
        </coordinates>
      </LineString>
    </Placemark>
    <Placemark>
      <LineString>
        <tessellate>1</tessellate>
        <coordinates>
          3.2086111167,41.9477777833,0
          2.7513888889,41.6844444444,0
        </coordinates>
      </LineString>
    </Placemark>
    <Placemark>
      <LineString>
        <tessellate>1</tessellate>
        <coordinates>
          3.2086111167,41.9477777833,0
          2.9961111111,41.7236111111,0
        </coordinates>
      </LineString>
    </Placemark>
    <Placemark>
      <LineString>
        <tessellate>1</tessellate>
        <coordinates>
          3.2086111167,41.9477777833,0
          3.7569444444,41.1530555556,0
        </coordinates>
      </LineString>
    </Placemark>
    <Placemark>
      <LineString>
        <tessellate>1</tessellate>
        <coordinates>
          -0.3977777778,44.8705555556,0
          -0.70784045,44.83395675,0
        </coordinates>
      </LineString>
    </Placemark>
    <Placemark>
      <LineString>
        <tessellate>1</tessellate>
        <coordinates>
          0.5110792167,44.8180360667,0
          0.5302620833,44.8151968667,0
        </coordinates>
      </LineString>
    </Placemark>
    <Placemark>
      <LineString>
        <tessellate>1</tessellate>
        <coordinates>
          0.5110792167,44.8180360667,0
          1.5602792333,45.01072215,0
        </coordinates>
      </LineString>
    </Placemark>
    <Placemark>
      <LineString>
        <tessellate>1</tessellate>
        <coordinates>
          0.5110792167,44.8180360667,0
          0.9044444444,44.2966666667,0
        </coordinates>
      </LineString>
    </Placemark>
    <Placemark>
      <LineString>
        <tessellate>1</tessellate>
        <coordinates>
          0.5110792167,44.8180360667,0
          0.5,45.0,0
        </coordinates>
      </LineString>
    </Placemark>
    <Placemark>
      <LineString>
        <tessellate>1</tessellate>
        <coordinates>
          0.5110792167,44.8180360667,0
          -0.19,44.8897222222,0
        </coordinates>
      </LineString>
    </Placemark>
    <Placemark>
      <LineString>
        <tessellate>1</tessellate>
        <coordinates>
          0.5110792167,44.8180360667,0
          0.8880555556,44.0883333333,0
        </coordinates>
      </LineString>
    </Placemark>
    <Placemark>
      <LineString>
        <tessellate>1</tessellate>
        <coordinates>
          0.5110792167,44.8180360667,0
          0.6180555556,45.1141666667,0
        </coordinates>
      </LineString>
    </Placemark>
    <Placemark>
      <LineString>
        <tessellate>1</tessellate>
        <coordinates>
          0.5110792167,44.8180360667,0
          -0.1530555556,44.6769444444,0
        </coordinates>
      </LineString>
    </Placemark>
    <Placemark>
      <LineString>
        <tessellate>1</tessellate>
        <coordinates>
          0.5110792167,44.8180360667,0
          0.1555555556,44.98,0
        </coordinates>
      </LineString>
    </Placemark>
    <Placemark>
      <LineString>
        <tessellate>1</tessellate>
        <coordinates>
          0.6191666667,44.8194444444,0
          0.5302620833,44.8151968667,0
        </coordinates>
      </LineString>
    </Placemark>
    <Placemark>
      <LineString>
        <tessellate>1</tessellate>
        <coordinates>
          -1.1355555556,43.4172222222,0
          -1.5102777778,43.4666666667,0
        </coordinates>
      </LineString>
    </Placemark>
    <Placemark>
      <LineString>
        <tessellate>1</tessellate>
        <coordinates>
          -1.1355555556,43.4172222222,0
          -0.7166666667,43.3655555556,0
        </coordinates>
      </LineString>
    </Placemark>
    <Placemark>
      <LineString>
        <tessellate>1</tessellate>
        <coordinates>
          -1.1355555556,43.4172222222,0
          -0.9,43.3869444444,0
        </coordinates>
      </LineString>
    </Placemark>
    <Placemark>
      <LineString>
        <tessellate>1</tessellate>
        <coordinates>
          -1.1355555556,43.4172222222,0
          -1.3736111111,43.4769444444,0
        </coordinates>
      </LineString>
    </Placemark>
    <Placemark>
      <LineString>
        <tessellate>1</tessellate>
        <coordinates>
          3.6258333333,42.0863888889,0
          3.2086111167,41.9477777833,0
        </coordinates>
      </LineString>
    </Placemark>
    <Placemark>
      <LineString>
        <tessellate>1</tessellate>
        <coordinates>
          3.6258333333,42.0863888889,0
          3.0251583167,41.65430415,0
        </coordinates>
      </LineString>
    </Placemark>
    <Placemark>
      <LineString>
        <tessellate>1</tessellate>
        <coordinates>
          2.4561111111,44.0652777778,0
          3.1625,44.6083333333,0
        </coordinates>
      </LineString>
    </Placemark>
    <Placemark>
      <LineString>
        <tessellate>1</tessellate>
        <coordinates>
          2.4561111111,44.0652777778,0
          2.6072222222,44.3319444444,0
        </coordinates>
      </LineString>
    </Placemark>
    <Placemark>
      <LineString>
        <tessellate>1</tessellate>
        <coordinates>
          1.6891666667,41.3186111111,0
          1.6738888889,41.4172222222,0
        </coordinates>
      </LineString>
    </Placemark>
    <Placemark>
      <LineString>
        <tessellate>1</tessellate>
        <coordinates>
          3.0251583167,41.65430415,0
          2.8719444444,41.4030555556,0
        </coordinates>
      </LineString>
    </Placemark>
    <Placemark>
      <LineString>
        <tessellate>1</tessellate>
        <coordinates>
          2.2995525333,40.8607578667,0
          2.39200505,40.9109612167,0
        </coordinates>
      </LineString>
    </Placemark>
    <Placemark>
      <LineString>
        <tessellate>1</tessellate>
        <coordinates>
          2.2995525333,40.8607578667,0
          3.1575,40.8638888889,0
        </coordinates>
      </LineString>
    </Placemark>
    <Placemark>
      <LineString>
        <tessellate>1</tessellate>
        <coordinates>
          2.278676,40.9369960167,0
          3.3577777778,41.7338888889,0
        </coordinates>
      </LineString>
    </Placemark>
    <Placemark>
      <LineString>
        <tessellate>1</tessellate>
        <coordinates>
          3.6444444444,40.6527777778,0
          3.57,40.3169444444,0
        </coordinates>
      </LineString>
    </Placemark>
    <Placemark>
      <LineString>
        <tessellate>1</tessellate>
        <coordinates>
          -3.625,38.1525,0
          -3.2213888889,39.0,0
        </coordinates>
      </LineString>
    </Placemark>
    <Placemark>
      <LineString>
        <tessellate>1</tessellate>
        <coordinates>
          -3.625,38.1525,0
          -3.5422222222,39.0,0
        </coordinates>
      </LineString>
    </Placemark>
    <Placemark>
      <LineString>
        <tessellate>1</tessellate>
        <coordinates>
          -3.625,38.1525,0
          -2.3525,38.3608333333,0
        </coordinates>
      </LineString>
    </Placemark>
    <Placemark>
      <LineString>
        <tessellate>1</tessellate>
        <coordinates>
          -2.9358333333,43.3044444444,0
          -2.7966666667,43.7363888889,0
        </coordinates>
      </LineString>
    </Placemark>
    <Placemark>
      <LineString>
        <tessellate>1</tessellate>
        <coordinates>
          -2.9358333333,43.3044444444,0
          -2.2363888889,42.9836111111,0
        </coordinates>
      </LineString>
    </Placemark>
    <Placemark>
      <LineString>
        <tessellate>1</tessellate>
        <coordinates>
          -2.9358333333,43.3044444444,0
          -3.3166666667,43.6805555556,0
        </coordinates>
      </LineString>
    </Placemark>
    <Placemark>
      <LineString>
        <tessellate>1</tessellate>
        <coordinates>
          -2.9358333333,43.3044444444,0
          -2.9608333333,42.6386111111,0
        </coordinates>
      </LineString>
    </Placemark>
    <Placemark>
      <LineString>
        <tessellate>1</tessellate>
        <coordinates>
          -2.9358333333,43.3044444444,0
          -4.1091666667,42.0275,0
        </coordinates>
      </LineString>
    </Placemark>
    <Placemark>
      <LineString>
        <tessellate>1</tessellate>
        <coordinates>
          -2.9358333333,43.3044444444,0
          -3.1502777778,44.0513888889,0
        </coordinates>
      </LineString>
    </Placemark>
    <Placemark>
      <LineString>
        <tessellate>1</tessellate>
        <coordinates>
          -2.9358333333,43.3044444444,0
          -3.3169444444,43.2925,0
        </coordinates>
      </LineString>
    </Placemark>
    <Placemark>
      <LineString>
        <tessellate>1</tessellate>
        <coordinates>
          -2.9358333333,43.3044444444,0
          -2.8402777778,43.9486111111,0
        </coordinates>
      </LineString>
    </Placemark>
    <Placemark>
      <LineString>
        <tessellate>1</tessellate>
        <coordinates>
          -2.9358333333,43.3044444444,0
          -3.9025,43.4497222222,0
        </coordinates>
      </LineString>
    </Placemark>
    <Placemark>
      <LineString>
        <tessellate>1</tessellate>
        <coordinates>
          -2.9358333333,43.3044444444,0
          -1.8302777778,43.3111111111,0
        </coordinates>
      </LineString>
    </Placemark>
    <Placemark>
      <LineString>
        <tessellate>1</tessellate>
        <coordinates>
          -0.7092621833,44.82660535,0
          -0.70784045,44.83395675,0
        </coordinates>
      </LineString>
    </Placemark>
    <Placemark>
      <LineString>
        <tessellate>1</tessellate>
        <coordinates>
          -0.7092621833,44.82660535,0
          -0.773406,44.7937763833,0
        </coordinates>
      </LineString>
    </Placemark>
    <Placemark>
      <LineString>
        <tessellate>1</tessellate>
        <coordinates>
          -0.773406,44.7937763833,0
          -0.7756432667,44.9930355667,0
        </coordinates>
      </LineString>
    </Placemark>
    <Placemark>
      <LineString>
        <tessellate>1</tessellate>
        <coordinates>
          -0.773406,44.7937763833,0
          -0.6902777778,44.2,0
        </coordinates>
      </LineString>
    </Placemark>
    <Placemark>
      <LineString>
        <tessellate>1</tessellate>
        <coordinates>
          -0.773406,44.7937763833,0
          -0.7131885333,44.6890844167,0
        </coordinates>
      </LineString>
    </Placemark>
    <Placemark>
      <LineString>
        <tessellate>1</tessellate>
        <coordinates>
          -0.7756432667,44.9930355667,0
          -1.0366666667,45.6666666667,0
        </coordinates>
      </LineString>
    </Placemark>
    <Placemark>
      <LineString>
        <tessellate>1</tessellate>
        <coordinates>
          -0.7211111111,44.8269444444,0
          -0.3116666667,45.6594444444,0
        </coordinates>
      </LineString>
    </Placemark>
    <Placemark>
      <LineString>
        <tessellate>1</tessellate>
        <coordinates>
          -0.7211111111,44.8269444444,0
          -0.3543438167,45.6357014833,0
        </coordinates>
      </LineString>
    </Placemark>
    <Placemark>
      <LineString>
        <tessellate>1</tessellate>
        <coordinates>
          -0.7211111111,44.8269444444,0
          -0.6902777778,44.2,0
        </coordinates>
      </LineString>
    </Placemark>
    <Placemark>
      <LineString>
        <tessellate>1</tessellate>
        <coordinates>
          -0.7211111111,44.8269444444,0
          -1.0366666667,45.6666666667,0
        </coordinates>
      </LineString>
    </Placemark>
    <Placemark>
      <LineString>
        <tessellate>1</tessellate>
        <coordinates>
          -0.7211111111,44.8269444444,0
          -0.1530555556,44.6769444444,0
        </coordinates>
      </LineString>
    </Placemark>
    <Placemark>
      <LineString>
        <tessellate>1</tessellate>
        <coordinates>
          -1.1902777778,46.8383333333,0
          -0.8611111111,46.5833333333,0
        </coordinates>
      </LineString>
    </Placemark>
    <Placemark>
      <LineString>
        <tessellate>1</tessellate>
        <coordinates>
          -1.1902777778,46.8383333333,0
          -1.1466666667,46.93,0
        </coordinates>
      </LineString>
    </Placemark>
    <Placemark>
      <LineString>
        <tessellate>1</tessellate>
        <coordinates>
          -1.1902777778,46.8383333333,0
          -1.6130555556,47.1608333333,0
        </coordinates>
      </LineString>
    </Placemark>
    <Placemark>
      <LineString>
        <tessellate>1</tessellate>
        <coordinates>
          4.9852777778,46.3241666667,0
          4.9527777778,46.5,0
        </coordinates>
      </LineString>
    </Placemark>
    <Placemark>
      <LineString>
        <tessellate>1</tessellate>
        <coordinates>
          -3.8247222222,39.5061111111,0
          -4.5563888889,38.9386111111,0
        </coordinates>
      </LineString>
    </Placemark>
    <Placemark>
      <LineString>
        <tessellate>1</tessellate>
        <coordinates>
          -3.8247222222,39.5061111111,0
          -3.4641666667,39.7808333333,0
        </coordinates>
      </LineString>
    </Placemark>
    <Placemark>
      <LineString>
        <tessellate>1</tessellate>
        <coordinates>
          0.75,43.3113888889,0
          1.235,43.2922222222,0
        </coordinates>
      </LineString>
    </Placemark>
    <Placemark>
      <LineString>
        <tessellate>1</tessellate>
        <coordinates>
          0.6916666667,47.0469444444,0
          1.0333333333,46.5161111111,0
        </coordinates>
      </LineString>
    </Placemark>
    <Placemark>
      <LineString>
        <tessellate>1</tessellate>
        <coordinates>
          0.6916666667,47.0469444444,0
          0.7386111111,47.4955555556,0
        </coordinates>
      </LineString>
    </Placemark>
    <Placemark>
      <LineString>
        <tessellate>1</tessellate>
        <coordinates>
          3.315,43.3341666667,0
          4.7769444444,43.0561111111,0
        </coordinates>
      </LineString>
    </Placemark>
    <Placemark>
      <LineString>
        <tessellate>1</tessellate>
        <coordinates>
          3.315,43.3341666667,0
          2.8575,43.4166666667,0
        </coordinates>
      </LineString>
    </Placemark>
    <Placemark>
      <LineString>
        <tessellate>1</tessellate>
        <coordinates>
          3.315,43.3341666667,0
          2.8672222222,42.7505555556,0
        </coordinates>
      </LineString>
    </Placemark>
    <Placemark>
      <LineString>
        <tessellate>1</tessellate>
        <coordinates>
          0.02611465,45.9422267333,0
          0.7808333333,46.5388888889,0
        </coordinates>
      </LineString>
    </Placemark>
    <Placemark>
      <LineString>
        <tessellate>1</tessellate>
        <coordinates>
          -3.5205555556,40.3408333333,0
          -3.7244444444,40.1108333333,0
        </coordinates>
      </LineString>
    </Placemark>
    <Placemark>
      <LineString>
        <tessellate>1</tessellate>
        <coordinates>
          -3.5205555556,40.3408333333,0
          -3.5647222222,40.7669444444,0
        </coordinates>
      </LineString>
    </Placemark>
    <Placemark>
      <LineString>
        <tessellate>1</tessellate>
        <coordinates>
          -3.5450642833,40.5573756333,0
          -3.3848052833,40.7204721667,0
        </coordinates>
      </LineString>
    </Placemark>
    <Placemark>
      <LineString>
        <tessellate>1</tessellate>
        <coordinates>
          -3.5636953333,40.7230416333,0
          -4.2494444444,40.3686111111,0
        </coordinates>
      </LineString>
    </Placemark>
    <Placemark>
      <LineString>
        <tessellate>1</tessellate>
        <coordinates>
          -2.0780555556,41.0791666667,0
          -1.3619444444,42.1316666667,0
        </coordinates>
      </LineString>
    </Placemark>
    <Placemark>
      <LineString>
        <tessellate>1</tessellate>
        <coordinates>
          -2.0780555556,41.0791666667,0
          -1.455,41.1936111111,0
        </coordinates>
      </LineString>
    </Placemark>
    <Placemark>
      <LineString>
        <tessellate>1</tessellate>
        <coordinates>
          -2.0780555556,41.0791666667,0
          -1.0553142667,41.6611099667,0
        </coordinates>
      </LineString>
    </Placemark>
    <Placemark>
      <LineString>
        <tessellate>1</tessellate>
        <coordinates>
          0.1538888889,42.4244444444,0
          0.1572222222,42.0613888889,0
        </coordinates>
      </LineString>
    </Placemark>
    <Placemark>
      <LineString>
        <tessellate>1</tessellate>
        <coordinates>
          0.4833333333,38.6083333333,0
          -0.0136111111,38.4494444444,0
        </coordinates>
      </LineString>
    </Placemark>
    <Placemark>
      <LineString>
        <tessellate>1</tessellate>
        <coordinates>
          0.4833333333,38.6083333333,0
          0.675,38.6688888889,0
        </coordinates>
      </LineString>
    </Placemark>
    <Placemark>
      <LineString>
        <tessellate>1</tessellate>
        <coordinates>
          1.5413500667,45.0140615833,0
          1.2380555556,45.3327777778,0
        </coordinates>
      </LineString>
    </Placemark>
    <Placemark>
      <LineString>
        <tessellate>1</tessellate>
        <coordinates>
          1.5413500667,45.0140615833,0
          0.9694444444,45.1172222222,0
        </coordinates>
      </LineString>
    </Placemark>
    <Placemark>
      <LineString>
        <tessellate>1</tessellate>
        <coordinates>
          1.5413500667,45.0140615833,0
          1.4775,44.7802777778,0
        </coordinates>
      </LineString>
    </Placemark>
    <Placemark>
      <LineString>
        <tessellate>1</tessellate>
        <coordinates>
          -1.5380027333,43.4736401167,0
          -1.1355555556,43.4172222222,0
        </coordinates>
      </LineString>
    </Placemark>
    <Placemark>
      <LineString>
        <tessellate>1</tessellate>
        <coordinates>
          -1.5380027333,43.4736401167,0
          -1.4913888889,43.2838888889,0
        </coordinates>
      </LineString>
    </Placemark>
    <Placemark>
      <LineString>
        <tessellate>1</tessellate>
        <coordinates>
          -1.5380027333,43.4736401167,0
          -0.6902777778,44.2,0
        </coordinates>
      </LineString>
    </Placemark>
    <Placemark>
      <LineString>
        <tessellate>1</tessellate>
        <coordinates>
          -1.5380027333,43.4736401167,0
          -1.7402777778,43.355,0
        </coordinates>
      </LineString>
    </Placemark>
    <Placemark>
      <LineString>
        <tessellate>1</tessellate>
        <coordinates>
          -1.5102777778,43.4666666667,0
          -1.1355555556,43.4172222222,0
        </coordinates>
      </LineString>
    </Placemark>
    <Placemark>
      <LineString>
        <tessellate>1</tessellate>
        <coordinates>
          -1.5102777778,43.4666666667,0
          -1.4913888889,43.2838888889,0
        </coordinates>
      </LineString>
    </Placemark>
    <Placemark>
      <LineString>
        <tessellate>1</tessellate>
        <coordinates>
          -1.5102777778,43.4666666667,0
          -1.7805555556,43.3747222222,0
        </coordinates>
      </LineString>
    </Placemark>
    <Placemark>
      <LineString>
        <tessellate>1</tessellate>
        <coordinates>
          -1.5102777778,43.4666666667,0
          -1.1958333333,43.7483333333,0
        </coordinates>
      </LineString>
    </Placemark>
    <Placemark>
      <LineString>
        <tessellate>1</tessellate>
        <coordinates>
          -1.5102777778,43.4666666667,0
          -1.5663888889,43.2538888889,0
        </coordinates>
      </LineString>
    </Placemark>
    <Placemark>
      <LineString>
        <tessellate>1</tessellate>
        <coordinates>
          -1.5102777778,43.4666666667,0
          -1.7402777778,43.355,0
        </coordinates>
      </LineString>
    </Placemark>
    <Placemark>
      <LineString>
        <tessellate>1</tessellate>
        <coordinates>
          -2.8166666667,40.6563888833,0
          -3.1763888889,40.255,0
        </coordinates>
      </LineString>
    </Placemark>
    <Placemark>
      <LineString>
        <tessellate>1</tessellate>
        <coordinates>
          -3.6352777778,42.3580555556,0
          -4.1091666667,42.0275,0
        </coordinates>
      </LineString>
    </Placemark>
    <Placemark>
      <LineString>
        <tessellate>1</tessellate>
        <coordinates>
          -3.6352777778,42.3580555556,0
          -3.6997222222,42.6822222222,0
        </coordinates>
      </LineString>
    </Placemark>
    <Placemark>
      <LineString>
        <tessellate>1</tessellate>
        <coordinates>
          0.9605555556,45.0,0
          0.6191666667,44.8194444444,0
        </coordinates>
      </LineString>
    </Placemark>
    <Placemark>
      <LineString>
        <tessellate>1</tessellate>
        <coordinates>
          0.9605555556,45.0,0
          1.0019444444,45.5163888889,0
        </coordinates>
      </LineString>
    </Placemark>
    <Placemark>
      <LineString>
        <tessellate>1</tessellate>
        <coordinates>
          0.9605555556,45.0,0
          0.9694444444,45.1172222222,0
        </coordinates>
      </LineString>
    </Placemark>
    <Placemark>
      <LineString>
        <tessellate>1</tessellate>
        <coordinates>
          -3.9394444444,39.8111111111,0
          -3.4244444444,40.1963888889,0
        </coordinates>
      </LineString>
    </Placemark>
    <Placemark>
      <LineString>
        <tessellate>1</tessellate>
        <coordinates>
          1.255,43.6305555556,0
          1.2133333333,43.8316666667,0
        </coordinates>
      </LineString>
    </Placemark>
    <Placemark>
      <LineString>
        <tessellate>1</tessellate>
        <coordinates>
          3.3646350333,43.3332444667,0
          3.3372344833,43.33593,0
        </coordinates>
      </LineString>
    </Placemark>
    <Placemark>
      <LineString>
        <tessellate>1</tessellate>
        <coordinates>
          3.3646350333,43.3332444667,0
          3.9747222222,43.5783333333,0
        </coordinates>
      </LineString>
    </Placemark>
    <Placemark>
      <LineString>
        <tessellate>1</tessellate>
        <coordinates>
          3.3646350333,43.3332444667,0
          3.9605435167,43.5857774333,0
        </coordinates>
      </LineString>
    </Placemark>
    <Placemark>
      <LineString>
        <tessellate>1</tessellate>
        <coordinates>
          3.3646350333,43.3332444667,0
          3.0047222222,43.6288888889,0
        </coordinates>
      </LineString>
    </Placemark>
    <Placemark>
      <LineString>
        <tessellate>1</tessellate>
        <coordinates>
          3.3646350333,43.3332444667,0
          2.9369444444,43.1975,0
        </coordinates>
      </LineString>
    </Placemark>
    <Placemark>
      <LineString>
        <tessellate>1</tessellate>
        <coordinates>
          3.3646350333,43.3332444667,0
          3.2830555556,43.3269444444,0
        </coordinates>
      </LineString>
    </Placemark>
    <Placemark>
      <LineString>
        <tessellate>1</tessellate>
        <coordinates>
          4.1066666667,47.0666666667,0
          3.8133333333,47.56,0
        </coordinates>
      </LineString>
    </Placemark>
    <Placemark>
      <LineString>
        <tessellate>1</tessellate>
        <coordinates>
          4.1066666667,47.0666666667,0
          4.77,47.5583333333,0
        </coordinates>
      </LineString>
    </Placemark>
    <Placemark>
      <LineString>
        <tessellate>1</tessellate>
        <coordinates>
          4.1066666667,47.0666666667,0
          3.6316666667,46.7066666667,0
        </coordinates>
      </LineString>
    </Placemark>
    <Placemark>
      <LineString>
        <tessellate>1</tessellate>
        <coordinates>
          4.1066666667,47.0666666667,0
          3.6794444444,46.9338888889,0
        </coordinates>
      </LineString>
    </Placemark>
    <Placemark>
      <LineString>
        <tessellate>1</tessellate>
        <coordinates>
          -3.3166666667,43.3627777778,0
          -2.9358333333,43.3044444444,0
        </coordinates>
      </LineString>
    </Placemark>
    <Placemark>
      <LineString>
        <tessellate>1</tessellate>
        <coordinates>
          1.1822222222,40.8641666667,0
          1.2316666667,40.7086111111,0
        </coordinates>
      </LineString>
    </Placemark>
    <Placemark>
      <LineString>
        <tessellate>1</tessellate>
        <coordinates>
          0.1430555556,40.2308333333,0
          0.2699069167,40.55538575,0
        </coordinates>
      </LineString>
    </Placemark>
    <Placemark>
      <LineString>
        <tessellate>1</tessellate>
        <coordinates>
          0.1994444444,41.2683333333,0
          0.1652777778,41.1297222222,0
        </coordinates>
      </LineString>
    </Placemark>
    <Placemark>
      <LineString>
        <tessellate>1</tessellate>
        <coordinates>
          0.1994444444,41.2683333333,0
          1.1711111111,41.1497222222,0
        </coordinates>
      </LineString>
    </Placemark>
    <Placemark>
      <LineString>
        <tessellate>1</tessellate>
        <coordinates>
          0.1994444444,41.2683333333,0
          0.2186111111,41.3466666667,0
        </coordinates>
      </LineString>
    </Placemark>
    <Placemark>
      <LineString>
        <tessellate>1</tessellate>
        <coordinates>
          -1.2116666667,39.8052777778,0
          -1.4319444444,39.9005555556,0
        </coordinates>
      </LineString>
    </Placemark>
    <Placemark>
      <LineString>
        <tessellate>1</tessellate>
        <coordinates>
          -1.2116666667,39.8052777778,0
          -1.0941666667,39.7544444444,0
        </coordinates>
      </LineString>
    </Placemark>
    <Placemark>
      <LineString>
        <tessellate>1</tessellate>
        <coordinates>
          1.6636111111,41.4833333333,0
          1.6183333333,41.7716666667,0
        </coordinates>
      </LineString>
    </Placemark>
    <Placemark>
      <LineString>
        <tessellate>1</tessellate>
        <coordinates>
          1.6636111111,41.4833333333,0
          1.5019444444,41.5469444444,0
        </coordinates>
      </LineString>
    </Placemark>
    <Placemark>
      <LineString>
        <tessellate>1</tessellate>
        <coordinates>
          3.4341666667,39.6975,0
          4.505,41.075,0
        </coordinates>
      </LineString>
    </Placemark>
    <Placemark>
      <LineString>
        <tessellate>1</tessellate>
        <coordinates>
          3.4341666667,39.6975,0
          1.3802777778,39.6030555556,0
        </coordinates>
      </LineString>
    </Placemark>
    <Placemark>
      <LineString>
        <tessellate>1</tessellate>
        <coordinates>
          3.4341666667,39.6975,0
          3.1477777778,38.2936111111,0
        </coordinates>
      </LineString>
    </Placemark>
    <Placemark>
      <LineString>
        <tessellate>1</tessellate>
        <coordinates>
          3.4341666667,39.6975,0
          2.8216666667,39.5233333333,0
        </coordinates>
      </LineString>
    </Placemark>
    <Placemark>
      <LineString>
        <tessellate>1</tessellate>
        <coordinates>
          3.4341666667,39.6975,0
          3.08,39.7188888889,0
        </coordinates>
      </LineString>
    </Placemark>
    <Placemark>
      <LineString>
        <tessellate>1</tessellate>
        <coordinates>
          -2.2363888889,42.9836111111,0
          -2.9358333333,43.3044444444,0
        </coordinates>
      </LineString>
    </Placemark>
    <Placemark>
      <LineString>
        <tessellate>1</tessellate>
        <coordinates>
          -2.2363888889,42.9836111111,0
          -1.9386111111,42.845,0
        </coordinates>
      </LineString>
    </Placemark>
    <Placemark>
      <LineString>
        <tessellate>1</tessellate>
        <coordinates>
          -2.2363888889,42.9836111111,0
          -1.6454431333,42.7718839833,0
        </coordinates>
      </LineString>
    </Placemark>
    <Placemark>
      <LineString>
        <tessellate>1</tessellate>
        <coordinates>
          -2.2363888889,42.9836111111,0
          -1.8302777778,43.3111111111,0
        </coordinates>
      </LineString>
    </Placemark>
    <Placemark>
      <LineString>
        <tessellate>1</tessellate>
        <coordinates>
          -2.2363888889,42.9836111111,0
          -2.4497222222,42.8175,0
        </coordinates>
      </LineString>
    </Placemark>
    <Placemark>
      <LineString>
        <tessellate>1</tessellate>
        <coordinates>
          -1.4319444444,39.9005555556,0
          -1.2116666667,39.8052777778,0
        </coordinates>
      </LineString>
    </Placemark>
    <Placemark>
      <LineString>
        <tessellate>1</tessellate>
        <coordinates>
          -1.4319444444,39.9005555556,0
          -2.0102777778,40.1475,0
        </coordinates>
      </LineString>
    </Placemark>
    <Placemark>
      <LineString>
        <tessellate>1</tessellate>
        <coordinates>
          3.1612534833,45.7906701,0
          4.1316666667,45.7916666667,0
        </coordinates>
      </LineString>
    </Placemark>
    <Placemark>
      <LineString>
        <tessellate>1</tessellate>
        <coordinates>
          3.1612534833,45.7906701,0
          3.2068415167,45.79499635,0
        </coordinates>
      </LineString>
    </Placemark>
    <Placemark>
      <LineString>
        <tessellate>1</tessellate>
        <coordinates>
          3.1612534833,45.7906701,0
          3.7502777778,45.2572222222,0
        </coordinates>
      </LineString>
    </Placemark>
    <Placemark>
      <LineString>
        <tessellate>1</tessellate>
        <coordinates>
          3.1612534833,45.7906701,0
          3.08,46.3366666667,0
        </coordinates>
      </LineString>
    </Placemark>
    <Placemark>
      <LineString>
        <tessellate>1</tessellate>
        <coordinates>
          3.1612534833,45.7906701,0
          3.1127777778,46.1772222222,0
        </coordinates>
      </LineString>
    </Placemark>
    <Placemark>
      <LineString>
        <tessellate>1</tessellate>
        <coordinates>
          3.1612534833,45.7906701,0
          2.9330555556,45.4502777778,0
        </coordinates>
      </LineString>
    </Placemark>
    <Placemark>
      <LineString>
        <tessellate>1</tessellate>
        <coordinates>
          3.1612534833,45.7906701,0
          2.8180555556,45.9980555556,0
        </coordinates>
      </LineString>
    </Placemark>
    <Placemark>
      <LineString>
        <tessellate>1</tessellate>
        <coordinates>
          3.1612534833,45.7906701,0
          3.1825,45.4041666667,0
        </coordinates>
      </LineString>
    </Placemark>
    <Placemark>
      <LineString>
        <tessellate>1</tessellate>
        <coordinates>
          3.1922222222,45.7875,0
          2.4075649,44.9374959333,0
        </coordinates>
      </LineString>
    </Placemark>
    <Placemark>
      <LineString>
        <tessellate>1</tessellate>
        <coordinates>
          3.1922222222,45.7875,0
          3.1813888889,45.4308333333,0
        </coordinates>
      </LineString>
    </Placemark>
    <Placemark>
      <LineString>
        <tessellate>1</tessellate>
        <coordinates>
          3.1922222222,45.7875,0
          4.0422222222,45.1369444444,0
        </coordinates>
      </LineString>
    </Placemark>
    <Placemark>
      <LineString>
        <tessellate>1</tessellate>
        <coordinates>
          3.1922222222,45.7875,0
          2.9330555556,45.4502777778,0
        </coordinates>
      </LineString>
    </Placemark>
    <Placemark>
      <LineString>
        <tessellate>1</tessellate>
        <coordinates>
          0.1308333333,45.3552777778,0
          -0.3116666667,45.6594444444,0
        </coordinates>
      </LineString>
    </Placemark>
    <Placemark>
      <LineString>
        <tessellate>1</tessellate>
        <coordinates>
          0.1308333333,45.3552777778,0
          -0.6627777778,46.4291666667,0
        </coordinates>
      </LineString>
    </Placemark>
    <Placemark>
      <LineString>
        <tessellate>1</tessellate>
        <coordinates>
          0.1308333333,45.3552777778,0
          -0.3372222222,45.0952777778,0
        </coordinates>
      </LineString>
    </Placemark>
    <Placemark>
      <LineString>
        <tessellate>1</tessellate>
        <coordinates>
          4.505,41.075,0
          4.6666666667,41.7333333333,0
        </coordinates>
      </LineString>
    </Placemark>
    <Placemark>
      <LineString>
        <tessellate>1</tessellate>
        <coordinates>
          4.505,41.075,0
          4.6666666667,41.0575,0
        </coordinates>
      </LineString>
    </Placemark>
    <Placemark>
      <LineString>
        <tessellate>1</tessellate>
        <coordinates>
          4.505,41.075,0
          3.7569444444,41.1530555556,0
        </coordinates>
      </LineString>
    </Placemark>
    <Placemark>
      <LineString>
        <tessellate>1</tessellate>
        <coordinates>
          -2.2620316167,40.2680362,0
          -2.6002777778,40.2605555556,0
        </coordinates>
      </LineString>
    </Placemark>
    <Placemark>
      <LineString>
        <tessellate>1</tessellate>
        <coordinates>
          -2.5447222222,40.3719444444,0
          -2.0780555556,41.0791666667,0
        </coordinates>
      </LineString>
    </Placemark>
    <Placemark>
      <LineString>
        <tessellate>1</tessellate>
        <coordinates>
          -2.5447222222,40.3719444444,0
          -2.8480555556,40.4911111111,0
        </coordinates>
      </LineString>
    </Placemark>
    <Placemark>
      <LineString>
        <tessellate>1</tessellate>
        <coordinates>
          -2.5447222222,40.3719444444,0
          -3.0277777778,39.3991666667,0
        </coordinates>
      </LineString>
    </Placemark>
    <Placemark>
      <LineString>
        <tessellate>1</tessellate>
        <coordinates>
          -2.5447222222,40.3719444444,0
          -3.0483333333,40.2622222222,0
        </coordinates>
      </LineString>
    </Placemark>
    <Placemark>
      <LineString>
        <tessellate>1</tessellate>
        <coordinates>
          -2.5447222222,40.3719444444,0
          -2.0102777778,40.1475,0
        </coordinates>
      </LineString>
    </Placemark>
    <Placemark>
      <LineString>
        <tessellate>1</tessellate>
        <coordinates>
          -2.5447222222,40.3719444444,0
          -2.6002777778,40.2605555556,0
        </coordinates>
      </LineString>
    </Placemark>
    <Placemark>
      <LineString>
        <tessellate>1</tessellate>
        <coordinates>
          -2.5447222222,40.3719444444,0
          -2.4105555556,40.2330555556,0
        </coordinates>
      </LineString>
    </Placemark>
    <Placemark>
      <LineString>
        <tessellate>1</tessellate>
        <coordinates>
          2.75779595,41.2166174833,0
          2.6627777778,41.255,0
        </coordinates>
      </LineString>
    </Placemark>
    <Placemark>
      <LineString>
        <tessellate>1</tessellate>
        <coordinates>
          2.6347222222,41.64,0
          2.7603478667,41.9022670667,0
        </coordinates>
      </LineString>
    </Placemark>
    <Placemark>
      <LineString>
        <tessellate>1</tessellate>
        <coordinates>
          2.6347222222,41.64,0
          2.325,41.3811111111,0
        </coordinates>
      </LineString>
    </Placemark>
    <Placemark>
      <LineString>
        <tessellate>1</tessellate>
        <coordinates>
          -0.9863888889,39.7072222222,0
          -0.9088888889,39.4436111111,0
        </coordinates>
      </LineString>
    </Placemark>
    <Placemark>
      <LineString>
        <tessellate>1</tessellate>
        <coordinates>
          -0.9863888889,39.7072222222,0
          -0.5,39.2358333333,0
        </coordinates>
      </LineString>
    </Placemark>
    <Placemark>
      <LineString>
        <tessellate>1</tessellate>
        <coordinates>
          -0.9863888889,39.7072222222,0
          -0.8166666667,38.5397222222,0
        </coordinates>
      </LineString>
    </Placemark>
    <Placemark>
      <LineString>
        <tessellate>1</tessellate>
        <coordinates>
          -0.9863888889,39.7072222222,0
          -0.4830555556,39.4855555556,0
        </coordinates>
      </LineString>
    </Placemark>
    <Placemark>
      <LineString>
        <tessellate>1</tessellate>
        <coordinates>
          -0.9863888889,39.7072222222,0
          -1.0941666667,39.7544444444,0
        </coordinates>
      </LineString>
    </Placemark>
    <Placemark>
      <LineString>
        <tessellate>1</tessellate>
        <coordinates>
          -1.2980555556,40.8672222222,0
          -2.0641666667,40.5122222222,0
        </coordinates>
      </LineString>
    </Placemark>
    <Placemark>
      <LineString>
        <tessellate>1</tessellate>
        <coordinates>
          -1.2980555556,40.8672222222,0
          -1.2633333333,40.7402777778,0
        </coordinates>
      </LineString>
    </Placemark>
    <Placemark>
      <LineString>
        <tessellate>1</tessellate>
        <coordinates>
          -1.2980555556,40.8672222222,0
          -1.8283333333,40.7783333333,0
        </coordinates>
      </LineString>
    </Placemark>
    <Placemark>
      <LineString>
        <tessellate>1</tessellate>
        <coordinates>
          4.9052777778,43.9083333333,0
          4.4063888889,43.8572222222,0
        </coordinates>
      </LineString>
    </Placemark>
    <Placemark>
      <LineString>
        <tessellate>1</tessellate>
        <coordinates>
          -0.36652675,45.6315583,0
          -0.7211111111,44.8269444444,0
        </coordinates>
      </LineString>
    </Placemark>
    <Placemark>
      <LineString>
        <tessellate>1</tessellate>
        <coordinates>
          -0.36652675,45.6315583,0
          -0.3116666667,45.6594444444,0
        </coordinates>
      </LineString>
    </Placemark>
    <Placemark>
      <LineString>
        <tessellate>1</tessellate>
        <coordinates>
          -0.36652675,45.6315583,0
          -0.9861111111,45.8883333333,0
        </coordinates>
      </LineString>
    </Placemark>
    <Placemark>
      <LineString>
        <tessellate>1</tessellate>
        <coordinates>
          -0.36652675,45.6315583,0
          -1.0366666667,45.6666666667,0
        </coordinates>
      </LineString>
    </Placemark>
    <Placemark>
      <LineString>
        <tessellate>1</tessellate>
        <coordinates>
          -0.36652675,45.6315583,0
          -0.3372222222,45.0952777778,0
        </coordinates>
      </LineString>
    </Placemark>
    <Placemark>
      <LineString>
        <tessellate>1</tessellate>
        <coordinates>
          -0.36652675,45.6315583,0
          0.1555555556,44.98,0
        </coordinates>
      </LineString>
    </Placemark>
    <Placemark>
      <LineString>
        <tessellate>1</tessellate>
        <coordinates>
          -0.3116666667,45.6594444444,0
          0.5308333333,46.5611111111,0
        </coordinates>
      </LineString>
    </Placemark>
    <Placemark>
      <LineString>
        <tessellate>1</tessellate>
        <coordinates>
          -0.3116666667,45.6594444444,0
          -0.8394444444,46.1241666667,0
        </coordinates>
      </LineString>
    </Placemark>
    <Placemark>
      <LineString>
        <tessellate>1</tessellate>
        <coordinates>
          -0.3116666667,45.6594444444,0
          -0.7211111111,44.8269444444,0
        </coordinates>
      </LineString>
    </Placemark>
    <Placemark>
      <LineString>
        <tessellate>1</tessellate>
        <coordinates>
          -0.3116666667,45.6594444444,0
          0.02611465,45.9422267333,0
        </coordinates>
      </LineString>
    </Placemark>
    <Placemark>
      <LineString>
        <tessellate>1</tessellate>
        <coordinates>
          -0.3116666667,45.6594444444,0
          -0.3543438167,45.6357014833,0
        </coordinates>
      </LineString>
    </Placemark>
    <Placemark>
      <LineString>
        <tessellate>1</tessellate>
        <coordinates>
          -0.3116666667,45.6594444444,0
          -1.2255555556,45.85,0
        </coordinates>
      </LineString>
    </Placemark>
    <Placemark>
      <LineString>
        <tessellate>1</tessellate>
        <coordinates>
          -0.3116666667,45.6594444444,0
          0.4805555556,45.7547222222,0
        </coordinates>
      </LineString>
    </Placemark>
    <Placemark>
      <LineString>
        <tessellate>1</tessellate>
        <coordinates>
          -0.3116666667,45.6594444444,0
          -2.5336111111,45.8111111111,0
        </coordinates>
      </LineString>
    </Placemark>
    <Placemark>
      <LineString>
        <tessellate>1</tessellate>
        <coordinates>
          -0.3116666667,45.6594444444,0
          0.2980555556,46.5811111111,0
        </coordinates>
      </LineString>
    </Placemark>
    <Placemark>
      <LineString>
        <tessellate>1</tessellate>
        <coordinates>
          -0.3116666667,45.6594444444,0
          -0.6627777778,46.4291666667,0
        </coordinates>
      </LineString>
    </Placemark>
    <Placemark>
      <LineString>
        <tessellate>1</tessellate>
        <coordinates>
          -0.3116666667,45.6594444444,0
          -0.3372222222,45.0952777778,0
        </coordinates>
      </LineString>
    </Placemark>
    <Placemark>
      <LineString>
        <tessellate>1</tessellate>
        <coordinates>
          -0.3116666667,45.6594444444,0
          0.1555555556,44.98,0
        </coordinates>
      </LineString>
    </Placemark>
    <Placemark>
      <LineString>
        <tessellate>1</tessellate>
        <coordinates>
          -0.3116666667,45.6594444444,0
          0.1047222222,46.2902777778,0
        </coordinates>
      </LineString>
    </Placemark>
    <Placemark>
      <LineString>
        <tessellate>1</tessellate>
        <coordinates>
          -0.0077777778,39.3508333333,0
          -0.18,39.4,0
        </coordinates>
      </LineString>
    </Placemark>
    <Placemark>
      <LineString>
        <tessellate>1</tessellate>
        <coordinates>
          -0.0077777778,39.3508333333,0
          0.4833333333,39.2088888889,0
        </coordinates>
      </LineString>
    </Placemark>
    <Placemark>
      <LineString>
        <tessellate>1</tessellate>
        <coordinates>
          -0.0077777778,39.3508333333,0
          -0.00694445,39.4838888833,0
        </coordinates>
      </LineString>
    </Placemark>
    <Placemark>
      <LineString>
        <tessellate>1</tessellate>
        <coordinates>
          -4.9905555556,47.0791666667,0
          -3.0,47.1391666667,0
        </coordinates>
      </LineString>
    </Placemark>
    <Placemark>
      <LineString>
        <tessellate>1</tessellate>
        <coordinates>
          -4.9905555556,47.0791666667,0
          -4.5247222222,47.5913888889,0
        </coordinates>
      </LineString>
    </Placemark>
    <Placemark>
      <LineString>
        <tessellate>1</tessellate>
        <coordinates>
          -0.2041666667,43.9216666667,0
          0.581337,44.1886491,0
        </coordinates>
      </LineString>
    </Placemark>
    <Placemark>
      <LineString>
        <tessellate>1</tessellate>
        <coordinates>
          0.0616666667,40.8722222222,0
          -0.7927777778,40.8711111111,0
        </coordinates>
      </LineString>
    </Placemark>
    <Placemark>
      <LineString>
        <tessellate>1</tessellate>
        <coordinates>
          0.0616666667,40.8722222222,0
          -0.0638888889,40.5580555556,0
        </coordinates>
      </LineString>
    </Placemark>
    <Placemark>
      <LineString>
        <tessellate>1</tessellate>
        <coordinates>
          -4.5563888889,38.9386111111,0
          -3.8247222222,39.5061111111,0
        </coordinates>
      </LineString>
    </Placemark>
    <Placemark>
      <LineString>
        <tessellate>1</tessellate>
        <coordinates>
          2.2075,43.2225,0
          2.8686111111,43.1719444444,0
        </coordinates>
      </LineString>
    </Placemark>
    <Placemark>
      <LineString>
        <tessellate>1</tessellate>
        <coordinates>
          0.0891666667,40.2186111111,0
          0.5216666667,40.3766666667,0
        </coordinates>
      </LineString>
    </Placemark>
    <Placemark>
      <LineString>
        <tessellate>1</tessellate>
        <coordinates>
          1.8011111111,46.9366666667,0
          2.3793377,47.0869536667,0
        </coordinates>
      </LineString>
    </Placemark>
    <Placemark>
      <LineString>
        <tessellate>1</tessellate>
        <coordinates>
          1.8011111111,46.9366666667,0
          1.4777777778,46.4741666667,0
        </coordinates>
      </LineString>
    </Placemark>
    <Placemark>
      <LineString>
        <tessellate>1</tessellate>
        <coordinates>
          1.8011111111,46.9366666667,0
          1.6941269667,46.8509647833,0
        </coordinates>
      </LineString>
    </Placemark>
    <Placemark>
      <LineString>
        <tessellate>1</tessellate>
        <coordinates>
          1.8011111111,46.9366666667,0
          1.0488888889,46.8825,0
        </coordinates>
      </LineString>
    </Placemark>
    <Placemark>
      <LineString>
        <tessellate>1</tessellate>
        <coordinates>
          2.2162080833,43.6300510667,0
          2.8691666667,43.7741666667,0
        </coordinates>
      </LineString>
    </Placemark>
    <Placemark>
      <LineString>
        <tessellate>1</tessellate>
        <coordinates>
          2.2162080833,43.6300510667,0
          2.4561111111,44.0652777778,0
        </coordinates>
      </LineString>
    </Placemark>
    <Placemark>
      <LineString>
        <tessellate>1</tessellate>
        <coordinates>
          -3.3408333333,40.3930555556,0
          -2.9427777778,40.3830555556,0
        </coordinates>
      </LineString>
    </Placemark>
    <Placemark>
      <LineString>
        <tessellate>1</tessellate>
        <coordinates>
          3.3577777778,41.7338888889,0
          3.9338888889,41.9238888889,0
        </coordinates>
      </LineString>
    </Placemark>
    <Placemark>
      <LineString>
        <tessellate>1</tessellate>
        <coordinates>
          -3.1566666667,47.7438888889,0
          -2.5008333333,47.685,0
        </coordinates>
      </LineString>
    </Placemark>
    <Placemark>
      <LineString>
        <tessellate>1</tessellate>
        <coordinates>
          -3.1566666667,47.7438888889,0
          -3.4411111111,47.7613888889,0
        </coordinates>
      </LineString>
    </Placemark>
    <Placemark>
      <LineString>
        <tessellate>1</tessellate>
        <coordinates>
          -3.1566666667,47.7438888889,0
          -1.9288888889,47.3488888889,0
        </coordinates>
      </LineString>
    </Placemark>
    <Placemark>
      <LineString>
        <tessellate>1</tessellate>
        <coordinates>
          2.8522222222,43.7805555556,0
          2.8691666667,43.7741666667,0
        </coordinates>
      </LineString>
    </Placemark>
    <Placemark>
      <LineString>
        <tessellate>1</tessellate>
        <coordinates>
          2.8522222222,43.7805555556,0
          2.5788888889,43.8280555556,0
        </coordinates>
      </LineString>
    </Placemark>
    <Placemark>
      <LineString>
        <tessellate>1</tessellate>
        <coordinates>
          2.8522222222,43.7805555556,0
          3.9747222222,43.5783333333,0
        </coordinates>
      </LineString>
    </Placemark>
    <Placemark>
      <LineString>
        <tessellate>1</tessellate>
        <coordinates>
          2.8522222222,43.7805555556,0
          2.8686111111,43.1719444444,0
        </coordinates>
      </LineString>
    </Placemark>
    <Placemark>
      <LineString>
        <tessellate>1</tessellate>
        <coordinates>
          2.8522222222,43.7805555556,0
          2.8672222222,42.7505555556,0
        </coordinates>
      </LineString>
    </Placemark>
    <Placemark>
      <LineString>
        <tessellate>1</tessellate>
        <coordinates>
          0.7308333333,44.1083333333,0
          0.8727777778,43.8880555556,0
        </coordinates>
      </LineString>
    </Placemark>
    <Placemark>
      <LineString>
        <tessellate>1</tessellate>
        <coordinates>
          0.7308333333,44.1083333333,0
          0.9044444444,44.2966666667,0
        </coordinates>
      </LineString>
    </Placemark>
    <Placemark>
      <LineString>
        <tessellate>1</tessellate>
        <coordinates>
          0.7308333333,44.1083333333,0
          0.5152777778,44.4386111111,0
        </coordinates>
      </LineString>
    </Placemark>
    <Placemark>
      <LineString>
        <tessellate>1</tessellate>
        <coordinates>
          -3.9875,44.3288888889,0
          -2.9591666667,45.8302777778,0
        </coordinates>
      </LineString>
    </Placemark>
    <Placemark>
      <LineString>
        <tessellate>1</tessellate>
        <coordinates>
          -3.9875,44.3288888889,0
          -3.8672222222,45.0841666667,0
        </coordinates>
      </LineString>
    </Placemark>
    <Placemark>
      <LineString>
        <tessellate>1</tessellate>
        <coordinates>
          -3.9875,44.3288888889,0
          -3.9025,43.4497222222,0
        </coordinates>
      </LineString>
    </Placemark>
    <Placemark>
      <LineString>
        <tessellate>1</tessellate>
        <coordinates>
          2.1644444444,44.1233333333,0
          2.8333333333,44.4488888889,0
        </coordinates>
      </LineString>
    </Placemark>
    <Placemark>
      <LineString>
        <tessellate>1</tessellate>
        <coordinates>
          2.1644444444,44.1233333333,0
          1.8241666667,43.9541666667,0
        </coordinates>
      </LineString>
    </Placemark>
    <Placemark>
      <LineString>
        <tessellate>1</tessellate>
        <coordinates>
          2.1791666667,47.3177777778,0
          1.8011111111,46.9366666667,0
        </coordinates>
      </LineString>
    </Placemark>
    <Placemark>
      <LineString>
        <tessellate>1</tessellate>
        <coordinates>
          2.1791666667,47.3177777778,0
          2.1922222222,47.0891666667,0
        </coordinates>
      </LineString>
    </Placemark>
    <Placemark>
      <LineString>
        <tessellate>1</tessellate>
        <coordinates>
          -2.9591666667,45.8302777778,0
          -2.5336111111,45.8111111111,0
        </coordinates>
      </LineString>
    </Placemark>
    <Placemark>
      <LineString>
        <tessellate>1</tessellate>
        <coordinates>
          -2.9591666667,45.8302777778,0
          -3.1502777778,44.0513888889,0
        </coordinates>
      </LineString>
    </Placemark>
    <Placemark>
      <LineString>
        <tessellate>1</tessellate>
        <coordinates>
          -2.9591666667,45.8302777778,0
          -2.4244444444,46.4958333333,0
        </coordinates>
      </LineString>
    </Placemark>
    <Placemark>
      <LineString>
        <tessellate>1</tessellate>
        <coordinates>
          0.7386111111,47.4955555556,0
          0.6916666667,47.0469444444,0
        </coordinates>
      </LineString>
    </Placemark>
    <Placemark>
      <LineString>
        <tessellate>1</tessellate>
        <coordinates>
          0.7386111111,47.4955555556,0
          0.9072222222,47.8372222222,0
        </coordinates>
      </LineString>
    </Placemark>
    <Placemark>
      <LineString>
        <tessellate>1</tessellate>
        <coordinates>
          -2.8805555556,42.4533333333,0
          -1.9625,43.6463888889,0
        </coordinates>
      </LineString>
    </Placemark>
    <Placemark>
      <LineString>
        <tessellate>1</tessellate>
        <coordinates>
          -2.8805555556,42.4533333333,0
          -2.9358333333,43.3044444444,0
        </coordinates>
      </LineString>
    </Placemark>
    <Placemark>
      <LineString>
        <tessellate>1</tessellate>
        <coordinates>
          -2.8805555556,42.4533333333,0
          -2.2363888889,42.9836111111,0
        </coordinates>
      </LineString>
    </Placemark>
    <Placemark>
      <LineString>
        <tessellate>1</tessellate>
        <coordinates>
          -2.8805555556,42.4533333333,0
          -2.9608333333,42.6386111111,0
        </coordinates>
      </LineString>
    </Placemark>
    <Placemark>
      <LineString>
        <tessellate>1</tessellate>
        <coordinates>
          -2.8805555556,42.4533333333,0
          -2.3269444444,42.4605555556,0
        </coordinates>
      </LineString>
    </Placemark>
    <Placemark>
      <LineString>
        <tessellate>1</tessellate>
        <coordinates>
          -2.8805555556,42.4533333333,0
          -2.1552777778,42.6311111111,0
        </coordinates>
      </LineString>
    </Placemark>
    <Placemark>
      <LineString>
        <tessellate>1</tessellate>
        <coordinates>
          -2.8805555556,42.4533333333,0
          -4.1091666667,42.0275,0
        </coordinates>
      </LineString>
    </Placemark>
    <Placemark>
      <LineString>
        <tessellate>1</tessellate>
        <coordinates>
          -2.8805555556,42.4533333333,0
          -4.0308333333,42.5744444444,0
        </coordinates>
      </LineString>
    </Placemark>
    <Placemark>
      <LineString>
        <tessellate>1</tessellate>
        <coordinates>
          -2.8805555556,42.4533333333,0
          -2.0111111111,42.2719444444,0
        </coordinates>
      </LineString>
    </Placemark>
    <Placemark>
      <LineString>
        <tessellate>1</tessellate>
        <coordinates>
          0.7875,45.7894444444,0
          0.7808333333,46.5388888889,0
        </coordinates>
      </LineString>
    </Placemark>
    <Placemark>
      <LineString>
        <tessellate>1</tessellate>
        <coordinates>
          4.415,42.0797222222,0
          4.9975,42.5602777778,0
        </coordinates>
      </LineString>
    </Placemark>
    <Placemark>
      <LineString>
        <tessellate>1</tessellate>
        <coordinates>
          0.0311111111,46.1816666667,0
          1.3997222222,45.9491666667,0
        </coordinates>
      </LineString>
    </Placemark>
    <Placemark>
      <LineString>
        <tessellate>1</tessellate>
        <coordinates>
          -1.2255555556,45.85,0
          -0.3116666667,45.6594444444,0
        </coordinates>
      </LineString>
    </Placemark>
    <Placemark>
      <LineString>
        <tessellate>1</tessellate>
        <coordinates>
          -1.2255555556,45.85,0
          -2.25,46.0519444444,0
        </coordinates>
      </LineString>
    </Placemark>
    <Placemark>
      <LineString>
        <tessellate>1</tessellate>
        <coordinates>
          3.54,41.0630555556,0
          3.9919444444,40.5,0
        </coordinates>
      </LineString>
    </Placemark>
    <Placemark>
      <LineString>
        <tessellate>1</tessellate>
        <coordinates>
          3.54,41.0630555556,0
          3.8069444444,41.0152777778,0
        </coordinates>
      </LineString>
    </Placemark>
    <Placemark>
      <LineString>
        <tessellate>1</tessellate>
        <coordinates>
          -4.6763888889,40.4163888889,0
          -4.2994444444,40.4113888889,0
        </coordinates>
      </LineString>
    </Placemark>
    <Placemark>
      <LineString>
        <tessellate>1</tessellate>
        <coordinates>
          -4.6763888889,40.4163888889,0
          -4.2494444444,40.3686111111,0
        </coordinates>
      </LineString>
    </Placemark>
    <Placemark>
      <LineString>
        <tessellate>1</tessellate>
        <coordinates>
          -4.6763888889,40.4163888889,0
          -3.2466666667,40.8538888889,0
        </coordinates>
      </LineString>
    </Placemark>
    <Placemark>
      <LineString>
        <tessellate>1</tessellate>
        <coordinates>
          -0.4544444444,44.5522222222,0
          -0.3977777778,44.8705555556,0
        </coordinates>
      </LineString>
    </Placemark>
    <Placemark>
      <LineString>
        <tessellate>1</tessellate>
        <coordinates>
          4.5025,46.0,0
          4.6120072167,45.9382880833,0
        </coordinates>
      </LineString>
    </Placemark>
    <Placemark>
      <LineString>
        <tessellate>1</tessellate>
        <coordinates>
          4.5025,46.0,0
          4.6044444444,45.9563888889,0
        </coordinates>
      </LineString>
    </Placemark>
    <Placemark>
      <LineString>
        <tessellate>1</tessellate>
        <coordinates>
          2.1922222222,47.0891666667,0
          1.7833333333,46.2575,0
        </coordinates>
      </LineString>
    </Placemark>
    <Placemark>
      <LineString>
        <tessellate>1</tessellate>
        <coordinates>
          2.1922222222,47.0891666667,0
          2.3375,46.8402777778,0
        </coordinates>
      </LineString>
    </Placemark>
    <Placemark>
      <LineString>
        <tessellate>1</tessellate>
        <coordinates>
          2.1922222222,47.0891666667,0
          2.0894444444,46.19,0
        </coordinates>
      </LineString>
    </Placemark>
    <Placemark>
      <LineString>
        <tessellate>1</tessellate>
        <coordinates>
          2.1922222222,47.0891666667,0
          1.0255555556,45.8158333333,0
        </coordinates>
      </LineString>
    </Placemark>
    <Placemark>
      <LineString>
        <tessellate>1</tessellate>
        <coordinates>
          0.1594444444,41.7855555556,0
          0.3183333333,41.7480555556,0
        </coordinates>
      </LineString>
    </Placemark>
    <Placemark>
      <LineString>
        <tessellate>1</tessellate>
        <coordinates>
          0.1594444444,41.7855555556,0
          0.1652777778,41.1297222222,0
        </coordinates>
      </LineString>
    </Placemark>
    <Placemark>
      <LineString>
        <tessellate>1</tessellate>
        <coordinates>
          0.1594444444,41.7855555556,0
          -0.3533333333,41.9047222222,0
        </coordinates>
      </LineString>
    </Placemark>
    <Placemark>
      <LineString>
        <tessellate>1</tessellate>
        <coordinates>
          -4.2233333333,41.0152777778,0
          -4.2994444444,40.4113888889,0
        </coordinates>
      </LineString>
    </Placemark>
    <Placemark>
      <LineString>
        <tessellate>1</tessellate>
        <coordinates>
          -1.2633333333,40.7402777778,0
          -2.0641666667,40.5122222222,0
        </coordinates>
      </LineString>
    </Placemark>
    <Placemark>
      <LineString>
        <tessellate>1</tessellate>
        <coordinates>
          -1.2633333333,40.7402777778,0
          -1.2980555556,40.8672222222,0
        </coordinates>
      </LineString>
    </Placemark>
    <Placemark>
      <LineString>
        <tessellate>1</tessellate>
        <coordinates>
          -1.2633333333,40.7402777778,0
          -1.0405555556,39.9116666667,0
        </coordinates>
      </LineString>
    </Placemark>
    <Placemark>
      <LineString>
        <tessellate>1</tessellate>
        <coordinates>
          -1.7644444444,43.0155555556,0
          -1.5304974,43.4732797333,0
        </coordinates>
      </LineString>
    </Placemark>
    <Placemark>
      <LineString>
        <tessellate>1</tessellate>
        <coordinates>
          -1.7644444444,43.0155555556,0
          -1.8302777778,43.3111111111,0
        </coordinates>
      </LineString>
    </Placemark>
    <Placemark>
      <LineString>
        <tessellate>1</tessellate>
        <coordinates>
          4.7769444444,43.0561111111,0
          3.315,43.3341666667,0
        </coordinates>
      </LineString>
    </Placemark>
    <Placemark>
      <LineString>
        <tessellate>1</tessellate>
        <coordinates>
          4.7769444444,43.0561111111,0
          4.1052777778,43.5108333333,0
        </coordinates>
      </LineString>
    </Placemark>
    <Placemark>
      <LineString>
        <tessellate>1</tessellate>
        <coordinates>
          4.7769444444,43.0561111111,0
          3.9747222222,43.5783333333,0
        </coordinates>
      </LineString>
    </Placemark>
    <Placemark>
      <LineString>
        <tessellate>1</tessellate>
        <coordinates>
          4.7769444444,43.0561111111,0
          4.0002777778,42.2091666667,0
        </coordinates>
      </LineString>
    </Placemark>
    <Placemark>
      <LineString>
        <tessellate>1</tessellate>
        <coordinates>
          4.7769444444,43.0561111111,0
          3.8286111111,42.2602777778,0
        </coordinates>
      </LineString>
    </Placemark>
    <Placemark>
      <LineString>
        <tessellate>1</tessellate>
        <coordinates>
          4.7769444444,43.0561111111,0
          4.8444444444,43.3861111111,0
        </coordinates>
      </LineString>
    </Placemark>
    <Placemark>
      <LineString>
        <tessellate>1</tessellate>
        <coordinates>
          4.7769444444,43.0561111111,0
          4.9975,42.5602777778,0
        </coordinates>
      </LineString>
    </Placemark>
    <Placemark>
      <LineString>
        <tessellate>1</tessellate>
        <coordinates>
          4.7769444444,43.0561111111,0
          4.1155555556,42.1722222222,0
        </coordinates>
      </LineString>
    </Placemark>
    <Placemark>
      <LineString>
        <tessellate>1</tessellate>
        <coordinates>
          -4.0691666667,40.4077777778,0
          -3.3408333333,40.3930555556,0
        </coordinates>
      </LineString>
    </Placemark>
    <Placemark>
      <LineString>
        <tessellate>1</tessellate>
        <coordinates>
          1.2858333333,47.8627777778,0
          1.7430555556,47.7241666667,0
        </coordinates>
      </LineString>
    </Placemark>
    <Placemark>
      <LineString>
        <tessellate>1</tessellate>
        <coordinates>
          1.2858333333,47.8627777778,0
          0.8466666667,47.9930555556,0
        </coordinates>
      </LineString>
    </Placemark>
    <Placemark>
      <LineString>
        <tessellate>1</tessellate>
        <coordinates>
          1.2858333333,47.8627777778,0
          1.7760571333,47.9886040333,0
        </coordinates>
      </LineString>
    </Placemark>
    <Placemark>
      <LineString>
        <tessellate>1</tessellate>
        <coordinates>
          1.2858333333,47.8627777778,0
          0.7541672333,47.4240863333,0
        </coordinates>
      </LineString>
    </Placemark>
    <Placemark>
      <LineString>
        <tessellate>1</tessellate>
        <coordinates>
          -1.4913888889,43.2838888889,0
          -1.4508333333,43.0583333333,0
        </coordinates>
      </LineString>
    </Placemark>
    <Placemark>
      <LineString>
        <tessellate>1</tessellate>
        <coordinates>
          -1.4913888889,43.2838888889,0
          -1.5102777778,43.4666666667,0
        </coordinates>
      </LineString>
    </Placemark>
    <Placemark>
      <LineString>
        <tessellate>1</tessellate>
        <coordinates>
          0.385,40.8711111111,0
          0.0616666667,40.8722222222,0
        </coordinates>
      </LineString>
    </Placemark>
    <Placemark>
      <LineString>
        <tessellate>1</tessellate>
        <coordinates>
          0.385,40.8711111111,0
          0.4763888889,41.1097222222,0
        </coordinates>
      </LineString>
    </Placemark>
    <Placemark>
      <LineString>
        <tessellate>1</tessellate>
        <coordinates>
          3.1255555556,39.3908333333,0
          3.2566666667,39.4272222222,0
        </coordinates>
      </LineString>
    </Placemark>
    <Placemark>
      <LineString>
        <tessellate>1</tessellate>
        <coordinates>
          3.1255555556,39.3908333333,0
          3.1313888889,39.1177777778,0
        </coordinates>
      </LineString>
    </Placemark>
    <Placemark>
      <LineString>
        <tessellate>1</tessellate>
        <coordinates>
          -3.3166666667,43.6805555556,0
          -3.4516666667,43.8125,0
        </coordinates>
      </LineString>
    </Placemark>
    <Placemark>
      <LineString>
        <tessellate>1</tessellate>
        <coordinates>
          1.7655555556,40.0077777778,0
          1.4491666667,40.6211111111,0
        </coordinates>
      </LineString>
    </Placemark>
    <Placemark>
      <LineString>
        <tessellate>1</tessellate>
        <coordinates>
          3.1575,40.8638888889,0
          3.9919444444,40.5,0
        </coordinates>
      </LineString>
    </Placemark>
    <Placemark>
      <LineString>
        <tessellate>1</tessellate>
        <coordinates>
          1.2316666667,40.7086111111,0
          1.0030555556,40.5497222222,0
        </coordinates>
      </LineString>
    </Placemark>
    <Placemark>
      <LineString>
        <tessellate>1</tessellate>
        <coordinates>
          1.2316666667,40.7086111111,0
          0.4425,41.0216666667,0
        </coordinates>
      </LineString>
    </Placemark>
    <Placemark>
      <LineString>
        <tessellate>1</tessellate>
        <coordinates>
          1.2316666667,40.7086111111,0
          1.4519444444,40.8608333333,0
        </coordinates>
      </LineString>
    </Placemark>
    <Placemark>
      <LineString>
        <tessellate>1</tessellate>
        <coordinates>
          1.2316666667,40.7086111111,0
          1.1711111111,41.1497222222,0
        </coordinates>
      </LineString>
    </Placemark>
    <Placemark>
      <LineString>
        <tessellate>1</tessellate>
        <coordinates>
          1.2316666667,40.7086111111,0
          2.0225334833,41.5145652667,0
        </coordinates>
      </LineString>
    </Placemark>
    <Placemark>
      <LineString>
        <tessellate>1</tessellate>
        <coordinates>
          -1.8283333333,40.7783333333,0
          -2.0641666667,40.5122222222,0
        </coordinates>
      </LineString>
    </Placemark>
    <Placemark>
      <LineString>
        <tessellate>1</tessellate>
        <coordinates>
          -1.8283333333,40.7783333333,0
          -2.1377833333,40.725,0
        </coordinates>
      </LineString>
    </Placemark>
    <Placemark>
      <LineString>
        <tessellate>1</tessellate>
        <coordinates>
          2.4175,39.4061111111,0
          1.4705555556,38.9155555556,0
        </coordinates>
      </LineString>
    </Placemark>
    <Placemark>
      <LineString>
        <tessellate>1</tessellate>
        <coordinates>
          2.4175,39.4061111111,0
          2.7583333333,39.4352777778,0
        </coordinates>
      </LineString>
    </Placemark>
    <Placemark>
      <LineString>
        <tessellate>1</tessellate>
        <coordinates>
          2.4175,39.4061111111,0
          1.4441666667,39.1163888889,0
        </coordinates>
      </LineString>
    </Placemark>
    <Placemark>
      <LineString>
        <tessellate>1</tessellate>
        <coordinates>
          1.7713888889,38.1488888889,0
          1.9169444444,38.3422222222,0
        </coordinates>
      </LineString>
    </Placemark>
    <Placemark>
      <LineString>
        <tessellate>1</tessellate>
        <coordinates>
          1.7713888889,38.1488888889,0
          0.4833333333,38.9241666667,0
        </coordinates>
      </LineString>
    </Placemark>
    <Placemark>
      <LineString>
        <tessellate>1</tessellate>
        <coordinates>
          2.8711111167,41.8186111167,0
          3.2086111167,41.9477777833,0
        </coordinates>
      </LineString>
    </Placemark>
    <Placemark>
      <LineString>
        <tessellate>1</tessellate>
        <coordinates>
          -3.2319444444,40.3730555556,0
          -3.4619205667,40.4949041667,0
        </coordinates>
      </LineString>
    </Placemark>
    <Placemark>
      <LineString>
        <tessellate>1</tessellate>
        <coordinates>
          -3.7808333333,42.9577777778,0
          -3.9875,44.3288888889,0
        </coordinates>
      </LineString>
    </Placemark>
    <Placemark>
      <LineString>
        <tessellate>1</tessellate>
        <coordinates>
          -3.7808333333,42.9577777778,0
          -3.5140535,43.1739889667,0
        </coordinates>
      </LineString>
    </Placemark>
    <Placemark>
      <LineString>
        <tessellate>1</tessellate>
        <coordinates>
          -1.2194444444,41.9533333333,0
          -0.5680555556,42.3288888889,0
        </coordinates>
      </LineString>
    </Placemark>
    <Placemark>
      <LineString>
        <tessellate>1</tessellate>
        <coordinates>
          2.9308333333,46.2005555556,0
          3.4197222222,46.1372222222,0
        </coordinates>
      </LineString>
    </Placemark>
    <Placemark>
      <LineString>
        <tessellate>1</tessellate>
        <coordinates>
          2.9308333333,46.2005555556,0
          2.6033333333,46.3655555556,0
        </coordinates>
      </LineString>
    </Placemark>
    <Placemark>
      <LineString>
        <tessellate>1</tessellate>
        <coordinates>
          2.9308333333,46.2005555556,0
          3.5536111111,45.8819444444,0
        </coordinates>
      </LineString>
    </Placemark>
    <Placemark>
      <LineString>
        <tessellate>1</tessellate>
        <coordinates>
          -0.6902777778,44.2,0
          -0.7211111111,44.8269444444,0
        </coordinates>
      </LineString>
    </Placemark>
    <Placemark>
      <LineString>
        <tessellate>1</tessellate>
        <coordinates>
          -0.6902777778,44.2,0
          -2.9591666667,45.8302777778,0
        </coordinates>
      </LineString>
    </Placemark>
    <Placemark>
      <LineString>
        <tessellate>1</tessellate>
        <coordinates>
          -0.6902777778,44.2,0
          -0.4544444444,44.5522222222,0
        </coordinates>
      </LineString>
    </Placemark>
    <Placemark>
      <LineString>
        <tessellate>1</tessellate>
        <coordinates>
          -0.6902777778,44.2,0
          -1.01,43.925,0
        </coordinates>
      </LineString>
    </Placemark>
    <Placemark>
      <LineString>
        <tessellate>1</tessellate>
        <coordinates>
          -0.6902777778,44.2,0
          -0.4775,44.385,0
        </coordinates>
      </LineString>
    </Placemark>
    <Placemark>
      <LineString>
        <tessellate>1</tessellate>
        <coordinates>
          -0.6902777778,44.2,0
          -1.5663888889,43.2538888889,0
        </coordinates>
      </LineString>
    </Placemark>
    <Placemark>
      <LineString>
        <tessellate>1</tessellate>
        <coordinates>
          1.3802777778,39.6030555556,0
          0.2986111111,39.5386111111,0
        </coordinates>
      </LineString>
    </Placemark>
    <Placemark>
      <LineString>
        <tessellate>1</tessellate>
        <coordinates>
          -4.1397222222,41.0816666667,0
          -3.7036111111,40.9588888889,0
        </coordinates>
      </LineString>
    </Placemark>
    <Placemark>
      <LineString>
        <tessellate>1</tessellate>
        <coordinates>
          3.4488888889,44.2497222222,0
          3.5297222222,44.1477777778,0
        </coordinates>
      </LineString>
    </Placemark>
    <Placemark>
      <LineString>
        <tessellate>1</tessellate>
        <coordinates>
          -2.3630555556,46.86,0
          -3.81,45.5736111111,0
        </coordinates>
      </LineString>
    </Placemark>
    <Placemark>
      <LineString>
        <tessellate>1</tessellate>
        <coordinates>
          -2.3630555556,46.86,0
          -2.0138888889,47.0069444444,0
        </coordinates>
      </LineString>
    </Placemark>
    <Placemark>
      <LineString>
        <tessellate>1</tessellate>
        <coordinates>
          -2.3630555556,46.86,0
          -3.6991666667,46.3222222222,0
        </coordinates>
      </LineString>
    </Placemark>
    <Placemark>
      <LineString>
        <tessellate>1</tessellate>
        <coordinates>
          -2.3630555556,46.86,0
          -3.8672222222,45.0841666667,0
        </coordinates>
      </LineString>
    </Placemark>
    <Placemark>
      <LineString>
        <tessellate>1</tessellate>
        <coordinates>
          3.5297222222,44.1477777778,0
          3.7944444444,43.8108333333,0
        </coordinates>
      </LineString>
    </Placemark>
    <Placemark>
      <LineString>
        <tessellate>1</tessellate>
        <coordinates>
          1.4283333333,44.8927777778,0
          -0.3543438167,45.6357014833,0
        </coordinates>
      </LineString>
    </Placemark>
    <Placemark>
      <LineString>
        <tessellate>1</tessellate>
        <coordinates>
          1.4283333333,44.8927777778,0
          1.5302777778,44.6541666667,0
        </coordinates>
      </LineString>
    </Placemark>
    <Placemark>
      <LineString>
        <tessellate>1</tessellate>
        <coordinates>
          1.4283333333,44.8927777778,0
          1.2380555556,45.3327777778,0
        </coordinates>
      </LineString>
    </Placemark>
    <Placemark>
      <LineString>
        <tessellate>1</tessellate>
        <coordinates>
          1.4283333333,44.8927777778,0
          0.9694444444,45.1172222222,0
        </coordinates>
      </LineString>
    </Placemark>
    <Placemark>
      <LineString>
        <tessellate>1</tessellate>
        <coordinates>
          1.4283333333,44.8927777778,0
          2.0,44.9652777833,0
        </coordinates>
      </LineString>
    </Placemark>
    <Placemark>
      <LineString>
        <tessellate>1</tessellate>
        <coordinates>
          2.8333333333,44.4488888889,0
          2.1644444444,44.1233333333,0
        </coordinates>
      </LineString>
    </Placemark>
    <Placemark>
      <LineString>
        <tessellate>1</tessellate>
        <coordinates>
          2.8333333333,44.4488888889,0
          3.1625,44.6083333333,0
        </coordinates>
      </LineString>
    </Placemark>
    <Placemark>
      <LineString>
        <tessellate>1</tessellate>
        <coordinates>
          4.1052777778,43.5108333333,0
          3.9605435167,43.5857774333,0
        </coordinates>
      </LineString>
    </Placemark>
    <Placemark>
      <LineString>
        <tessellate>1</tessellate>
        <coordinates>
          4.1052777778,43.5108333333,0
          4.4741666667,43.3847222222,0
        </coordinates>
      </LineString>
    </Placemark>
    <Placemark>
      <LineString>
        <tessellate>1</tessellate>
        <coordinates>
          2.0955555556,40.2830555556,0
          1.9247222222,40.6927777778,0
        </coordinates>
      </LineString>
    </Placemark>
    <Placemark>
      <LineString>
        <tessellate>1</tessellate>
        <coordinates>
          2.3375,46.8402777778,0
          3.18,45.9416666667,0
        </coordinates>
      </LineString>
    </Placemark>
    <Placemark>
      <LineString>
        <tessellate>1</tessellate>
        <coordinates>
          2.3375,46.8402777778,0
          2.0894444444,46.19,0
        </coordinates>
      </LineString>
    </Placemark>
    <Placemark>
      <LineString>
        <tessellate>1</tessellate>
        <coordinates>
          2.3375,46.8402777778,0
          2.8180555556,45.9980555556,0
        </coordinates>
      </LineString>
    </Placemark>
    <Placemark>
      <LineString>
        <tessellate>1</tessellate>
        <coordinates>
          -0.8616666667,45.1958333333,0
          -0.70784045,44.83395675,0
        </coordinates>
      </LineString>
    </Placemark>
    <Placemark>
      <LineString>
        <tessellate>1</tessellate>
        <coordinates>
          4.6386111111,45.1877777778,0
          4.8902777778,45.2833333333,0
        </coordinates>
      </LineString>
    </Placemark>
    <Placemark>
      <LineString>
        <tessellate>1</tessellate>
        <coordinates>
          4.6386111111,45.1877777778,0
          3.7502777778,45.2572222222,0
        </coordinates>
      </LineString>
    </Placemark>
    <Placemark>
      <LineString>
        <tessellate>1</tessellate>
        <coordinates>
          4.6386111111,45.1877777778,0
          4.5138888889,45.73,0
        </coordinates>
      </LineString>
    </Placemark>
    <Placemark>
      <LineString>
        <tessellate>1</tessellate>
        <coordinates>
          4.6386111111,45.1877777778,0
          4.0147222222,45.3916666667,0
        </coordinates>
      </LineString>
    </Placemark>
    <Placemark>
      <LineString>
        <tessellate>1</tessellate>
        <coordinates>
          4.6386111111,45.1877777778,0
          4.8905555556,45.6680555556,0
        </coordinates>
      </LineString>
    </Placemark>
    <Placemark>
      <LineString>
        <tessellate>1</tessellate>
        <coordinates>
          0.58730545,44.2005485833,0
          0.8727777778,43.8880555556,0
        </coordinates>
      </LineString>
    </Placemark>
    <Placemark>
      <LineString>
        <tessellate>1</tessellate>
        <coordinates>
          0.58730545,44.2005485833,0
          0.9605555556,45.0,0
        </coordinates>
      </LineString>
    </Placemark>
    <Placemark>
      <LineString>
        <tessellate>1</tessellate>
        <coordinates>
          0.58730545,44.2005485833,0
          -0.2041666667,43.9216666667,0
        </coordinates>
      </LineString>
    </Placemark>
    <Placemark>
      <LineString>
        <tessellate>1</tessellate>
        <coordinates>
          0.58730545,44.2005485833,0
          0.581337,44.1886491,0
        </coordinates>
      </LineString>
    </Placemark>
    <Placemark>
      <LineString>
        <tessellate>1</tessellate>
        <coordinates>
          0.58730545,44.2005485833,0
          0.9044444444,44.2966666667,0
        </coordinates>
      </LineString>
    </Placemark>
    <Placemark>
      <LineString>
        <tessellate>1</tessellate>
        <coordinates>
          0.58730545,44.2005485833,0
          0.5152777778,44.4386111111,0
        </coordinates>
      </LineString>
    </Placemark>
    <Placemark>
      <LineString>
        <tessellate>1</tessellate>
        <coordinates>
          -0.5258389,43.9192221833,0
          -0.6902777778,44.2,0
        </coordinates>
      </LineString>
    </Placemark>
    <Placemark>
      <LineString>
        <tessellate>1</tessellate>
        <coordinates>
          -0.4235881,43.3883431,0
          -0.4200931333,43.3790863167,0
        </coordinates>
      </LineString>
    </Placemark>
    <Placemark>
      <LineString>
        <tessellate>1</tessellate>
        <coordinates>
          -0.4235881,43.3883431,0
          -0.0183333333,43.4666666667,0
        </coordinates>
      </LineString>
    </Placemark>
    <Placemark>
      <LineString>
        <tessellate>1</tessellate>
        <coordinates>
          -0.4235881,43.3883431,0
          -0.7166666667,43.3655555556,0
        </coordinates>
      </LineString>
    </Placemark>
    <Placemark>
      <LineString>
        <tessellate>1</tessellate>
        <coordinates>
          -0.4235881,43.3883431,0
          -1.01,43.925,0
        </coordinates>
      </LineString>
    </Placemark>
    <Placemark>
      <LineString>
        <tessellate>1</tessellate>
        <coordinates>
          -0.4235881,43.3883431,0
          -1.3736111111,43.4769444444,0
        </coordinates>
      </LineString>
    </Placemark>
    <Placemark>
      <LineString>
        <tessellate>1</tessellate>
        <coordinates>
          2.4768464,44.4130763667,0
          2.2097944167,43.6358050333,0
        </coordinates>
      </LineString>
    </Placemark>
    <Placemark>
      <LineString>
        <tessellate>1</tessellate>
        <coordinates>
          2.4768464,44.4130763667,0
          2.4885411667,44.40225365,0
        </coordinates>
      </LineString>
    </Placemark>
    <Placemark>
      <LineString>
        <tessellate>1</tessellate>
        <coordinates>
          2.4768464,44.4130763667,0
          2.6072222222,44.3319444444,0
        </coordinates>
      </LineString>
    </Placemark>
    <Placemark>
      <LineString>
        <tessellate>1</tessellate>
        <coordinates>
          2.4768464,44.4130763667,0
          2.4372222222,44.4319444444,0
        </coordinates>
      </LineString>
    </Placemark>
    <Placemark>
      <LineString>
        <tessellate>1</tessellate>
        <coordinates>
          1.7869444444,44.6708333333,0
          1.4775,44.7802777778,0
        </coordinates>
      </LineString>
    </Placemark>
    <Placemark>
      <LineString>
        <tessellate>1</tessellate>
        <coordinates>
          1.7869444444,44.6708333333,0
          2.6072222222,44.3319444444,0
        </coordinates>
      </LineString>
    </Placemark>
    <Placemark>
      <LineString>
        <tessellate>1</tessellate>
        <coordinates>
          -2.9450688,40.831425,0
          -2.5447222222,40.3719444444,0
        </coordinates>
      </LineString>
    </Placemark>
    <Placemark>
      <LineString>
        <tessellate>1</tessellate>
        <coordinates>
          -2.9450688,40.831425,0
          -2.8056998833,40.93833315,0
        </coordinates>
      </LineString>
    </Placemark>
    <Placemark>
      <LineString>
        <tessellate>1</tessellate>
        <coordinates>
          -1.1044444444,41.4422222222,0
          -1.2980555556,40.8672222222,0
        </coordinates>
      </LineString>
    </Placemark>
    <Placemark>
      <LineString>
        <tessellate>1</tessellate>
        <coordinates>
          3.1961111111,41.6797222222,0
          3.3577777778,41.7338888889,0
        </coordinates>
      </LineString>
    </Placemark>
    <Placemark>
      <LineString>
        <tessellate>1</tessellate>
        <coordinates>
          3.1961111111,41.6797222222,0
          3.1738888889,41.2102777778,0
        </coordinates>
      </LineString>
    </Placemark>
    <Placemark>
      <LineString>
        <tessellate>1</tessellate>
        <coordinates>
          -0.29913475,47.5803735833,0
          -0.25,47.8530555556,0
        </coordinates>
      </LineString>
    </Placemark>
    <Placemark>
      <LineString>
        <tessellate>1</tessellate>
        <coordinates>
          2.03,43.715,0
          2.8691666667,43.7741666667,0
        </coordinates>
      </LineString>
    </Placemark>
    <Placemark>
      <LineString>
        <tessellate>1</tessellate>
        <coordinates>
          2.03,43.715,0
          2.2097944167,43.6358050333,0
        </coordinates>
      </LineString>
    </Placemark>
    <Placemark>
      <LineString>
        <tessellate>1</tessellate>
        <coordinates>
          2.03,43.715,0
          1.8241666667,43.9541666667,0
        </coordinates>
      </LineString>
    </Placemark>
    <Placemark>
      <LineString>
        <tessellate>1</tessellate>
        <coordinates>
          2.03,43.715,0
          1.3097222222,43.6808333333,0
        </coordinates>
      </LineString>
    </Placemark>
    <Placemark>
      <LineString>
        <tessellate>1</tessellate>
        <coordinates>
          1.2272222222,44.4613888889,0
          0.9694444444,45.1172222222,0
        </coordinates>
      </LineString>
    </Placemark>
    <Placemark>
      <LineString>
        <tessellate>1</tessellate>
        <coordinates>
          1.2272222222,44.4613888889,0
          0.6180555556,45.1141666667,0
        </coordinates>
      </LineString>
    </Placemark>
    <Placemark>
      <LineString>
        <tessellate>1</tessellate>
        <coordinates>
          3.9788836333,43.5905894,0
          3.3372344833,43.33593,0
        </coordinates>
      </LineString>
    </Placemark>
    <Placemark>
      <LineString>
        <tessellate>1</tessellate>
        <coordinates>
          3.9788836333,43.5905894,0
          4.1052777778,43.5108333333,0
        </coordinates>
      </LineString>
    </Placemark>
    <Placemark>
      <LineString>
        <tessellate>1</tessellate>
        <coordinates>
          3.9788836333,43.5905894,0
          3.9605435167,43.5857774333,0
        </coordinates>
      </LineString>
    </Placemark>
    <Placemark>
      <LineString>
        <tessellate>1</tessellate>
        <coordinates>
          3.9788836333,43.5905894,0
          4.1887731,44.0958738167,0
        </coordinates>
      </LineString>
    </Placemark>
    <Placemark>
      <LineString>
        <tessellate>1</tessellate>
        <coordinates>
          3.9788836333,43.5905894,0
          3.5294444444,43.6580555556,0
        </coordinates>
      </LineString>
    </Placemark>
    <Placemark>
      <LineString>
        <tessellate>1</tessellate>
        <coordinates>
          3.9788836333,43.5905894,0
          4.4741666667,43.3847222222,0
        </coordinates>
      </LineString>
    </Placemark>
    <Placemark>
      <LineString>
        <tessellate>1</tessellate>
        <coordinates>
          3.9788836333,43.5905894,0
          4.4063888889,43.8572222222,0
        </coordinates>
      </LineString>
    </Placemark>
    <Placemark>
      <LineString>
        <tessellate>1</tessellate>
        <coordinates>
          3.9788836333,43.5905894,0
          2.8672222222,42.7505555556,0
        </coordinates>
      </LineString>
    </Placemark>
    <Placemark>
      <LineString>
        <tessellate>1</tessellate>
        <coordinates>
          3.9788836333,43.5905894,0
          3.2830555556,43.3269444444,0
        </coordinates>
      </LineString>
    </Placemark>
    <Placemark>
      <LineString>
        <tessellate>1</tessellate>
        <coordinates>
          3.9747222222,43.5783333333,0
          3.3372344833,43.33593,0
        </coordinates>
      </LineString>
    </Placemark>
    <Placemark>
      <LineString>
        <tessellate>1</tessellate>
        <coordinates>
          3.9747222222,43.5783333333,0
          2.8522222222,43.7805555556,0
        </coordinates>
      </LineString>
    </Placemark>
    <Placemark>
      <LineString>
        <tessellate>1</tessellate>
        <coordinates>
          3.9747222222,43.5783333333,0
          4.7769444444,43.0561111111,0
        </coordinates>
      </LineString>
    </Placemark>
    <Placemark>
      <LineString>
        <tessellate>1</tessellate>
        <coordinates>
          3.9747222222,43.5783333333,0
          4.4741666667,43.3847222222,0
        </coordinates>
      </LineString>
    </Placemark>
    <Placemark>
      <LineString>
        <tessellate>1</tessellate>
        <coordinates>
          3.9747222222,43.5783333333,0
          2.2513185667,43.46753355,0
        </coordinates>
      </LineString>
    </Placemark>
    <Placemark>
      <LineString>
        <tessellate>1</tessellate>
        <coordinates>
          3.9747222222,43.5783333333,0
          3.025,43.7508333333,0
        </coordinates>
      </LineString>
    </Placemark>
    <Placemark>
      <LineString>
        <tessellate>1</tessellate>
        <coordinates>
          3.9747222222,43.5783333333,0
          4.4063888889,43.8572222222,0
        </coordinates>
      </LineString>
    </Placemark>
    <Placemark>
      <LineString>
        <tessellate>1</tessellate>
        <coordinates>
          3.9747222222,43.5783333333,0
          4.9288888889,43.3369444444,0
        </coordinates>
      </LineString>
    </Placemark>
    <Placemark>
      <LineString>
        <tessellate>1</tessellate>
        <coordinates>
          3.4912817167,47.84063645,0
          3.4347222222,47.7188888889,0
        </coordinates>
      </LineString>
    </Placemark>
    <Placemark>
      <LineString>
        <tessellate>1</tessellate>
        <coordinates>
          2.3881208333,47.0698459833,0
          1.8011111111,46.9366666667,0
        </coordinates>
      </LineString>
    </Placemark>
    <Placemark>
      <LineString>
        <tessellate>1</tessellate>
        <coordinates>
          2.3881208333,47.0698459833,0
          2.22,47.5766666667,0
        </coordinates>
      </LineString>
    </Placemark>
    <Placemark>
      <LineString>
        <tessellate>1</tessellate>
        <coordinates>
          2.3881208333,47.0698459833,0
          2.9294444444,47.1530555556,0
        </coordinates>
      </LineString>
    </Placemark>
    <Placemark>
      <LineString>
        <tessellate>1</tessellate>
        <coordinates>
          2.3881208333,47.0698459833,0
          3.3875,47.5402777778,0
        </coordinates>
      </LineString>
    </Placemark>
    <Placemark>
      <LineString>
        <tessellate>1</tessellate>
        <coordinates>
          3.9785632333,46.3897664833,0
          4.01540355,46.3973345167,0
        </coordinates>
      </LineString>
    </Placemark>
    <Placemark>
      <LineString>
        <tessellate>1</tessellate>
        <coordinates>
          3.9785632333,46.3897664833,0
          3.9577777778,46.1136111111,0
        </coordinates>
      </LineString>
    </Placemark>
    <Placemark>
      <LineString>
        <tessellate>1</tessellate>
        <coordinates>
          3.9785632333,46.3897664833,0
          3.6316666667,46.7066666667,0
        </coordinates>
      </LineString>
    </Placemark>
    <Placemark>
      <LineString>
        <tessellate>1</tessellate>
        <coordinates>
          3.9785632333,46.3897664833,0
          3.9991666667,46.0591666667,0
        </coordinates>
      </LineString>
    </Placemark>
    <Placemark>
      <LineString>
        <tessellate>1</tessellate>
        <coordinates>
          3.9785632333,46.3897664833,0
          3.28344605,46.3255408333,0
        </coordinates>
      </LineString>
    </Placemark>
    <Placemark>
      <LineString>
        <tessellate>1</tessellate>
        <coordinates>
          3.9785632333,46.3897664833,0
          3.5536111111,45.8819444444,0
        </coordinates>
      </LineString>
    </Placemark>
    <Placemark>
      <LineString>
        <tessellate>1</tessellate>
        <coordinates>
          2.440491,44.91924365,0
          2.9330555556,45.4502777778,0
        </coordinates>
      </LineString>
    </Placemark>
    <Placemark>
      <LineString>
        <tessellate>1</tessellate>
        <coordinates>
          4.89422575,43.9150427833,0
          4.7463888889,43.9952777778,0
        </coordinates>
      </LineString>
    </Placemark>
    <Placemark>
      <LineString>
        <tessellate>1</tessellate>
        <coordinates>
          4.89422575,43.9150427833,0
          4.9022473667,43.90801585,0
        </coordinates>
      </LineString>
    </Placemark>
    <Placemark>
      <LineString>
        <tessellate>1</tessellate>
        <coordinates>
          4.89422575,43.9150427833,0
          4.8975,43.7261111111,0
        </coordinates>
      </LineString>
    </Placemark>
    <Placemark>
      <LineString>
        <tessellate>1</tessellate>
        <coordinates>
          4.89422575,43.9150427833,0
          4.4063888889,43.8572222222,0
        </coordinates>
      </LineString>
    </Placemark>
    <Placemark>
      <LineString>
        <tessellate>1</tessellate>
        <coordinates>
          4.89422575,43.9150427833,0
          4.8693111167,44.1397642833,0
        </coordinates>
      </LineString>
    </Placemark>
    <Placemark>
      <LineString>
        <tessellate>1</tessellate>
        <coordinates>
          1.1889325333,47.69673435,0
          1.2858333333,47.8627777778,0
        </coordinates>
      </LineString>
    </Placemark>
    <Placemark>
      <LineString>
        <tessellate>1</tessellate>
        <coordinates>
          1.1889325333,47.69673435,0
          1.2130816,47.6949004667,0
        </coordinates>
      </LineString>
    </Placemark>
    <Placemark>
      <LineString>
        <tessellate>1</tessellate>
        <coordinates>
          1.1889325333,47.69673435,0
          0.8466666667,47.9930555556,0
        </coordinates>
      </LineString>
    </Placemark>
    <Placemark>
      <LineString>
        <tessellate>1</tessellate>
        <coordinates>
          0.4805555556,45.7547222222,0
          0.5308333333,46.5611111111,0
        </coordinates>
      </LineString>
    </Placemark>
    <Placemark>
      <LineString>
        <tessellate>1</tessellate>
        <coordinates>
          0.4805555556,45.7547222222,0
          -0.3116666667,45.6594444444,0
        </coordinates>
      </LineString>
    </Placemark>
    <Placemark>
      <LineString>
        <tessellate>1</tessellate>
        <coordinates>
          0.4805555556,45.7547222222,0
          1.0255555556,45.8158333333,0
        </coordinates>
      </LineString>
    </Placemark>
    <Placemark>
      <LineString>
        <tessellate>1</tessellate>
        <coordinates>
          0.4805555556,45.7547222222,0
          -0.9419444444,46.2133333333,0
        </coordinates>
      </LineString>
    </Placemark>
    <Placemark>
      <LineString>
        <tessellate>1</tessellate>
        <coordinates>
          0.4805555556,45.7547222222,0
          0.2980555556,46.5811111111,0
        </coordinates>
      </LineString>
    </Placemark>
    <Placemark>
      <LineString>
        <tessellate>1</tessellate>
        <coordinates>
          4.4139918667,43.7575831333,0
          4.4264153167,43.7572884,0
        </coordinates>
      </LineString>
    </Placemark>
    <Placemark>
      <LineString>
        <tessellate>1</tessellate>
        <coordinates>
          4.4139918667,43.7575831333,0
          4.1458333333,43.6894444444,0
        </coordinates>
      </LineString>
    </Placemark>
    <Placemark>
      <LineString>
        <tessellate>1</tessellate>
        <coordinates>
          4.4139918667,43.7575831333,0
          4.4741666667,43.3847222222,0
        </coordinates>
      </LineString>
    </Placemark>
    <Placemark>
      <LineString>
        <tessellate>1</tessellate>
        <coordinates>
          4.4139918667,43.7575831333,0
          4.4063888889,43.8572222222,0
        </coordinates>
      </LineString>
    </Placemark>
    <Placemark>
      <LineString>
        <tessellate>1</tessellate>
        <coordinates>
          4.4139918667,43.7575831333,0
          4.8444444444,43.3861111111,0
        </coordinates>
      </LineString>
    </Placemark>
    <Placemark>
      <LineString>
        <tessellate>1</tessellate>
        <coordinates>
          1.8241666667,43.9541666667,0
          0.5583333333,43.6513888889,0
        </coordinates>
      </LineString>
    </Placemark>
    <Placemark>
      <LineString>
        <tessellate>1</tessellate>
        <coordinates>
          1.8241666667,43.9541666667,0
          1.6475,44.3786111111,0
        </coordinates>
      </LineString>
    </Placemark>
    <Placemark>
      <LineString>
        <tessellate>1</tessellate>
        <coordinates>
          1.8241666667,43.9541666667,0
          2.1644444444,44.1233333333,0
        </coordinates>
      </LineString>
    </Placemark>
    <Placemark>
      <LineString>
        <tessellate>1</tessellate>
        <coordinates>
          1.8241666667,43.9541666667,0
          2.03,43.715,0
        </coordinates>
      </LineString>
    </Placemark>
    <Placemark>
      <LineString>
        <tessellate>1</tessellate>
        <coordinates>
          1.8241666667,43.9541666667,0
          1.2272222222,44.4613888889,0
        </coordinates>
      </LineString>
    </Placemark>
    <Placemark>
      <LineString>
        <tessellate>1</tessellate>
        <coordinates>
          1.8241666667,43.9541666667,0
          0.9044444444,44.2966666667,0
        </coordinates>
      </LineString>
    </Placemark>
    <Placemark>
      <LineString>
        <tessellate>1</tessellate>
        <coordinates>
          1.8241666667,43.9541666667,0
          1.8830555556,43.3441666667,0
        </coordinates>
      </LineString>
    </Placemark>
    <Placemark>
      <LineString>
        <tessellate>1</tessellate>
        <coordinates>
          1.8241666667,43.9541666667,0
          2.3397222222,44.2097222222,0
        </coordinates>
      </LineString>
    </Placemark>
    <Placemark>
      <LineString>
        <tessellate>1</tessellate>
        <coordinates>
          1.8241666667,43.9541666667,0
          1.8969444444,43.3363888889,0
        </coordinates>
      </LineString>
    </Placemark>
    <Placemark>
      <LineString>
        <tessellate>1</tessellate>
        <coordinates>
          1.8241666667,43.9541666667,0
          2.2322222222,44.515,0
        </coordinates>
      </LineString>
    </Placemark>
    <Placemark>
      <LineString>
        <tessellate>1</tessellate>
        <coordinates>
          1.8241666667,43.9541666667,0
          0.8880555556,44.0883333333,0
        </coordinates>
      </LineString>
    </Placemark>
    <Placemark>
      <LineString>
        <tessellate>1</tessellate>
        <coordinates>
          1.8241666667,43.9541666667,0
          2.8672222222,42.7505555556,0
        </coordinates>
      </LineString>
    </Placemark>
    <Placemark>
      <LineString>
        <tessellate>1</tessellate>
        <coordinates>
          1.8241666667,43.9541666667,0
          2.6072222222,44.3319444444,0
        </coordinates>
      </LineString>
    </Placemark>
    <Placemark>
      <LineString>
        <tessellate>1</tessellate>
        <coordinates>
          1.8241666667,43.9541666667,0
          0.5152777778,44.4386111111,0
        </coordinates>
      </LineString>
    </Placemark>
    <Placemark>
      <LineString>
        <tessellate>1</tessellate>
        <coordinates>
          1.8241666667,43.9541666667,0
          1.68,43.4811111111,0
        </coordinates>
      </LineString>
    </Placemark>
    <Placemark>
      <LineString>
        <tessellate>1</tessellate>
        <coordinates>
          1.8241666667,43.9541666667,0
          1.3635596833,43.6363061167,0
        </coordinates>
      </LineString>
    </Placemark>
    <Placemark>
      <LineString>
        <tessellate>1</tessellate>
        <coordinates>
          1.9408333333,40.1544444444,0
          1.7302777778,41.0513888889,0
        </coordinates>
      </LineString>
    </Placemark>
    <Placemark>
      <LineString>
        <tessellate>1</tessellate>
        <coordinates>
          1.7458333333,43.2594444444,0
          1.2789269833,43.45687985,0
        </coordinates>
      </LineString>
    </Placemark>
    <Placemark>
      <LineString>
        <tessellate>1</tessellate>
        <coordinates>
          1.7458333333,43.2594444444,0
          1.9288888889,43.0797222222,0
        </coordinates>
      </LineString>
    </Placemark>
    <Placemark>
      <LineString>
        <tessellate>1</tessellate>
        <coordinates>
          2.2866666667,40.8027777778,0
          2.3486111111,40.6266666667,0
        </coordinates>
      </LineString>
    </Placemark>
    <Placemark>
      <LineString>
        <tessellate>1</tessellate>
        <coordinates>
          -3.0488888889,41.7294444444,0
          -2.8805555556,42.4533333333,0
        </coordinates>
      </LineString>
    </Placemark>
    <Placemark>
      <LineString>
        <tessellate>1</tessellate>
        <coordinates>
          -3.0488888889,41.7294444444,0
          -2.6152777778,42.1711111111,0
        </coordinates>
      </LineString>
    </Placemark>
    <Placemark>
      <LineString>
        <tessellate>1</tessellate>
        <coordinates>
          0.6366666667,43.0,0
          0.5583333333,42.6930555556,0
        </coordinates>
      </LineString>
    </Placemark>
    <Placemark>
      <LineString>
        <tessellate>1</tessellate>
        <coordinates>
          0.6366666667,43.0,0
          -0.9791666667,42.9727777778,0
        </coordinates>
      </LineString>
    </Placemark>
    <Placemark>
      <LineString>
        <tessellate>1</tessellate>
        <coordinates>
          0.6366666667,43.0,0
          -0.2444444444,42.7880555556,0
        </coordinates>
      </LineString>
    </Placemark>
    <Placemark>
      <LineString>
        <tessellate>1</tessellate>
        <coordinates>
          1.9872222222,41.2658333333,0
          1.8076067,41.1447914333,0
        </coordinates>
      </LineString>
    </Placemark>
    <Placemark>
      <LineString>
        <tessellate>1</tessellate>
        <coordinates>
          1.9872222222,41.2658333333,0
          1.9855555556,41.0716666667,0
        </coordinates>
      </LineString>
    </Placemark>
    <Placemark>
      <LineString>
        <tessellate>1</tessellate>
        <coordinates>
          -2.0611479333,42.1713654167,0
          -1.9633333333,42.3436111111,0
        </coordinates>
      </LineString>
    </Placemark>
    <Placemark>
      <LineString>
        <tessellate>1</tessellate>
        <coordinates>
          -2.0611479333,42.1713654167,0
          -2.5333333333,41.4736111111,0
        </coordinates>
      </LineString>
    </Placemark>
    <Placemark>
      <LineString>
        <tessellate>1</tessellate>
        <coordinates>
          2.2163888889,42.4333333333,0
          2.4666666667,42.2083333333,0
        </coordinates>
      </LineString>
    </Placemark>
    <Placemark>
      <LineString>
        <tessellate>1</tessellate>
        <coordinates>
          2.2163888889,42.4333333333,0
          1.9466666667,42.6733333333,0
        </coordinates>
      </LineString>
    </Placemark>
    <Placemark>
      <LineString>
        <tessellate>1</tessellate>
        <coordinates>
          0.7302777778,41.845,0
          0.9027777778,42.4488888889,0
        </coordinates>
      </LineString>
    </Placemark>
    <Placemark>
      <LineString>
        <tessellate>1</tessellate>
        <coordinates>
          0.7302777778,41.845,0
          0.3763888889,41.9791666667,0
        </coordinates>
      </LineString>
    </Placemark>
    <Placemark>
      <LineString>
        <tessellate>1</tessellate>
        <coordinates>
          0.7302777778,41.845,0
          1.1136111111,41.6977777778,0
        </coordinates>
      </LineString>
    </Placemark>
    <Placemark>
      <LineString>
        <tessellate>1</tessellate>
        <coordinates>
          3.1477777778,38.2936111111,0
          3.4219444444,38.2133333333,0
        </coordinates>
      </LineString>
    </Placemark>
    <Placemark>
      <LineString>
        <tessellate>1</tessellate>
        <coordinates>
          3.1477777778,38.2936111111,0
          3.2019444444,38.1319444444,0
        </coordinates>
      </LineString>
    </Placemark>
    <Placemark>
      <LineString>
        <tessellate>1</tessellate>
        <coordinates>
          3.1477777778,38.2936111111,0
          2.5180555556,38.5311111111,0
        </coordinates>
      </LineString>
    </Placemark>
    <Placemark>
      <LineString>
        <tessellate>1</tessellate>
        <coordinates>
          3.1477777778,38.2936111111,0
          2.8997222222,39.0247222222,0
        </coordinates>
      </LineString>
    </Placemark>
    <Placemark>
      <LineString>
        <tessellate>1</tessellate>
        <coordinates>
          2.8744444444,46.0577777778,0
          3.4197222222,46.1372222222,0
        </coordinates>
      </LineString>
    </Placemark>
    <Placemark>
      <LineString>
        <tessellate>1</tessellate>
        <coordinates>
          2.8744444444,46.0577777778,0
          3.5536111111,45.8819444444,0
        </coordinates>
      </LineString>
    </Placemark>
    <Placemark>
      <LineString>
        <tessellate>1</tessellate>
        <coordinates>
          0.4833333333,38.82,0
          -0.57,38.2683333333,0
        </coordinates>
      </LineString>
    </Placemark>
    <Placemark>
      <LineString>
        <tessellate>1</tessellate>
        <coordinates>
          -3.8441666667,40.1997222222,0
          -4.0552777778,39.7333333333,0
        </coordinates>
      </LineString>
    </Placemark>
    <Placemark>
      <LineString>
        <tessellate>1</tessellate>
        <coordinates>
          3.5294444444,43.6580555556,0
          3.9605435167,43.5857774333,0
        </coordinates>
      </LineString>
    </Placemark>
    <Placemark>
      <LineString>
        <tessellate>1</tessellate>
        <coordinates>
          3.5294444444,43.6580555556,0
          3.025,43.7508333333,0
        </coordinates>
      </LineString>
    </Placemark>
    <Placemark>
      <LineString>
        <tessellate>1</tessellate>
        <coordinates>
          2.3205555556,44.635,0
          1.8105555556,44.6477777778,0
        </coordinates>
      </LineString>
    </Placemark>
    <Placemark>
      <LineString>
        <tessellate>1</tessellate>
        <coordinates>
          2.3205555556,44.635,0
          1.7488888889,44.2952777778,0
        </coordinates>
      </LineString>
    </Placemark>
    <Placemark>
      <LineString>
        <tessellate>1</tessellate>
        <coordinates>
          2.3205555556,44.635,0
          2.2322222222,44.515,0
        </coordinates>
      </LineString>
    </Placemark>
    <Placemark>
      <LineString>
        <tessellate>1</tessellate>
        <coordinates>
          2.3205555556,44.635,0
          2.4888888889,44.63,0
        </coordinates>
      </LineString>
    </Placemark>
    <Placemark>
      <LineString>
        <tessellate>1</tessellate>
        <coordinates>
          2.3205555556,44.635,0
          2.6227777778,45.0405555556,0
        </coordinates>
      </LineString>
    </Placemark>
    <Placemark>
      <LineString>
        <tessellate>1</tessellate>
        <coordinates>
          1.7430555556,47.7241666667,0
          1.2858333333,47.8627777778,0
        </coordinates>
      </LineString>
    </Placemark>
    <Placemark>
      <LineString>
        <tessellate>1</tessellate>
        <coordinates>
          1.7430555556,47.7241666667,0
          1.2130816,47.6949004667,0
        </coordinates>
      </LineString>
    </Placemark>
    <Placemark>
      <LineString>
        <tessellate>1</tessellate>
        <coordinates>
          1.7430555556,47.7241666667,0
          2.22,47.5766666667,0
        </coordinates>
      </LineString>
    </Placemark>
    <Placemark>
      <LineString>
        <tessellate>1</tessellate>
        <coordinates>
          1.7430555556,47.7241666667,0
          2.1913795,47.92741605,0
        </coordinates>
      </LineString>
    </Placemark>
    <Placemark>
      <LineString>
        <tessellate>1</tessellate>
        <coordinates>
          1.7430555556,47.7241666667,0
          0.7541672333,47.4240863333,0
        </coordinates>
      </LineString>
    </Placemark>
    <Placemark>
      <LineString>
        <tessellate>1</tessellate>
        <coordinates>
          3.5844444444,45.4855555556,0
          3.2068415167,45.79499635,0
        </coordinates>
      </LineString>
    </Placemark>
    <Placemark>
      <LineString>
        <tessellate>1</tessellate>
        <coordinates>
          3.5844444444,45.4855555556,0
          3.8163888889,45.6038888889,0
        </coordinates>
      </LineString>
    </Placemark>
    <Placemark>
      <LineString>
        <tessellate>1</tessellate>
        <coordinates>
          0.18,47.1666666667,0
          0.0861111111,47.5963888889,0
        </coordinates>
      </LineString>
    </Placemark>
    <Placemark>
      <LineString>
        <tessellate>1</tessellate>
        <coordinates>
          0.18,47.1666666667,0
          0.2980555556,46.5811111111,0
        </coordinates>
      </LineString>
    </Placemark>
    <Placemark>
      <LineString>
        <tessellate>1</tessellate>
        <coordinates>
          2.7615182167,41.8914040333,0
          3.2086111167,41.9477777833,0
        </coordinates>
      </LineString>
    </Placemark>
    <Placemark>
      <LineString>
        <tessellate>1</tessellate>
        <coordinates>
          2.7615182167,41.8914040333,0
          2.8711111167,41.8186111167,0
        </coordinates>
      </LineString>
    </Placemark>
    <Placemark>
      <LineString>
        <tessellate>1</tessellate>
        <coordinates>
          2.7615182167,41.8914040333,0
          2.0722222222,41.8366666667,0
        </coordinates>
      </LineString>
    </Placemark>
    <Placemark>
      <LineString>
        <tessellate>1</tessellate>
        <coordinates>
          2.7615182167,41.8914040333,0
          2.4666666667,42.2083333333,0
        </coordinates>
      </LineString>
    </Placemark>
    <Placemark>
      <LineString>
        <tessellate>1</tessellate>
        <coordinates>
          1.8105555556,44.6477777778,0
          2.3205555556,44.635,0
        </coordinates>
      </LineString>
    </Placemark>
    <Placemark>
      <LineString>
        <tessellate>1</tessellate>
        <coordinates>
          1.8105555556,44.6477777778,0
          1.7488888889,44.2952777778,0
        </coordinates>
      </LineString>
    </Placemark>
    <Placemark>
      <LineString>
        <tessellate>1</tessellate>
        <coordinates>
          1.8105555556,44.6477777778,0
          1.6761111111,44.6508333333,0
        </coordinates>
      </LineString>
    </Placemark>
    <Placemark>
      <LineString>
        <tessellate>1</tessellate>
        <coordinates>
          0.9972222222,42.7747222222,0
          0.9797222222,43.0,0
        </coordinates>
      </LineString>
    </Placemark>
    <Placemark>
      <LineString>
        <tessellate>1</tessellate>
        <coordinates>
          0.9972222222,42.7747222222,0
          0.7588888889,43.4608333333,0
        </coordinates>
      </LineString>
    </Placemark>
    <Placemark>
      <LineString>
        <tessellate>1</tessellate>
        <coordinates>
          2.7716666667,41.9313888889,0
          3.2086111167,41.9477777833,0
        </coordinates>
      </LineString>
    </Placemark>
    <Placemark>
      <LineString>
        <tessellate>1</tessellate>
        <coordinates>
          2.7716666667,41.9313888889,0
          2.7513888889,41.6844444444,0
        </coordinates>
      </LineString>
    </Placemark>
    <Placemark>
      <LineString>
        <tessellate>1</tessellate>
        <coordinates>
          2.7716666667,41.9313888889,0
          1.9116666667,41.7616666667,0
        </coordinates>
      </LineString>
    </Placemark>
    <Placemark>
      <LineString>
        <tessellate>1</tessellate>
        <coordinates>
          2.7716666667,41.9313888889,0
          3.1872222222,41.4944444444,0
        </coordinates>
      </LineString>
    </Placemark>
    <Placemark>
      <LineString>
        <tessellate>1</tessellate>
        <coordinates>
          2.7716666667,41.9313888889,0
          2.1097222222,41.52,0
        </coordinates>
      </LineString>
    </Placemark>
    <Placemark>
      <LineString>
        <tessellate>1</tessellate>
        <coordinates>
          -1.68668395,47.05232175,0
          -1.6163421,47.1558157333,0
        </coordinates>
      </LineString>
    </Placemark>
    <Placemark>
      <LineString>
        <tessellate>1</tessellate>
        <coordinates>
          -1.96,47.6419444444,0
          -1.8063888889,47.4302777778,0
        </coordinates>
      </LineString>
    </Placemark>
    <Placemark>
      <LineString>
        <tessellate>1</tessellate>
        <coordinates>
          -1.96,47.6419444444,0
          -1.9288888889,47.3488888889,0
        </coordinates>
      </LineString>
    </Placemark>
    <Placemark>
      <LineString>
        <tessellate>1</tessellate>
        <coordinates>
          -2.25,46.0519444444,0
          -1.2255555556,45.85,0
        </coordinates>
      </LineString>
    </Placemark>
    <Placemark>
      <LineString>
        <tessellate>1</tessellate>
        <coordinates>
          -2.25,46.0519444444,0
          -2.0138888889,47.0069444444,0
        </coordinates>
      </LineString>
    </Placemark>
    <Placemark>
      <LineString>
        <tessellate>1</tessellate>
        <coordinates>
          -2.25,46.0519444444,0
          -3.6991666667,46.3222222222,0
        </coordinates>
      </LineString>
    </Placemark>
    <Placemark>
      <LineString>
        <tessellate>1</tessellate>
        <coordinates>
          1.4108333333,39.3725,0
          2.4175,39.4061111111,0
        </coordinates>
      </LineString>
    </Placemark>
    <Placemark>
      <LineString>
        <tessellate>1</tessellate>
        <coordinates>
          1.4108333333,39.3725,0
          1.28,40.3547222222,0
        </coordinates>
      </LineString>
    </Placemark>
    <Placemark>
      <LineString>
        <tessellate>1</tessellate>
        <coordinates>
          1.4108333333,39.3725,0
          2.0269444444,39.4527777778,0
        </coordinates>
      </LineString>
    </Placemark>
    <Placemark>
      <LineString>
        <tessellate>1</tessellate>
        <coordinates>
          -1.5,42.995,0
          -1.4508333333,43.0583333333,0
        </coordinates>
      </LineString>
    </Placemark>
    <Placemark>
      <LineString>
        <tessellate>1</tessellate>
        <coordinates>
          -1.5,42.995,0
          -1.7019444444,42.7338888889,0
        </coordinates>
      </LineString>
    </Placemark>
    <Placemark>
      <LineString>
        <tessellate>1</tessellate>
        <coordinates>
          -1.5,42.995,0
          -1.6454431333,42.7718839833,0
        </coordinates>
      </LineString>
    </Placemark>
    <Placemark>
      <LineString>
        <tessellate>1</tessellate>
        <coordinates>
          2.8422222222,44.4544444444,0
          2.8522222222,43.7805555556,0
        </coordinates>
      </LineString>
    </Placemark>
    <Placemark>
      <LineString>
        <tessellate>1</tessellate>
        <coordinates>
          2.8422222222,44.4544444444,0
          3.1625,44.6083333333,0
        </coordinates>
      </LineString>
    </Placemark>
    <Placemark>
      <LineString>
        <tessellate>1</tessellate>
        <coordinates>
          0.7588888889,43.4608333333,0
          0.8727777778,43.8880555556,0
        </coordinates>
      </LineString>
    </Placemark>
    <Placemark>
      <LineString>
        <tessellate>1</tessellate>
        <coordinates>
          0.7588888889,43.4608333333,0
          -0.6902777778,44.2,0
        </coordinates>
      </LineString>
    </Placemark>
    <Placemark>
      <LineString>
        <tessellate>1</tessellate>
        <coordinates>
          0.7588888889,43.4608333333,0
          1.3097222222,43.6808333333,0
        </coordinates>
      </LineString>
    </Placemark>
    <Placemark>
      <LineString>
        <tessellate>1</tessellate>
        <coordinates>
          -3.7244444444,40.1108333333,0
          -4.0552777778,39.7333333333,0
        </coordinates>
      </LineString>
    </Placemark>
    <Placemark>
      <LineString>
        <tessellate>1</tessellate>
        <coordinates>
          -3.7244444444,40.1108333333,0
          -4.3375,39.9694444444,0
        </coordinates>
      </LineString>
    </Placemark>
    <Placemark>
      <LineString>
        <tessellate>1</tessellate>
        <coordinates>
          0.3763888889,41.9791666667,0
          0.7302777778,41.845,0
        </coordinates>
      </LineString>
    </Placemark>
    <Placemark>
      <LineString>
        <tessellate>1</tessellate>
        <coordinates>
          0.3763888889,41.9791666667,0
          0.3183333333,41.7480555556,0
        </coordinates>
      </LineString>
    </Placemark>
    <Placemark>
      <LineString>
        <tessellate>1</tessellate>
        <coordinates>
          0.3763888889,41.9791666667,0
          0.1572222222,42.0613888889,0
        </coordinates>
      </LineString>
    </Placemark>
    <Placemark>
      <LineString>
        <tessellate>1</tessellate>
        <coordinates>
          0.3763888889,41.9791666667,0
          1.1261111111,41.7844444444,0
        </coordinates>
      </LineString>
    </Placemark>
    <Placemark>
      <LineString>
        <tessellate>1</tessellate>
        <coordinates>
          0.3763888889,41.9791666667,0
          0.475,42.3675,0
        </coordinates>
      </LineString>
    </Placemark>
    <Placemark>
      <LineString>
        <tessellate>1</tessellate>
        <coordinates>
          2.8063692167,42.02418775,0
          2.7603478667,41.9022670667,0
        </coordinates>
      </LineString>
    </Placemark>
    <Placemark>
      <LineString>
        <tessellate>1</tessellate>
        <coordinates>
          2.0894444444,46.19,0
          1.7486111111,45.8505555556,0
        </coordinates>
      </LineString>
    </Placemark>
    <Placemark>
      <LineString>
        <tessellate>1</tessellate>
        <coordinates>
          2.0894444444,46.19,0
          1.3997222222,45.9491666667,0
        </coordinates>
      </LineString>
    </Placemark>
    <Placemark>
      <LineString>
        <tessellate>1</tessellate>
        <coordinates>
          2.0894444444,46.19,0
          1.8105555556,44.6477777778,0
        </coordinates>
      </LineString>
    </Placemark>
    <Placemark>
      <LineString>
        <tessellate>1</tessellate>
        <coordinates>
          2.0894444444,46.19,0
          2.1983333333,46.2275,0
        </coordinates>
      </LineString>
    </Placemark>
    <Placemark>
      <LineString>
        <tessellate>1</tessellate>
        <coordinates>
          2.0894444444,46.19,0
          1.3394444444,46.0302777778,0
        </coordinates>
      </LineString>
    </Placemark>
    <Placemark>
      <LineString>
        <tessellate>1</tessellate>
        <coordinates>
          1.4777777778,46.4741666667,0
          1.0333333333,46.5161111111,0
        </coordinates>
      </LineString>
    </Placemark>
    <Placemark>
      <LineString>
        <tessellate>1</tessellate>
        <coordinates>
          1.4777777778,46.4741666667,0
          1.6941269667,46.8509647833,0
        </coordinates>
      </LineString>
    </Placemark>
    <Placemark>
      <LineString>
        <tessellate>1</tessellate>
        <coordinates>
          1.4777777778,46.4741666667,0
          1.3394444444,46.0302777778,0
        </coordinates>
      </LineString>
    </Placemark>
    <Placemark>
      <LineString>
        <tessellate>1</tessellate>
        <coordinates>
          1.4777777778,46.4741666667,0
          2.4927777778,46.3725,0
        </coordinates>
      </LineString>
    </Placemark>
    <Placemark>
      <LineString>
        <tessellate>1</tessellate>
        <coordinates>
          -2.5333333333,41.4736111111,0
          -2.6302777833,41.3236111167,0
        </coordinates>
      </LineString>
    </Placemark>
    <Placemark>
      <LineString>
        <tessellate>1</tessellate>
        <coordinates>
          -2.5333333333,41.4736111111,0
          -2.0611479333,42.1713654167,0
        </coordinates>
      </LineString>
    </Placemark>
    <Placemark>
      <LineString>
        <tessellate>1</tessellate>
        <coordinates>
          2.0586111111,42.3616666667,0
          2.2686111111,41.7661111111,0
        </coordinates>
      </LineString>
    </Placemark>
    <Placemark>
      <LineString>
        <tessellate>1</tessellate>
        <coordinates>
          -3.6630555556,43.6430555556,0
          -3.75079455,43.4121522,0
        </coordinates>
      </LineString>
    </Placemark>
    <Placemark>
      <LineString>
        <tessellate>1</tessellate>
        <coordinates>
          -3.6630555556,43.6430555556,0
          -3.4516666667,43.8125,0
        </coordinates>
      </LineString>
    </Placemark>
    <Placemark>
      <LineString>
        <tessellate>1</tessellate>
        <coordinates>
          -3.81,45.5736111111,0
          -3.6991666667,46.3222222222,0
        </coordinates>
      </LineString>
    </Placemark>
    <Placemark>
      <LineString>
        <tessellate>1</tessellate>
        <coordinates>
          -3.81,45.5736111111,0
          -3.8672222222,45.0841666667,0
        </coordinates>
      </LineString>
    </Placemark>
    <Placemark>
      <LineString>
        <tessellate>1</tessellate>
        <coordinates>
          -3.7922222222,40.8536111111,0
          -4.2233333333,41.0152777778,0
        </coordinates>
      </LineString>
    </Placemark>
    <Placemark>
      <LineString>
        <tessellate>1</tessellate>
        <coordinates>
          4.6666666667,40.0647222222,0
          4.2163888889,39.8636111111,0
        </coordinates>
      </LineString>
    </Placemark>
    <Placemark>
      <LineString>
        <tessellate>1</tessellate>
        <coordinates>
          1.37242975,38.8731546833,0
          1.36930455,38.8772804833,0
        </coordinates>
      </LineString>
    </Placemark>
    <Placemark>
      <LineString>
        <tessellate>1</tessellate>
        <coordinates>
          1.37242975,38.8731546833,0
          1.5988888889,38.5502777778,0
        </coordinates>
      </LineString>
    </Placemark>
    <Placemark>
      <LineString>
        <tessellate>1</tessellate>
        <coordinates>
          1.37242975,38.8731546833,0
          1.1169444444,38.7730555556,0
        </coordinates>
      </LineString>
    </Placemark>
    <Placemark>
      <LineString>
        <tessellate>1</tessellate>
        <coordinates>
          1.37242975,38.8731546833,0
          1.6363888889,38.9169444444,0
        </coordinates>
      </LineString>
    </Placemark>
    <Placemark>
      <LineString>
        <tessellate>1</tessellate>
        <coordinates>
          1.4705555556,38.9155555556,0
          1.36930455,38.8772804833,0
        </coordinates>
      </LineString>
    </Placemark>
    <Placemark>
      <LineString>
        <tessellate>1</tessellate>
        <coordinates>
          1.4705555556,38.9155555556,0
          2.7583333333,39.4352777778,0
        </coordinates>
      </LineString>
    </Placemark>
    <Placemark>
      <LineString>
        <tessellate>1</tessellate>
        <coordinates>
          1.4705555556,38.9155555556,0
          2.1613888889,38.6636111111,0
        </coordinates>
      </LineString>
    </Placemark>
    <Placemark>
      <LineString>
        <tessellate>1</tessellate>
        <coordinates>
          1.4705555556,38.9155555556,0
          0.4833333333,39.2088888889,0
        </coordinates>
      </LineString>
    </Placemark>
    <Placemark>
      <LineString>
        <tessellate>1</tessellate>
        <coordinates>
          1.4705555556,38.9155555556,0
          1.4441666667,39.1163888889,0
        </coordinates>
      </LineString>
    </Placemark>
    <Placemark>
      <LineString>
        <tessellate>1</tessellate>
        <coordinates>
          1.4705555556,38.9155555556,0
          1.5427777778,38.8233333333,0
        </coordinates>
      </LineString>
    </Placemark>
    <Placemark>
      <LineString>
        <tessellate>1</tessellate>
        <coordinates>
          1.4705555556,38.9155555556,0
          0.675,38.6688888889,0
        </coordinates>
      </LineString>
    </Placemark>
    <Placemark>
      <LineString>
        <tessellate>1</tessellate>
        <coordinates>
          1.4705555556,38.9155555556,0
          2.4155555556,39.2338888889,0
        </coordinates>
      </LineString>
    </Placemark>
    <Placemark>
      <LineString>
        <tessellate>1</tessellate>
        <coordinates>
          1.4705555556,38.9155555556,0
          2.6105555556,39.2461111111,0
        </coordinates>
      </LineString>
    </Placemark>
    <Placemark>
      <LineString>
        <tessellate>1</tessellate>
        <coordinates>
          -4.2994444444,40.4113888889,0
          -4.0691666667,40.4077777778,0
        </coordinates>
      </LineString>
    </Placemark>
    <Placemark>
      <LineString>
        <tessellate>1</tessellate>
        <coordinates>
          -4.2994444444,40.4113888889,0
          -4.3375,39.9694444444,0
        </coordinates>
      </LineString>
    </Placemark>
    <Placemark>
      <LineString>
        <tessellate>1</tessellate>
        <coordinates>
          -4.0552777778,39.7333333333,0
          -4.4969444444,39.2216666667,0
        </coordinates>
      </LineString>
    </Placemark>
    <Placemark>
      <LineString>
        <tessellate>1</tessellate>
        <coordinates>
          2.9830555556,42.4802777778,0
          2.8466666667,42.1266666667,0
        </coordinates>
      </LineString>
    </Placemark>
    <Placemark>
      <LineString>
        <tessellate>1</tessellate>
        <coordinates>
          2.9830555556,42.4802777778,0
          2.8672222222,42.7505555556,0
        </coordinates>
      </LineString>
    </Placemark>
    <Placemark>
      <LineString>
        <tessellate>1</tessellate>
        <coordinates>
          1.1522222222,41.3311111111,0
          1.1297222222,41.5438888889,0
        </coordinates>
      </LineString>
    </Placemark>
    <Placemark>
      <LineString>
        <tessellate>1</tessellate>
        <coordinates>
          1.1522222222,41.3311111111,0
          1.6891666667,41.3186111111,0
        </coordinates>
      </LineString>
    </Placemark>
    <Placemark>
      <LineString>
        <tessellate>1</tessellate>
        <coordinates>
          4.77,47.5583333333,0
          4.1066666667,47.0666666667,0
        </coordinates>
      </LineString>
    </Placemark>
    <Placemark>
      <LineString>
        <tessellate>1</tessellate>
        <coordinates>
          2.8686111111,43.1719444444,0
          2.8672222222,42.7505555556,0
        </coordinates>
      </LineString>
    </Placemark>
    <Placemark>
      <LineString>
        <tessellate>1</tessellate>
        <coordinates>
          2.8686111111,43.1719444444,0
          2.9369444444,43.1975,0
        </coordinates>
      </LineString>
    </Placemark>
    <Placemark>
      <LineString>
        <tessellate>1</tessellate>
        <coordinates>
          3.1408333333,40.5,0
          3.4341666667,39.6975,0
        </coordinates>
      </LineString>
    </Placemark>
    <Placemark>
      <LineString>
        <tessellate>1</tessellate>
        <coordinates>
          3.1408333333,40.5,0
          3.1147222222,39.9275,0
        </coordinates>
      </LineString>
    </Placemark>
    <Placemark>
      <LineString>
        <tessellate>1</tessellate>
        <coordinates>
          0.2738888889,47.8061111111,0
          0.4133333333,47.9394444444,0
        </coordinates>
      </LineString>
    </Placemark>
    <Placemark>
      <LineString>
        <tessellate>1</tessellate>
        <coordinates>
          -4.5247222222,47.5913888889,0
          -4.9905555556,47.0791666667,0
        </coordinates>
      </LineString>
    </Placemark>
    <Placemark>
      <LineString>
        <tessellate>1</tessellate>
        <coordinates>
          -4.5247222222,47.5913888889,0
          -4.1847222222,47.9572222222,0
        </coordinates>
      </LineString>
    </Placemark>
    <Placemark>
      <LineString>
        <tessellate>1</tessellate>
        <coordinates>
          -1.7769444444,41.0333333333,0
          -2.1377833333,40.725,0
        </coordinates>
      </LineString>
    </Placemark>
    <Placemark>
      <LineString>
        <tessellate>1</tessellate>
        <coordinates>
          -2.5008333333,47.685,0
          -1.6738888889,47.6180555556,0
        </coordinates>
      </LineString>
    </Placemark>
    <Placemark>
      <LineString>
        <tessellate>1</tessellate>
        <coordinates>
          -2.5008333333,47.685,0
          -3.1566666667,47.7438888889,0
        </coordinates>
      </LineString>
    </Placemark>
    <Placemark>
      <LineString>
        <tessellate>1</tessellate>
        <coordinates>
          -2.5008333333,47.685,0
          -2.9622222222,47.965,0
        </coordinates>
      </LineString>
    </Placemark>
    <Placemark>
      <LineString>
        <tessellate>1</tessellate>
        <coordinates>
          -2.5008333333,47.685,0
          -2.0919444444,46.8961111111,0
        </coordinates>
      </LineString>
    </Placemark>
    <Placemark>
      <LineString>
        <tessellate>1</tessellate>
        <coordinates>
          -2.5008333333,47.685,0
          -1.9288888889,47.3488888889,0
        </coordinates>
      </LineString>
    </Placemark>
    <Placemark>
      <LineString>
        <tessellate>1</tessellate>
        <coordinates>
          2.0602777778,41.9352777778,0
          1.9116666667,41.7616666667,0
        </coordinates>
      </LineString>
    </Placemark>
    <Placemark>
      <LineString>
        <tessellate>1</tessellate>
        <coordinates>
          0.8466666667,47.9930555556,0
          1.2858333333,47.8627777778,0
        </coordinates>
      </LineString>
    </Placemark>
    <Placemark>
      <LineString>
        <tessellate>1</tessellate>
        <coordinates>
          0.8466666667,47.9930555556,0
          0.4133333333,47.9394444444,0
        </coordinates>
      </LineString>
    </Placemark>
    <Placemark>
      <LineString>
        <tessellate>1</tessellate>
        <coordinates>
          0.8466666667,47.9930555556,0
          0.9072222222,47.8372222222,0
        </coordinates>
      </LineString>
    </Placemark>
    <Placemark>
      <LineString>
        <tessellate>1</tessellate>
        <coordinates>
          3.1291666667,46.5419444444,0
          3.18,45.9416666667,0
        </coordinates>
      </LineString>
    </Placemark>
    <Placemark>
      <LineString>
        <tessellate>1</tessellate>
        <coordinates>
          3.1291666667,46.5419444444,0
          2.1983333333,46.2275,0
        </coordinates>
      </LineString>
    </Placemark>
    <Placemark>
      <LineString>
        <tessellate>1</tessellate>
        <coordinates>
          3.1291666667,46.5419444444,0
          3.0536111111,46.5166666667,0
        </coordinates>
      </LineString>
    </Placemark>
    <Placemark>
      <LineString>
        <tessellate>1</tessellate>
        <coordinates>
          3.1291666667,46.5419444444,0
          3.22,46.5719444444,0
        </coordinates>
      </LineString>
    </Placemark>
    <Placemark>
      <LineString>
        <tessellate>1</tessellate>
        <coordinates>
          3.1291666667,46.5419444444,0
          3.6316666667,46.7066666667,0
        </coordinates>
      </LineString>
    </Placemark>
    <Placemark>
      <LineString>
        <tessellate>1</tessellate>
        <coordinates>
          3.1291666667,46.5419444444,0
          3.6183333333,45.5352777778,0
        </coordinates>
      </LineString>
    </Placemark>
    <Placemark>
      <LineString>
        <tessellate>1</tessellate>
        <coordinates>
          2.7188888889,40.8994444444,0
          2.7025,40.5,0
        </coordinates>
      </LineString>
    </Placemark>
    <Placemark>
      <LineString>
        <tessellate>1</tessellate>
        <coordinates>
          2.7188888889,40.8994444444,0
          2.6497222222,40.9458333333,0
        </coordinates>
      </LineString>
    </Placemark>
    <Placemark>
      <LineString>
        <tessellate>1</tessellate>
        <coordinates>
          4.9002777778,44.7255555556,0
          4.6386111111,45.1877777778,0
        </coordinates>
      </LineString>
    </Placemark>
    <Placemark>
      <LineString>
        <tessellate>1</tessellate>
        <coordinates>
          4.9002777778,44.7255555556,0
          4.2391666667,45.0338888889,0
        </coordinates>
      </LineString>
    </Placemark>
    <Placemark>
      <LineString>
        <tessellate>1</tessellate>
        <coordinates>
          4.9002777778,44.7255555556,0
          4.7797222222,44.555,0
        </coordinates>
      </LineString>
    </Placemark>
    <Placemark>
      <LineString>
        <tessellate>1</tessellate>
        <coordinates>
          4.9002777778,44.7255555556,0
          4.4455555556,45.1136111111,0
        </coordinates>
      </LineString>
    </Placemark>
    <Placemark>
      <LineString>
        <tessellate>1</tessellate>
        <coordinates>
          -1.5175,47.5997222222,0
          -0.8519444444,47.5369444444,0
        </coordinates>
      </LineString>
    </Placemark>
    <Placemark>
      <LineString>
        <tessellate>1</tessellate>
        <coordinates>
          -1.5175,47.5997222222,0
          -1.6738888889,47.6180555556,0
        </coordinates>
      </LineString>
    </Placemark>
    <Placemark>
      <LineString>
        <tessellate>1</tessellate>
        <coordinates>
          -1.5175,47.5997222222,0
          -1.9288888889,47.3488888889,0
        </coordinates>
      </LineString>
    </Placemark>
    <Placemark>
      <LineString>
        <tessellate>1</tessellate>
        <coordinates>
          -3.9333333333,43.2341666667,0
          -3.975,42.9577777778,0
        </coordinates>
      </LineString>
    </Placemark>
    <Placemark>
      <LineString>
        <tessellate>1</tessellate>
        <coordinates>
          4.2563888889,47.8075,0
          4.6397222222,47.8466666667,0
        </coordinates>
      </LineString>
    </Placemark>
    <Placemark>
      <LineString>
        <tessellate>1</tessellate>
        <coordinates>
          4.2563888889,47.8075,0
          3.4347222222,47.7188888889,0
        </coordinates>
      </LineString>
    </Placemark>
    <Placemark>
      <LineString>
        <tessellate>1</tessellate>
        <coordinates>
          -3.3575,43.4808333333,0
          -2.9358333333,43.3044444444,0
        </coordinates>
      </LineString>
    </Placemark>
    <Placemark>
      <LineString>
        <tessellate>1</tessellate>
        <coordinates>
          -0.6772539667,47.9783541667,0
          -0.4586111111,47.8847222222,0
        </coordinates>
      </LineString>
    </Placemark>
    <Placemark>
      <LineString>
        <tessellate>1</tessellate>
        <coordinates>
          3.355,46.0275,0
          3.9991666667,46.0591666667,0
        </coordinates>
      </LineString>
    </Placemark>
    <Placemark>
      <LineString>
        <tessellate>1</tessellate>
        <coordinates>
          -0.0147222222,43.0769444444,0
          0.75,43.3113888889,0
        </coordinates>
      </LineString>
    </Placemark>
    <Placemark>
      <LineString>
        <tessellate>1</tessellate>
        <coordinates>
          0.9044444444,44.2966666667,0
          0.1308333333,45.3552777778,0
        </coordinates>
      </LineString>
    </Placemark>
    <Placemark>
      <LineString>
        <tessellate>1</tessellate>
        <coordinates>
          0.9044444444,44.2966666667,0
          0.581337,44.1886491,0
        </coordinates>
      </LineString>
    </Placemark>
    <Placemark>
      <LineString>
        <tessellate>1</tessellate>
        <coordinates>
          0.9044444444,44.2966666667,0
          1.8241666667,43.9541666667,0
        </coordinates>
      </LineString>
    </Placemark>
    <Placemark>
      <LineString>
        <tessellate>1</tessellate>
        <coordinates>
          0.9044444444,44.2966666667,0
          0.90979955,44.4169427833,0
        </coordinates>
      </LineString>
    </Placemark>
    <Placemark>
      <LineString>
        <tessellate>1</tessellate>
        <coordinates>
          0.9044444444,44.2966666667,0
          1.4775,44.7802777778,0
        </coordinates>
      </LineString>
    </Placemark>
    <Placemark>
      <LineString>
        <tessellate>1</tessellate>
        <coordinates>
          0.9044444444,44.2966666667,0
          0.9205555556,44.5,0
        </coordinates>
      </LineString>
    </Placemark>
    <Placemark>
      <LineString>
        <tessellate>1</tessellate>
        <coordinates>
          0.9044444444,44.2966666667,0
          0.5152777778,44.4386111111,0
        </coordinates>
      </LineString>
    </Placemark>
    <Placemark>
      <LineString>
        <tessellate>1</tessellate>
        <coordinates>
          -1.8441666667,46.5,0
          -1.5416666667,46.1841666667,0
        </coordinates>
      </LineString>
    </Placemark>
    <Placemark>
      <LineString>
        <tessellate>1</tessellate>
        <coordinates>
          3.0961111111,46.8833333333,0
          3.1291666667,46.5419444444,0
        </coordinates>
      </LineString>
    </Placemark>
    <Placemark>
      <LineString>
        <tessellate>1</tessellate>
        <coordinates>
          3.0961111111,46.8833333333,0
          3.6183333333,45.5352777778,0
        </coordinates>
      </LineString>
    </Placemark>
    <Placemark>
      <LineString>
        <tessellate>1</tessellate>
        <coordinates>
          -3.7036111111,40.9588888889,0
          -3.5769444444,40.8863888889,0
        </coordinates>
      </LineString>
    </Placemark>
    <Placemark>
      <LineString>
        <tessellate>1</tessellate>
        <coordinates>
          2.9847222222,47.1183333333,0
          3.4086111111,46.8486111111,0
        </coordinates>
      </LineString>
    </Placemark>
    <Placemark>
      <LineString>
        <tessellate>1</tessellate>
        <coordinates>
          2.9847222222,47.1183333333,0
          3.0961111111,46.8833333333,0
        </coordinates>
      </LineString>
    </Placemark>
    <Placemark>
      <LineString>
        <tessellate>1</tessellate>
        <coordinates>
          2.9847222222,47.1183333333,0
          2.9294444444,47.1530555556,0
        </coordinates>
      </LineString>
    </Placemark>
    <Placemark>
      <LineString>
        <tessellate>1</tessellate>
        <coordinates>
          4.4613888889,40.8952777778,0
          4.505,41.075,0
        </coordinates>
      </LineString>
    </Placemark>
    <Placemark>
      <LineString>
        <tessellate>1</tessellate>
        <coordinates>
          2.8575,43.4166666667,0
          3.315,43.3341666667,0
        </coordinates>
      </LineString>
    </Placemark>
    <Placemark>
      <LineString>
        <tessellate>1</tessellate>
        <coordinates>
          2.8575,43.4166666667,0
          1.3097222222,43.6808333333,0
        </coordinates>
      </LineString>
    </Placemark>
    <Placemark>
      <LineString>
        <tessellate>1</tessellate>
        <coordinates>
          -1.3619444444,42.1316666667,0
          -1.0305555556,42.4958333333,0
        </coordinates>
      </LineString>
    </Placemark>
    <Placemark>
      <LineString>
        <tessellate>1</tessellate>
        <coordinates>
          -1.4336111111,46.7108333333,0
          -1.68668395,47.05232175,0
        </coordinates>
      </LineString>
    </Placemark>
    <Placemark>
      <LineString>
        <tessellate>1</tessellate>
        <coordinates>
          2.1983333333,46.2275,0
          2.8744444444,46.0577777778,0
        </coordinates>
      </LineString>
    </Placemark>
    <Placemark>
      <LineString>
        <tessellate>1</tessellate>
        <coordinates>
          2.1983333333,46.2275,0
          2.0894444444,46.19,0
        </coordinates>
      </LineString>
    </Placemark>
    <Placemark>
      <LineString>
        <tessellate>1</tessellate>
        <coordinates>
          2.1983333333,46.2275,0
          1.4777777778,46.4741666667,0
        </coordinates>
      </LineString>
    </Placemark>
    <Placemark>
      <LineString>
        <tessellate>1</tessellate>
        <coordinates>
          2.1983333333,46.2275,0
          3.1291666667,46.5419444444,0
        </coordinates>
      </LineString>
    </Placemark>
    <Placemark>
      <LineString>
        <tessellate>1</tessellate>
        <coordinates>
          2.1983333333,46.2275,0
          2.6033333333,46.3655555556,0
        </coordinates>
      </LineString>
    </Placemark>
    <Placemark>
      <LineString>
        <tessellate>1</tessellate>
        <coordinates>
          2.3486111111,40.6266666667,0
          2.3927777778,40.5,0
        </coordinates>
      </LineString>
    </Placemark>
    <Placemark>
      <LineString>
        <tessellate>1</tessellate>
        <coordinates>
          0.90979955,44.4169427833,0
          0.9205555556,44.5,0
        </coordinates>
      </LineString>
    </Placemark>
    <Placemark>
      <LineString>
        <tessellate>1</tessellate>
        <coordinates>
          2.2613888889,45.9811111111,0
          1.3997222222,45.9491666667,0
        </coordinates>
      </LineString>
    </Placemark>
    <Placemark>
      <LineString>
        <tessellate>1</tessellate>
        <coordinates>
          2.2613888889,45.9811111111,0
          2.8744444444,46.0577777778,0
        </coordinates>
      </LineString>
    </Placemark>
    <Placemark>
      <LineString>
        <tessellate>1</tessellate>
        <coordinates>
          2.2613888889,45.9811111111,0
          1.0255555556,45.8158333333,0
        </coordinates>
      </LineString>
    </Placemark>
    <Placemark>
      <LineString>
        <tessellate>1</tessellate>
        <coordinates>
          2.2613888889,45.9811111111,0
          2.8180555556,45.9980555556,0
        </coordinates>
      </LineString>
    </Placemark>
    <Placemark>
      <LineString>
        <tessellate>1</tessellate>
        <coordinates>
          -4.8733333333,43.5041666667,0
          -4.5036111111,43.4844444444,0
        </coordinates>
      </LineString>
    </Placemark>
    <Placemark>
      <LineString>
        <tessellate>1</tessellate>
        <coordinates>
          -0.5444444444,39.2825,0
          0.4833333333,39.0641666667,0
        </coordinates>
      </LineString>
    </Placemark>
    <Placemark>
      <LineString>
        <tessellate>1</tessellate>
        <coordinates>
          -0.5444444444,39.2825,0
          0.4313888889,39.3316666667,0
        </coordinates>
      </LineString>
    </Placemark>
    <Placemark>
      <LineString>
        <tessellate>1</tessellate>
        <coordinates>
          -0.5444444444,39.2825,0
          -0.4397222222,39.2466666667,0
        </coordinates>
      </LineString>
    </Placemark>
    <Placemark>
      <LineString>
        <tessellate>1</tessellate>
        <coordinates>
          -0.5444444444,39.2825,0
          -0.2816666667,38.3602777778,0
        </coordinates>
      </LineString>
    </Placemark>
    <Placemark>
      <LineString>
        <tessellate>1</tessellate>
        <coordinates>
          4.2391666667,45.0338888889,0
          4.5375,44.6691666667,0
        </coordinates>
      </LineString>
    </Placemark>
    <Placemark>
      <LineString>
        <tessellate>1</tessellate>
        <coordinates>
          4.2391666667,45.0338888889,0
          4.9002777778,44.7255555556,0
        </coordinates>
      </LineString>
    </Placemark>
    <Placemark>
      <LineString>
        <tessellate>1</tessellate>
        <coordinates>
          4.2391666667,45.0338888889,0
          3.7502777778,45.2572222222,0
        </coordinates>
      </LineString>
    </Placemark>
    <Placemark>
      <LineString>
        <tessellate>1</tessellate>
        <coordinates>
          4.2391666667,45.0338888889,0
          4.7797222222,44.555,0
        </coordinates>
      </LineString>
    </Placemark>
    <Placemark>
      <LineString>
        <tessellate>1</tessellate>
        <coordinates>
          4.2391666667,45.0338888889,0
          4.4455555556,45.1136111111,0
        </coordinates>
      </LineString>
    </Placemark>
    <Placemark>
      <LineString>
        <tessellate>1</tessellate>
        <coordinates>
          -0.6569444444,42.875,0
          -0.0147222222,43.0769444444,0
        </coordinates>
      </LineString>
    </Placemark>
    <Placemark>
      <LineString>
        <tessellate>1</tessellate>
        <coordinates>
          -0.6569444444,42.875,0
          0.0208333333,43.1591666667,0
        </coordinates>
      </LineString>
    </Placemark>
    <Placemark>
      <LineString>
        <tessellate>1</tessellate>
        <coordinates>
          1.6183333333,41.7716666667,0
          2.0722222222,41.8366666667,0
        </coordinates>
      </LineString>
    </Placemark>
    <Placemark>
      <LineString>
        <tessellate>1</tessellate>
        <coordinates>
          1.6183333333,41.7716666667,0
          1.4836111111,42.6161111111,0
        </coordinates>
      </LineString>
    </Placemark>
    <Placemark>
      <LineString>
        <tessellate>1</tessellate>
        <coordinates>
          3.57,40.3169444444,0
          3.5208333333,40.0941666667,0
        </coordinates>
      </LineString>
    </Placemark>
    <Placemark>
      <LineString>
        <tessellate>1</tessellate>
        <coordinates>
          1.5302777778,44.6541666667,0
          1.6475,44.3786111111,0
        </coordinates>
      </LineString>
    </Placemark>
    <Placemark>
      <LineString>
        <tessellate>1</tessellate>
        <coordinates>
          1.5302777778,44.6541666667,0
          1.4283333333,44.8927777778,0
        </coordinates>
      </LineString>
    </Placemark>
    <Placemark>
      <LineString>
        <tessellate>1</tessellate>
        <coordinates>
          1.5302777778,44.6541666667,0
          0.9044444444,44.2966666667,0
        </coordinates>
      </LineString>
    </Placemark>
    <Placemark>
      <LineString>
        <tessellate>1</tessellate>
        <coordinates>
          1.5302777778,44.6541666667,0
          1.4775,44.7802777778,0
        </coordinates>
      </LineString>
    </Placemark>
    <Placemark>
      <LineString>
        <tessellate>1</tessellate>
        <coordinates>
          1.5302777778,44.6541666667,0
          -0.1530555556,44.6769444444,0
        </coordinates>
      </LineString>
    </Placemark>
    <Placemark>
      <LineString>
        <tessellate>1</tessellate>
        <coordinates>
          1.5302777778,44.6541666667,0
          1.6761111111,44.6508333333,0
        </coordinates>
      </LineString>
    </Placemark>
    <Placemark>
      <LineString>
        <tessellate>1</tessellate>
        <coordinates>
          -1.19676455,46.19692955,0
          -1.1755036,46.18063915,0
        </coordinates>
      </LineString>
    </Placemark>
    <Placemark>
      <LineString>
        <tessellate>1</tessellate>
        <coordinates>
          -1.19676455,46.19692955,0
          -1.3508333333,46.5,0
        </coordinates>
      </LineString>
    </Placemark>
    <Placemark>
      <LineString>
        <tessellate>1</tessellate>
        <coordinates>
          -1.19676455,46.19692955,0
          -1.1502777778,45.9697222222,0
        </coordinates>
      </LineString>
    </Placemark>
    <Placemark>
      <LineString>
        <tessellate>1</tessellate>
        <coordinates>
          -2.5336111111,45.8111111111,0
          -0.3116666667,45.6594444444,0
        </coordinates>
      </LineString>
    </Placemark>
    <Placemark>
      <LineString>
        <tessellate>1</tessellate>
        <coordinates>
          -2.5336111111,45.8111111111,0
          -2.9591666667,45.8302777778,0
        </coordinates>
      </LineString>
    </Placemark>
    <Placemark>
      <LineString>
        <tessellate>1</tessellate>
        <coordinates>
          -2.5336111111,45.8111111111,0
          -2.4244444444,46.4958333333,0
        </coordinates>
      </LineString>
    </Placemark>
    <Placemark>
      <LineString>
        <tessellate>1</tessellate>
        <coordinates>
          1.0161111111,45.6994444444,0
          1.1823022667,45.8830029,0
        </coordinates>
      </LineString>
    </Placemark>
    <Placemark>
      <LineString>
        <tessellate>1</tessellate>
        <coordinates>
          1.0161111111,45.6994444444,0
          1.0255555556,45.8158333333,0
        </coordinates>
      </LineString>
    </Placemark>
    <Placemark>
      <LineString>
        <tessellate>1</tessellate>
        <coordinates>
          1.0161111111,45.6994444444,0
          0.7716666667,45.5744444444,0
        </coordinates>
      </LineString>
    </Placemark>
    <Placemark>
      <LineString>
        <tessellate>1</tessellate>
        <coordinates>
          3.0536111111,46.5166666667,0
          3.1291666667,46.5419444444,0
        </coordinates>
      </LineString>
    </Placemark>
    <Placemark>
      <LineString>
        <tessellate>1</tessellate>
        <coordinates>
          3.0536111111,46.5166666667,0
          2.9294444444,47.1530555556,0
        </coordinates>
      </LineString>
    </Placemark>
    <Placemark>
      <LineString>
        <tessellate>1</tessellate>
        <coordinates>
          3.0536111111,46.5166666667,0
          2.6033333333,46.3655555556,0
        </coordinates>
      </LineString>
    </Placemark>
    <Placemark>
      <LineString>
        <tessellate>1</tessellate>
        <coordinates>
          3.0536111111,46.5166666667,0
          3.08,46.3366666667,0
        </coordinates>
      </LineString>
    </Placemark>
    <Placemark>
      <LineString>
        <tessellate>1</tessellate>
        <coordinates>
          -2.9622222222,47.965,0
          -2.5008333333,47.685,0
        </coordinates>
      </LineString>
    </Placemark>
    <Placemark>
      <LineString>
        <tessellate>1</tessellate>
        <coordinates>
          3.7502777778,45.2572222222,0
          2.8255555556,45.5372222222,0
        </coordinates>
      </LineString>
    </Placemark>
    <Placemark>
      <LineString>
        <tessellate>1</tessellate>
        <coordinates>
          3.7502777778,45.2572222222,0
          3.18,45.9416666667,0
        </coordinates>
      </LineString>
    </Placemark>
    <Placemark>
      <LineString>
        <tessellate>1</tessellate>
        <coordinates>
          3.7502777778,45.2572222222,0
          0.4805555556,45.7547222222,0
        </coordinates>
      </LineString>
    </Placemark>
    <Placemark>
      <LineString>
        <tessellate>1</tessellate>
        <coordinates>
          3.7502777778,45.2572222222,0
          4.2391666667,45.0338888889,0
        </coordinates>
      </LineString>
    </Placemark>
    <Placemark>
      <LineString>
        <tessellate>1</tessellate>
        <coordinates>
          3.7502777778,45.2572222222,0
          3.7636727833,45.1020233333,0
        </coordinates>
      </LineString>
    </Placemark>
    <Placemark>
      <LineString>
        <tessellate>1</tessellate>
        <coordinates>
          3.7502777778,45.2572222222,0
          3.1669444444,44.9569444444,0
        </coordinates>
      </LineString>
    </Placemark>
    <Placemark>
      <LineString>
        <tessellate>1</tessellate>
        <coordinates>
          3.7502777778,45.2572222222,0
          4.4455555556,45.1136111111,0
        </coordinates>
      </LineString>
    </Placemark>
    <Placemark>
      <LineString>
        <tessellate>1</tessellate>
        <coordinates>
          0.5,45.0,0
          1.0255555556,45.8158333333,0
        </coordinates>
      </LineString>
    </Placemark>
    <Placemark>
      <LineString>
        <tessellate>1</tessellate>
        <coordinates>
          -1.9193706167,43.2893254,0
          -2.9358333333,43.3044444444,0
        </coordinates>
      </LineString>
    </Placemark>
    <Placemark>
      <LineString>
        <tessellate>1</tessellate>
        <coordinates>
          -1.9193706167,43.2893254,0
          -1.5102777778,43.4666666667,0
        </coordinates>
      </LineString>
    </Placemark>
    <Placemark>
      <LineString>
        <tessellate>1</tessellate>
        <coordinates>
          -1.9193706167,43.2893254,0
          -1.5304974,43.4732797333,0
        </coordinates>
      </LineString>
    </Placemark>
    <Placemark>
      <LineString>
        <tessellate>1</tessellate>
        <coordinates>
          -1.9193706167,43.2893254,0
          -2.8805555556,42.4533333333,0
        </coordinates>
      </LineString>
    </Placemark>
    <Placemark>
      <LineString>
        <tessellate>1</tessellate>
        <coordinates>
          -1.9193706167,43.2893254,0
          -1.7019444444,42.7338888889,0
        </coordinates>
      </LineString>
    </Placemark>
    <Placemark>
      <LineString>
        <tessellate>1</tessellate>
        <coordinates>
          2.6627777778,41.255,0
          2.325,41.3811111111,0
        </coordinates>
      </LineString>
    </Placemark>
    <Placemark>
      <LineString>
        <tessellate>1</tessellate>
        <coordinates>
          3.9577777778,46.1136111111,0
          3.7680555556,46.4572222222,0
        </coordinates>
      </LineString>
    </Placemark>
    <Placemark>
      <LineString>
        <tessellate>1</tessellate>
        <coordinates>
          3.9577777778,46.1136111111,0
          3.9991666667,46.0591666667,0
        </coordinates>
      </LineString>
    </Placemark>
    <Placemark>
      <LineString>
        <tessellate>1</tessellate>
        <coordinates>
          -2.7471159,42.877283,0
          -2.8805555556,42.4533333333,0
        </coordinates>
      </LineString>
    </Placemark>
    <Placemark>
      <LineString>
        <tessellate>1</tessellate>
        <coordinates>
          -2.7471159,42.877283,0
          -2.8655555556,42.7319444444,0
        </coordinates>
      </LineString>
    </Placemark>
    <Placemark>
      <LineString>
        <tessellate>1</tessellate>
        <coordinates>
          -2.7471159,42.877283,0
          -2.6797222222,42.9280555556,0
        </coordinates>
      </LineString>
    </Placemark>
    <Placemark>
      <LineString>
        <tessellate>1</tessellate>
        <coordinates>
          -3.7462430167,43.4340862833,0
          -3.3166666667,43.3627777778,0
        </coordinates>
      </LineString>
    </Placemark>
    <Placemark>
      <LineString>
        <tessellate>1</tessellate>
        <coordinates>
          -3.7462430167,43.4340862833,0
          -3.6630555556,43.6430555556,0
        </coordinates>
      </LineString>
    </Placemark>
    <Placemark>
      <LineString>
        <tessellate>1</tessellate>
        <coordinates>
          -3.7462430167,43.4340862833,0
          -3.9333333333,43.2341666667,0
        </coordinates>
      </LineString>
    </Placemark>
    <Placemark>
      <LineString>
        <tessellate>1</tessellate>
        <coordinates>
          -3.7462430167,43.4340862833,0
          -3.3575,43.4808333333,0
        </coordinates>
      </LineString>
    </Placemark>
    <Placemark>
      <LineString>
        <tessellate>1</tessellate>
        <coordinates>
          -3.7462430167,43.4340862833,0
          -3.75079455,43.4121522,0
        </coordinates>
      </LineString>
    </Placemark>
    <Placemark>
      <LineString>
        <tessellate>1</tessellate>
        <coordinates>
          -3.7462430167,43.4340862833,0
          -3.9025,43.4497222222,0
        </coordinates>
      </LineString>
    </Placemark>
    <Placemark>
      <LineString>
        <tessellate>1</tessellate>
        <coordinates>
          1.1744342833,45.8556748833,0
          1.1823022667,45.8830029,0
        </coordinates>
      </LineString>
    </Placemark>
    <Placemark>
      <LineString>
        <tessellate>1</tessellate>
        <coordinates>
          1.1744342833,45.8556748833,0
          1.0255555556,45.8158333333,0
        </coordinates>
      </LineString>
    </Placemark>
    <Placemark>
      <LineString>
        <tessellate>1</tessellate>
        <coordinates>
          1.1744342833,45.8556748833,0
          1.1052777778,45.7827777778,0
        </coordinates>
      </LineString>
    </Placemark>
    <Placemark>
      <LineString>
        <tessellate>1</tessellate>
        <coordinates>
          3.18374735,43.997353,0
          2.9875,44.1147222222,0
        </coordinates>
      </LineString>
    </Placemark>
    <Placemark>
      <LineString>
        <tessellate>1</tessellate>
        <coordinates>
          4.6392289667,45.91372895,0
          4.8902777778,45.2833333333,0
        </coordinates>
      </LineString>
    </Placemark>
    <Placemark>
      <LineString>
        <tessellate>1</tessellate>
        <coordinates>
          1.7205378333,46.8568655833,0
          2.3375,46.8402777778,0
        </coordinates>
      </LineString>
    </Placemark>
    <Placemark>
      <LineString>
        <tessellate>1</tessellate>
        <coordinates>
          1.7205378333,46.8568655833,0
          1.4777777778,46.4741666667,0
        </coordinates>
      </LineString>
    </Placemark>
    <Placemark>
      <LineString>
        <tessellate>1</tessellate>
        <coordinates>
          1.7205378333,46.8568655833,0
          1.6941269667,46.8509647833,0
        </coordinates>
      </LineString>
    </Placemark>
    <Placemark>
      <LineString>
        <tessellate>1</tessellate>
        <coordinates>
          1.7205378333,46.8568655833,0
          1.0488888889,46.8825,0
        </coordinates>
      </LineString>
    </Placemark>
    <Placemark>
      <LineString>
        <tessellate>1</tessellate>
        <coordinates>
          1.7205378333,46.8568655833,0
          1.055,47.0258333333,0
        </coordinates>
      </LineString>
    </Placemark>
    <Placemark>
      <LineString>
        <tessellate>1</tessellate>
        <coordinates>
          4.9433021167,45.7161288333,0
          4.8902777778,45.2833333333,0
        </coordinates>
      </LineString>
    </Placemark>
    <Placemark>
      <LineString>
        <tessellate>1</tessellate>
        <coordinates>
          4.9433021167,45.7161288333,0
          4.9290894667,45.7204637833,0
        </coordinates>
      </LineString>
    </Placemark>
    <Placemark>
      <LineString>
        <tessellate>1</tessellate>
        <coordinates>
          -0.19,44.8897222222,0
          -0.3977777778,44.8705555556,0
        </coordinates>
      </LineString>
    </Placemark>
    <Placemark>
      <LineString>
        <tessellate>1</tessellate>
        <coordinates>
          1.1530555556,45.5294444444,0
          1.0161111111,45.6994444444,0
        </coordinates>
      </LineString>
    </Placemark>
    <Placemark>
      <LineString>
        <tessellate>1</tessellate>
        <coordinates>
          1.1530555556,45.5294444444,0
          1.2380555556,45.3327777778,0
        </coordinates>
      </LineString>
    </Placemark>
    <Placemark>
      <LineString>
        <tessellate>1</tessellate>
        <coordinates>
          -2.8480555556,40.4911111111,0
          -3.2477777778,40.6455555556,0
        </coordinates>
      </LineString>
    </Placemark>
    <Placemark>
      <LineString>
        <tessellate>1</tessellate>
        <coordinates>
          -2.8480555556,40.4911111111,0
          -2.3763888889,41.0227777778,0
        </coordinates>
      </LineString>
    </Placemark>
    <Placemark>
      <LineString>
        <tessellate>1</tessellate>
        <coordinates>
          2.4963888889,40.2022222222,0
          2.3958333333,39.5494444444,0
        </coordinates>
      </LineString>
    </Placemark>
    <Placemark>
      <LineString>
        <tessellate>1</tessellate>
        <coordinates>
          2.4963888889,40.2022222222,0
          2.7583333333,39.4352777778,0
        </coordinates>
      </LineString>
    </Placemark>
    <Placemark>
      <LineString>
        <tessellate>1</tessellate>
        <coordinates>
          2.4963888889,40.2022222222,0
          3.1147222222,39.9275,0
        </coordinates>
      </LineString>
    </Placemark>
    <Placemark>
      <LineString>
        <tessellate>1</tessellate>
        <coordinates>
          -0.0183333333,43.4666666667,0
          0.1458333333,43.3322222222,0
        </coordinates>
      </LineString>
    </Placemark>
    <Placemark>
      <LineString>
        <tessellate>1</tessellate>
        <coordinates>
          -0.0183333333,43.4666666667,0
          0.4722222222,43.6241666667,0
        </coordinates>
      </LineString>
    </Placemark>
    <Placemark>
      <LineString>
        <tessellate>1</tessellate>
        <coordinates>
          1.0255555556,45.8158333333,0
          1.0333333333,46.5161111111,0
        </coordinates>
      </LineString>
    </Placemark>
    <Placemark>
      <LineString>
        <tessellate>1</tessellate>
        <coordinates>
          1.0255555556,45.8158333333,0
          1.3997222222,45.9491666667,0
        </coordinates>
      </LineString>
    </Placemark>
    <Placemark>
      <LineString>
        <tessellate>1</tessellate>
        <coordinates>
          1.0255555556,45.8158333333,0
          0.4805555556,45.7547222222,0
        </coordinates>
      </LineString>
    </Placemark>
    <Placemark>
      <LineString>
        <tessellate>1</tessellate>
        <coordinates>
          1.0255555556,45.8158333333,0
          1.4777777778,46.4741666667,0
        </coordinates>
      </LineString>
    </Placemark>
    <Placemark>
      <LineString>
        <tessellate>1</tessellate>
        <coordinates>
          1.0255555556,45.8158333333,0
          2.2613888889,45.9811111111,0
        </coordinates>
      </LineString>
    </Placemark>
    <Placemark>
      <LineString>
        <tessellate>1</tessellate>
        <coordinates>
          1.0255555556,45.8158333333,0
          1.3394444444,46.0302777778,0
        </coordinates>
      </LineString>
    </Placemark>
    <Placemark>
      <LineString>
        <tessellate>1</tessellate>
        <coordinates>
          1.0255555556,45.8158333333,0
          1.2380555556,45.3327777778,0
        </coordinates>
      </LineString>
    </Placemark>
    <Placemark>
      <LineString>
        <tessellate>1</tessellate>
        <coordinates>
          1.0255555556,45.8158333333,0
          0.2836111111,45.435,0
        </coordinates>
      </LineString>
    </Placemark>
    <Placemark>
      <LineString>
        <tessellate>1</tessellate>
        <coordinates>
          1.0255555556,45.8158333333,0
          1.0019444444,45.5163888889,0
        </coordinates>
      </LineString>
    </Placemark>
    <Placemark>
      <LineString>
        <tessellate>1</tessellate>
        <coordinates>
          1.0255555556,45.8158333333,0
          0.1555555556,44.98,0
        </coordinates>
      </LineString>
    </Placemark>
    <Placemark>
      <LineString>
        <tessellate>1</tessellate>
        <coordinates>
          0.3183333333,41.7480555556,0
          0.1594444444,41.7855555556,0
        </coordinates>
      </LineString>
    </Placemark>
    <Placemark>
      <LineString>
        <tessellate>1</tessellate>
        <coordinates>
          0.3183333333,41.7480555556,0
          0.3763888889,41.9791666667,0
        </coordinates>
      </LineString>
    </Placemark>
    <Placemark>
      <LineString>
        <tessellate>1</tessellate>
        <coordinates>
          0.3183333333,41.7480555556,0
          0.6786111111,41.6619444444,0
        </coordinates>
      </LineString>
    </Placemark>
    <Placemark>
      <LineString>
        <tessellate>1</tessellate>
        <coordinates>
          0.3183333333,41.7480555556,0
          0.2186111111,41.3466666667,0
        </coordinates>
      </LineString>
    </Placemark>
    <Placemark>
      <LineString>
        <tessellate>1</tessellate>
        <coordinates>
          0.3183333333,41.7480555556,0
          2.1097222222,41.52,0
        </coordinates>
      </LineString>
    </Placemark>
    <Placemark>
      <LineString>
        <tessellate>1</tessellate>
        <coordinates>
          1.3394444444,46.0302777778,0
          1.1823022667,45.8830029,0
        </coordinates>
      </LineString>
    </Placemark>
    <Placemark>
      <LineString>
        <tessellate>1</tessellate>
        <coordinates>
          1.8830555556,43.3441666667,0
          1.8969444444,43.3363888889,0
        </coordinates>
      </LineString>
    </Placemark>
    <Placemark>
      <LineString>
        <tessellate>1</tessellate>
        <coordinates>
          1.8830555556,43.3441666667,0
          1.6342473,43.0939158333,0
        </coordinates>
      </LineString>
    </Placemark>
    <Placemark>
      <LineString>
        <tessellate>1</tessellate>
        <coordinates>
          1.8830555556,43.3441666667,0
          1.9466666667,42.6733333333,0
        </coordinates>
      </LineString>
    </Placemark>
    <Placemark>
      <LineString>
        <tessellate>1</tessellate>
        <coordinates>
          1.8830555556,43.3441666667,0
          1.3097222222,43.6808333333,0
        </coordinates>
      </LineString>
    </Placemark>
    <Placemark>
      <LineString>
        <tessellate>1</tessellate>
        <coordinates>
          -2.9608333333,42.6386111111,0
          -2.8655555556,42.7319444444,0
        </coordinates>
      </LineString>
    </Placemark>
    <Placemark>
      <LineString>
        <tessellate>1</tessellate>
        <coordinates>
          2.7025,40.5,0
          2.9052777778,40.2197222222,0
        </coordinates>
      </LineString>
    </Placemark>
    <Placemark>
      <LineString>
        <tessellate>1</tessellate>
        <coordinates>
          -3.4411111111,47.7613888889,0
          -3.1566666667,47.7438888889,0
        </coordinates>
      </LineString>
    </Placemark>
    <Placemark>
      <LineString>
        <tessellate>1</tessellate>
        <coordinates>
          -3.4411111111,47.7613888889,0
          -3.6277777778,47.7863888889,0
        </coordinates>
      </LineString>
    </Placemark>
    <Placemark>
      <LineString>
        <tessellate>1</tessellate>
        <coordinates>
          -3.4411111111,47.7613888889,0
          -3.7508333333,47.9616666667,0
        </coordinates>
      </LineString>
    </Placemark>
    <Placemark>
      <LineString>
        <tessellate>1</tessellate>
        <coordinates>
          1.0030555556,40.5497222222,0
          1.2316666667,40.7086111111,0
        </coordinates>
      </LineString>
    </Placemark>
    <Placemark>
      <LineString>
        <tessellate>1</tessellate>
        <coordinates>
          1.0030555556,40.5497222222,0
          0.5216666667,40.3766666667,0
        </coordinates>
      </LineString>
    </Placemark>
    <Placemark>
      <LineString>
        <tessellate>1</tessellate>
        <coordinates>
          1.0030555556,40.5497222222,0
          0.5883333333,40.2580555556,0
        </coordinates>
      </LineString>
    </Placemark>
    <Placemark>
      <LineString>
        <tessellate>1</tessellate>
        <coordinates>
          -2.3269444444,42.4605555556,0
          -2.8805555556,42.4533333333,0
        </coordinates>
      </LineString>
    </Placemark>
    <Placemark>
      <LineString>
        <tessellate>1</tessellate>
        <coordinates>
          -2.3269444444,42.4605555556,0
          -2.1552777778,42.6311111111,0
        </coordinates>
      </LineString>
    </Placemark>
    <Placemark>
      <LineString>
        <tessellate>1</tessellate>
        <coordinates>
          -2.3269444444,42.4605555556,0
          -2.0194768333,42.58932735,0
        </coordinates>
      </LineString>
    </Placemark>
    <Placemark>
      <LineString>
        <tessellate>1</tessellate>
        <coordinates>
          0.6480555556,41.5527777778,0
          0.3763888889,41.9791666667,0
        </coordinates>
      </LineString>
    </Placemark>
    <Placemark>
      <LineString>
        <tessellate>1</tessellate>
        <coordinates>
          0.6480555556,41.5527777778,0
          0.3183333333,41.7480555556,0
        </coordinates>
      </LineString>
    </Placemark>
    <Placemark>
      <LineString>
        <tessellate>1</tessellate>
        <coordinates>
          0.6480555556,41.5527777778,0
          0.6786111111,41.6619444444,0
        </coordinates>
      </LineString>
    </Placemark>
    <Placemark>
      <LineString>
        <tessellate>1</tessellate>
        <coordinates>
          0.6480555556,41.5527777778,0
          0.1572222222,42.0613888889,0
        </coordinates>
      </LineString>
    </Placemark>
    <Placemark>
      <LineString>
        <tessellate>1</tessellate>
        <coordinates>
          0.6480555556,41.5527777778,0
          1.1136111111,41.6977777778,0
        </coordinates>
      </LineString>
    </Placemark>
    <Placemark>
      <LineString>
        <tessellate>1</tessellate>
        <coordinates>
          1.1052777778,45.7827777778,0
          1.0161111111,45.6994444444,0
        </coordinates>
      </LineString>
    </Placemark>
    <Placemark>
      <LineString>
        <tessellate>1</tessellate>
        <coordinates>
          1.1052777778,45.7827777778,0
          1.1530555556,45.5294444444,0
        </coordinates>
      </LineString>
    </Placemark>
    <Placemark>
      <LineString>
        <tessellate>1</tessellate>
        <coordinates>
          1.1052777778,45.7827777778,0
          1.0019444444,45.5163888889,0
        </coordinates>
      </LineString>
    </Placemark>
    <Placemark>
      <LineString>
        <tessellate>1</tessellate>
        <coordinates>
          -0.8611111111,46.5833333333,0
          -0.4583333333,46.5833333333,0
        </coordinates>
      </LineString>
    </Placemark>
    <Placemark>
      <LineString>
        <tessellate>1</tessellate>
        <coordinates>
          -0.8611111111,46.5833333333,0
          -1.1902777778,46.8383333333,0
        </coordinates>
      </LineString>
    </Placemark>
    <Placemark>
      <LineString>
        <tessellate>1</tessellate>
        <coordinates>
          -0.8611111111,46.5833333333,0
          -1.1755036,46.18063915,0
        </coordinates>
      </LineString>
    </Placemark>
    <Placemark>
      <LineString>
        <tessellate>1</tessellate>
        <coordinates>
          -0.8611111111,46.5833333333,0
          -0.6627777778,46.4291666667,0
        </coordinates>
      </LineString>
    </Placemark>
    <Placemark>
      <LineString>
        <tessellate>1</tessellate>
        <coordinates>
          2.2686111111,41.7661111111,0
          2.7025,40.5,0
        </coordinates>
      </LineString>
    </Placemark>
    <Placemark>
      <LineString>
        <tessellate>1</tessellate>
        <coordinates>
          2.8216666667,39.5233333333,0
          2.4175,39.4061111111,0
        </coordinates>
      </LineString>
    </Placemark>
    <Placemark>
      <LineString>
        <tessellate>1</tessellate>
        <coordinates>
          2.8216666667,39.5233333333,0
          2.7583333333,39.4352777778,0
        </coordinates>
      </LineString>
    </Placemark>
    <Placemark>
      <LineString>
        <tessellate>1</tessellate>
        <coordinates>
          -0.8397222222,44.3986111111,0
          -0.7211111111,44.8269444444,0
        </coordinates>
      </LineString>
    </Placemark>
    <Placemark>
      <LineString>
        <tessellate>1</tessellate>
        <coordinates>
          0.4133333333,47.9394444444,0
          0.8466666667,47.9930555556,0
        </coordinates>
      </LineString>
    </Placemark>
    <Placemark>
      <LineString>
        <tessellate>1</tessellate>
        <coordinates>
          0.4133333333,47.9394444444,0
          0.2016666667,47.9125,0
        </coordinates>
      </LineString>
    </Placemark>
    <Placemark>
      <LineString>
        <tessellate>1</tessellate>
        <coordinates>
          4.6666666667,41.7333333333,0
          4.9975,42.5602777778,0
        </coordinates>
      </LineString>
    </Placemark>
    <Placemark>
      <LineString>
        <tessellate>1</tessellate>
        <coordinates>
          4.1458333333,43.6894444444,0
          3.9747222222,43.5783333333,0
        </coordinates>
      </LineString>
    </Placemark>
    <Placemark>
      <LineString>
        <tessellate>1</tessellate>
        <coordinates>
          4.1458333333,43.6894444444,0
          3.9605435167,43.5857774333,0
        </coordinates>
      </LineString>
    </Placemark>
    <Placemark>
      <LineString>
        <tessellate>1</tessellate>
        <coordinates>
          3.3925,40.4397222222,0
          3.4341666667,39.6975,0
        </coordinates>
      </LineString>
    </Placemark>
    <Placemark>
      <LineString>
        <tessellate>1</tessellate>
        <coordinates>
          3.3925,40.4397222222,0
          3.1147222222,39.9275,0
        </coordinates>
      </LineString>
    </Placemark>
    <Placemark>
      <LineString>
        <tessellate>1</tessellate>
        <coordinates>
          3.3925,40.4397222222,0
          3.1458333333,40.6091666667,0
        </coordinates>
      </LineString>
    </Placemark>
    <Placemark>
      <LineString>
        <tessellate>1</tessellate>
        <coordinates>
          -0.9791666667,42.9727777778,0
          -1.7019444444,42.7338888889,0
        </coordinates>
      </LineString>
    </Placemark>
    <Placemark>
      <LineString>
        <tessellate>1</tessellate>
        <coordinates>
          -1.7805555556,43.3747222222,0
          -1.80621235,43.3549933,0
        </coordinates>
      </LineString>
    </Placemark>
    <Placemark>
      <LineString>
        <tessellate>1</tessellate>
        <coordinates>
          -1.7805555556,43.3747222222,0
          -0.8397222222,44.3986111111,0
        </coordinates>
      </LineString>
    </Placemark>
    <Placemark>
      <LineString>
        <tessellate>1</tessellate>
        <coordinates>
          -1.3508333333,46.5,0
          -1.1902777778,46.8383333333,0
        </coordinates>
      </LineString>
    </Placemark>
    <Placemark>
      <LineString>
        <tessellate>1</tessellate>
        <coordinates>
          -1.3508333333,46.5,0
          -1.1755036,46.18063915,0
        </coordinates>
      </LineString>
    </Placemark>
    <Placemark>
      <LineString>
        <tessellate>1</tessellate>
        <coordinates>
          -1.3508333333,46.5,0
          -1.1502777778,45.9697222222,0
        </coordinates>
      </LineString>
    </Placemark>
    <Placemark>
      <LineString>
        <tessellate>1</tessellate>
        <coordinates>
          -1.3508333333,46.5,0
          -1.3908333333,46.5988888889,0
        </coordinates>
      </LineString>
    </Placemark>
    <Placemark>
      <LineString>
        <tessellate>1</tessellate>
        <coordinates>
          0.0861111111,47.5963888889,0
          0.18,47.1666666667,0
        </coordinates>
      </LineString>
    </Placemark>
    <Placemark>
      <LineString>
        <tessellate>1</tessellate>
        <coordinates>
          0.0861111111,47.5963888889,0
          0.2016666667,47.9125,0
        </coordinates>
      </LineString>
    </Placemark>
    <Placemark>
      <LineString>
        <tessellate>1</tessellate>
        <coordinates>
          3.4219444444,38.2133333333,0
          3.1477777778,38.2936111111,0
        </coordinates>
      </LineString>
    </Placemark>
    <Placemark>
      <LineString>
        <tessellate>1</tessellate>
        <coordinates>
          -1.1497222222,39.5491666667,0
          -0.9088888889,39.4436111111,0
        </coordinates>
      </LineString>
    </Placemark>
    <Placemark>
      <LineString>
        <tessellate>1</tessellate>
        <coordinates>
          -3.5614889667,40.4791539333,0
          -3.5450642833,40.5573756333,0
        </coordinates>
      </LineString>
    </Placemark>
    <Placemark>
      <LineString>
        <tessellate>1</tessellate>
        <coordinates>
          -3.5614889667,40.4791539333,0
          -3.5532797167,40.4675938,0
        </coordinates>
      </LineString>
    </Placemark>
    <Placemark>
      <LineString>
        <tessellate>1</tessellate>
        <coordinates>
          -3.5614889667,40.4791539333,0
          -3.5752777778,40.5463888889,0
        </coordinates>
      </LineString>
    </Placemark>
    <Placemark>
      <LineString>
        <tessellate>1</tessellate>
        <coordinates>
          -3.5614889667,40.4791539333,0
          -3.4619205667,40.4949041667,0
        </coordinates>
      </LineString>
    </Placemark>
    <Placemark>
      <LineString>
        <tessellate>1</tessellate>
        <coordinates>
          4.5138888889,45.73,0
          4.1316666667,45.7916666667,0
        </coordinates>
      </LineString>
    </Placemark>
    <Placemark>
      <LineString>
        <tessellate>1</tessellate>
        <coordinates>
          4.5138888889,45.73,0
          4.6488888889,45.7080555556,0
        </coordinates>
      </LineString>
    </Placemark>
    <Placemark>
      <LineString>
        <tessellate>1</tessellate>
        <coordinates>
          4.5138888889,45.73,0
          4.3841666667,46.2836111111,0
        </coordinates>
      </LineString>
    </Placemark>
    <Placemark>
      <LineString>
        <tessellate>1</tessellate>
        <coordinates>
          -0.2308333333,38.0733333333,0
          -0.57,38.2683333333,0
        </coordinates>
      </LineString>
    </Placemark>
    <Placemark>
      <LineString>
        <tessellate>1</tessellate>
        <coordinates>
          -1.1958333333,43.7483333333,0
          -1.5102777778,43.4666666667,0
        </coordinates>
      </LineString>
    </Placemark>
    <Placemark>
      <LineString>
        <tessellate>1</tessellate>
        <coordinates>
          -1.1958333333,43.7483333333,0
          -1.3372222222,43.6222222222,0
        </coordinates>
      </LineString>
    </Placemark>
    <Placemark>
      <LineString>
        <tessellate>1</tessellate>
        <coordinates>
          -1.1958333333,43.7483333333,0
          -1.01,43.925,0
        </coordinates>
      </LineString>
    </Placemark>
    <Placemark>
      <LineString>
        <tessellate>1</tessellate>
        <coordinates>
          -3.5647222222,40.7669444444,0
          -3.7922222222,40.8536111111,0
        </coordinates>
      </LineString>
    </Placemark>
    <Placemark>
      <LineString>
        <tessellate>1</tessellate>
        <coordinates>
          2.3397222222,44.2097222222,0
          2.8422222222,44.4544444444,0
        </coordinates>
      </LineString>
    </Placemark>
    <Placemark>
      <LineString>
        <tessellate>1</tessellate>
        <coordinates>
          1.2380555556,45.3327777778,0
          0.8727777778,43.8880555556,0
        </coordinates>
      </LineString>
    </Placemark>
    <Placemark>
      <LineString>
        <tessellate>1</tessellate>
        <coordinates>
          1.2380555556,45.3327777778,0
          1.5602792333,45.01072215,0
        </coordinates>
      </LineString>
    </Placemark>
    <Placemark>
      <LineString>
        <tessellate>1</tessellate>
        <coordinates>
          1.2380555556,45.3327777778,0
          1.4283333333,44.8927777778,0
        </coordinates>
      </LineString>
    </Placemark>
    <Placemark>
      <LineString>
        <tessellate>1</tessellate>
        <coordinates>
          1.2380555556,45.3327777778,0
          1.1530555556,45.5294444444,0
        </coordinates>
      </LineString>
    </Placemark>
    <Placemark>
      <LineString>
        <tessellate>1</tessellate>
        <coordinates>
          4.3347222222,45.2372222222,0
          4.27846505,45.5590279667,0
        </coordinates>
      </LineString>
    </Placemark>
    <Placemark>
      <LineString>
        <tessellate>1</tessellate>
        <coordinates>
          3.1813888889,45.4308333333,0
          3.1825,45.4041666667,0
        </coordinates>
      </LineString>
    </Placemark>
    <Placemark>
      <LineString>
        <tessellate>1</tessellate>
        <coordinates>
          -1.9386111111,42.845,0
          -2.2363888889,42.9836111111,0
        </coordinates>
      </LineString>
    </Placemark>
    <Placemark>
      <LineString>
        <tessellate>1</tessellate>
        <coordinates>
          -1.9386111111,42.845,0
          -1.8816666667,42.9011111111,0
        </coordinates>
      </LineString>
    </Placemark>
    <Placemark>
      <LineString>
        <tessellate>1</tessellate>
        <coordinates>
          -1.9386111111,42.845,0
          -1.7019444444,42.7338888889,0
        </coordinates>
      </LineString>
    </Placemark>
    <Placemark>
      <LineString>
        <tessellate>1</tessellate>
        <coordinates>
          3.0047222222,43.6288888889,0
          2.8691666667,43.7741666667,0
        </coordinates>
      </LineString>
    </Placemark>
    <Placemark>
      <LineString>
        <tessellate>1</tessellate>
        <coordinates>
          3.0047222222,43.6288888889,0
          3.3372344833,43.33593,0
        </coordinates>
      </LineString>
    </Placemark>
    <Placemark>
      <LineString>
        <tessellate>1</tessellate>
        <coordinates>
          4.0002777778,42.2091666667,0
          3.6258333333,42.0863888889,0
        </coordinates>
      </LineString>
    </Placemark>
    <Placemark>
      <LineString>
        <tessellate>1</tessellate>
        <coordinates>
          4.0002777778,42.2091666667,0
          3.9338888889,41.9238888889,0
        </coordinates>
      </LineString>
    </Placemark>
    <Placemark>
      <LineString>
        <tessellate>1</tessellate>
        <coordinates>
          4.0908333333,39.2175,0
          4.6666666667,39.5855555556,0
        </coordinates>
      </LineString>
    </Placemark>
    <Placemark>
      <LineString>
        <tessellate>1</tessellate>
        <coordinates>
          4.0908333333,39.2175,0
          3.1416666667,38.5969444444,0
        </coordinates>
      </LineString>
    </Placemark>
    <Placemark>
      <LineString>
        <tessellate>1</tessellate>
        <coordinates>
          2.0722222222,41.8366666667,0
          2.7716666667,41.9313888889,0
        </coordinates>
      </LineString>
    </Placemark>
    <Placemark>
      <LineString>
        <tessellate>1</tessellate>
        <coordinates>
          2.0722222222,41.8366666667,0
          2.8063692167,42.02418775,0
        </coordinates>
      </LineString>
    </Placemark>
    <Placemark>
      <LineString>
        <tessellate>1</tessellate>
        <coordinates>
          2.0722222222,41.8366666667,0
          2.1097222222,41.52,0
        </coordinates>
      </LineString>
    </Placemark>
    <Placemark>
      <LineString>
        <tessellate>1</tessellate>
        <coordinates>
          -0.9419444444,46.2133333333,0
          -1.3908333333,46.5988888889,0
        </coordinates>
      </LineString>
    </Placemark>
    <Placemark>
      <LineString>
        <tessellate>1</tessellate>
        <coordinates>
          -3.5769444444,40.8863888889,0
          -3.5532797167,40.4675938,0
        </coordinates>
      </LineString>
    </Placemark>
    <Placemark>
      <LineString>
        <tessellate>1</tessellate>
        <coordinates>
          -1.0405555556,39.9116666667,0
          -0.9863888889,39.7072222222,0
        </coordinates>
      </LineString>
    </Placemark>
    <Placemark>
      <LineString>
        <tessellate>1</tessellate>
        <coordinates>
          -1.0405555556,39.9116666667,0
          -1.2633333333,40.7402777778,0
        </coordinates>
      </LineString>
    </Placemark>
    <Placemark>
      <LineString>
        <tessellate>1</tessellate>
        <coordinates>
          -1.0616666667,45.7333333333,0
          -1.1502777778,45.9697222222,0
        </coordinates>
      </LineString>
    </Placemark>
    <Placemark>
      <LineString>
        <tessellate>1</tessellate>
        <coordinates>
          -1.0616666667,45.7333333333,0
          -1.0366666667,45.6666666667,0
        </coordinates>
      </LineString>
    </Placemark>
    <Placemark>
      <LineString>
        <tessellate>1</tessellate>
        <coordinates>
          -0.2441666667,42.2102777778,0
          0.1572222222,42.0613888889,0
        </coordinates>
      </LineString>
    </Placemark>
    <Placemark>
      <LineString>
        <tessellate>1</tessellate>
        <coordinates>
          -0.2441666667,42.2102777778,0
          -0.5680555556,42.3288888889,0
        </coordinates>
      </LineString>
    </Placemark>
    <Placemark>
      <LineString>
        <tessellate>1</tessellate>
        <coordinates>
          3.8602777778,41.6055555556,0
          4.6666666667,41.7333333333,0
        </coordinates>
      </LineString>
    </Placemark>
    <Placemark>
      <LineString>
        <tessellate>1</tessellate>
        <coordinates>
          3.8602777778,41.6055555556,0
          3.7569444444,41.1530555556,0
        </coordinates>
      </LineString>
    </Placemark>
    <Placemark>
      <LineString>
        <tessellate>1</tessellate>
        <coordinates>
          0.2836111111,45.435,0
          0.1308333333,45.3552777778,0
        </coordinates>
      </LineString>
    </Placemark>
    <Placemark>
      <LineString>
        <tessellate>1</tessellate>
        <coordinates>
          4.4741666667,43.3847222222,0
          4.7769444444,43.0561111111,0
        </coordinates>
      </LineString>
    </Placemark>
    <Placemark>
      <LineString>
        <tessellate>1</tessellate>
        <coordinates>
          4.4741666667,43.3847222222,0
          3.9747222222,43.5783333333,0
        </coordinates>
      </LineString>
    </Placemark>
    <Placemark>
      <LineString>
        <tessellate>1</tessellate>
        <coordinates>
          4.4741666667,43.3847222222,0
          4.7302777778,43.2827777778,0
        </coordinates>
      </LineString>
    </Placemark>
    <Placemark>
      <LineString>
        <tessellate>1</tessellate>
        <coordinates>
          1.28,40.3547222222,0
          1.2316666667,40.7086111111,0
        </coordinates>
      </LineString>
    </Placemark>
    <Placemark>
      <LineString>
        <tessellate>1</tessellate>
        <coordinates>
          1.28,40.3547222222,0
          1.9247222222,40.6927777778,0
        </coordinates>
      </LineString>
    </Placemark>
    <Placemark>
      <LineString>
        <tessellate>1</tessellate>
        <coordinates>
          2.2513185667,43.46753355,0
          2.0416666667,43.4522222222,0
        </coordinates>
      </LineString>
    </Placemark>
    <Placemark>
      <LineString>
        <tessellate>1</tessellate>
        <coordinates>
          2.2513185667,43.46753355,0
          2.03,43.715,0
        </coordinates>
      </LineString>
    </Placemark>
    <Placemark>
      <LineString>
        <tessellate>1</tessellate>
        <coordinates>
          2.2513185667,43.46753355,0
          1.68,43.4811111111,0
        </coordinates>
      </LineString>
    </Placemark>
    <Placemark>
      <LineString>
        <tessellate>1</tessellate>
        <coordinates>
          1.0019444444,45.5163888889,0
          1.0161111111,45.6994444444,0
        </coordinates>
      </LineString>
    </Placemark>
    <Placemark>
      <LineString>
        <tessellate>1</tessellate>
        <coordinates>
          1.0019444444,45.5163888889,0
          0.9694444444,45.1172222222,0
        </coordinates>
      </LineString>
    </Placemark>
    <Placemark>
      <LineString>
        <tessellate>1</tessellate>
        <coordinates>
          4.8975,43.7261111111,0
          4.7463888889,43.9952777778,0
        </coordinates>
      </LineString>
    </Placemark>
    <Placemark>
      <LineString>
        <tessellate>1</tessellate>
        <coordinates>
          4.8975,43.7261111111,0
          4.9022473667,43.90801585,0
        </coordinates>
      </LineString>
    </Placemark>
    <Placemark>
      <LineString>
        <tessellate>1</tessellate>
        <coordinates>
          4.8975,43.7261111111,0
          4.7302777778,43.2827777778,0
        </coordinates>
      </LineString>
    </Placemark>
    <Placemark>
      <LineString>
        <tessellate>1</tessellate>
        <coordinates>
          4.8975,43.7261111111,0
          4.96,43.6158333333,0
        </coordinates>
      </LineString>
    </Placemark>
    <Placemark>
      <LineString>
        <tessellate>1</tessellate>
        <coordinates>
          2.4927777778,46.3725,0
          2.6033333333,46.3655555556,0
        </coordinates>
      </LineString>
    </Placemark>
    <Placemark>
      <LineString>
        <tessellate>1</tessellate>
        <coordinates>
          4.6488888889,45.7080555556,0
          4.5138888889,45.73,0
        </coordinates>
      </LineString>
    </Placemark>
    <Placemark>
      <LineString>
        <tessellate>1</tessellate>
        <coordinates>
          4.6488888889,45.7080555556,0
          4.3755555556,45.3327777778,0
        </coordinates>
      </LineString>
    </Placemark>
    <Placemark>
      <LineString>
        <tessellate>1</tessellate>
        <coordinates>
          4.6488888889,45.7080555556,0
          4.2752777778,45.5225,0
        </coordinates>
      </LineString>
    </Placemark>
    <Placemark>
      <LineString>
        <tessellate>1</tessellate>
        <coordinates>
          4.6488888889,45.7080555556,0
          4.8905555556,45.6680555556,0
        </coordinates>
      </LineString>
    </Placemark>
    <Placemark>
      <LineString>
        <tessellate>1</tessellate>
        <coordinates>
          4.6488888889,45.7080555556,0
          4.2055555556,45.6533333333,0
        </coordinates>
      </LineString>
    </Placemark>
    <Placemark>
      <LineString>
        <tessellate>1</tessellate>
        <coordinates>
          2.2280555556,38.7511111111,0
          2.1613888889,38.6636111111,0
        </coordinates>
      </LineString>
    </Placemark>
    <Placemark>
      <LineString>
        <tessellate>1</tessellate>
        <coordinates>
          2.2280555556,38.7511111111,0
          2.6105555556,39.2461111111,0
        </coordinates>
      </LineString>
    </Placemark>
    <Placemark>
      <LineString>
        <tessellate>1</tessellate>
        <coordinates>
          0.6786111111,41.6619444444,0
          1.1297222222,41.5438888889,0
        </coordinates>
      </LineString>
    </Placemark>
    <Placemark>
      <LineString>
        <tessellate>1</tessellate>
        <coordinates>
          0.6786111111,41.6619444444,0
          0.7302777778,41.845,0
        </coordinates>
      </LineString>
    </Placemark>
    <Placemark>
      <LineString>
        <tessellate>1</tessellate>
        <coordinates>
          0.6786111111,41.6619444444,0
          0.3183333333,41.7480555556,0
        </coordinates>
      </LineString>
    </Placemark>
    <Placemark>
      <LineString>
        <tessellate>1</tessellate>
        <coordinates>
          2.0216666667,43.9216666667,0
          2.5788888889,43.8280555556,0
        </coordinates>
      </LineString>
    </Placemark>
    <Placemark>
      <LineString>
        <tessellate>1</tessellate>
        <coordinates>
          2.0216666667,43.9216666667,0
          2.4561111111,44.0652777778,0
        </coordinates>
      </LineString>
    </Placemark>
    <Placemark>
      <LineString>
        <tessellate>1</tessellate>
        <coordinates>
          2.0216666667,43.9216666667,0
          1.8241666667,43.9541666667,0
        </coordinates>
      </LineString>
    </Placemark>
    <Placemark>
      <LineString>
        <tessellate>1</tessellate>
        <coordinates>
          3.22,46.5719444444,0
          3.1291666667,46.5419444444,0
        </coordinates>
      </LineString>
    </Placemark>
    <Placemark>
      <LineString>
        <tessellate>1</tessellate>
        <coordinates>
          3.22,46.5719444444,0
          3.6316666667,46.7066666667,0
        </coordinates>
      </LineString>
    </Placemark>
    <Placemark>
      <LineString>
        <tessellate>1</tessellate>
        <coordinates>
          3.22,46.5719444444,0
          3.5536111111,45.8819444444,0
        </coordinates>
      </LineString>
    </Placemark>
    <Placemark>
      <LineString>
        <tessellate>1</tessellate>
        <coordinates>
          3.1625,44.6083333333,0
          3.165,44.4430555556,0
        </coordinates>
      </LineString>
    </Placemark>
    <Placemark>
      <LineString>
        <tessellate>1</tessellate>
        <coordinates>
          3.1625,44.6083333333,0
          2.9875,44.1147222222,0
        </coordinates>
      </LineString>
    </Placemark>
    <Placemark>
      <LineString>
        <tessellate>1</tessellate>
        <coordinates>
          3.1625,44.6083333333,0
          3.3372344833,43.33593,0
        </coordinates>
      </LineString>
    </Placemark>
    <Placemark>
      <LineString>
        <tessellate>1</tessellate>
        <coordinates>
          3.1625,44.6083333333,0
          3.4488888889,44.2497222222,0
        </coordinates>
      </LineString>
    </Placemark>
    <Placemark>
      <LineString>
        <tessellate>1</tessellate>
        <coordinates>
          3.1625,44.6083333333,0
          2.8333333333,44.4488888889,0
        </coordinates>
      </LineString>
    </Placemark>
    <Placemark>
      <LineString>
        <tessellate>1</tessellate>
        <coordinates>
          3.1625,44.6083333333,0
          4.1958333333,45.0172222222,0
        </coordinates>
      </LineString>
    </Placemark>
    <Placemark>
      <LineString>
        <tessellate>1</tessellate>
        <coordinates>
          3.1625,44.6083333333,0
          1.7488888889,44.2952777778,0
        </coordinates>
      </LineString>
    </Placemark>
    <Placemark>
      <LineString>
        <tessellate>1</tessellate>
        <coordinates>
          3.1625,44.6083333333,0
          4.41289435,43.8555746333,0
        </coordinates>
      </LineString>
    </Placemark>
    <Placemark>
      <LineString>
        <tessellate>1</tessellate>
        <coordinates>
          3.1625,44.6083333333,0
          2.6072222222,44.3319444444,0
        </coordinates>
      </LineString>
    </Placemark>
    <Placemark>
      <LineString>
        <tessellate>1</tessellate>
        <coordinates>
          3.1625,44.6083333333,0
          2.6005555556,44.6266666667,0
        </coordinates>
      </LineString>
    </Placemark>
    <Placemark>
      <LineString>
        <tessellate>1</tessellate>
        <coordinates>
          4.3666666667,40.5,0
          4.4613888889,40.8952777778,0
        </coordinates>
      </LineString>
    </Placemark>
    <Placemark>
      <LineString>
        <tessellate>1</tessellate>
        <coordinates>
          4.1958333333,45.0172222222,0
          4.2391666667,45.0338888889,0
        </coordinates>
      </LineString>
    </Placemark>
    <Placemark>
      <LineString>
        <tessellate>1</tessellate>
        <coordinates>
          4.1958333333,45.0172222222,0
          4.0422222222,45.1369444444,0
        </coordinates>
      </LineString>
    </Placemark>
    <Placemark>
      <LineString>
        <tessellate>1</tessellate>
        <coordinates>
          4.1958333333,45.0172222222,0
          4.7797222222,44.555,0
        </coordinates>
      </LineString>
    </Placemark>
    <Placemark>
      <LineString>
        <tessellate>1</tessellate>
        <coordinates>
          4.1958333333,45.0172222222,0
          4.3755555556,45.3327777778,0
        </coordinates>
      </LineString>
    </Placemark>
    <Placemark>
      <LineString>
        <tessellate>1</tessellate>
        <coordinates>
          4.1958333333,45.0172222222,0
          4.8436111111,45.1744444444,0
        </coordinates>
      </LineString>
    </Placemark>
    <Placemark>
      <LineString>
        <tessellate>1</tessellate>
        <coordinates>
          4.2163888889,39.8636111111,0
          3.4341666667,39.6975,0
        </coordinates>
      </LineString>
    </Placemark>
    <Placemark>
      <LineString>
        <tessellate>1</tessellate>
        <coordinates>
          4.2163888889,39.8636111111,0
          4.6666666667,40.0647222222,0
        </coordinates>
      </LineString>
    </Placemark>
    <Placemark>
      <LineString>
        <tessellate>1</tessellate>
        <coordinates>
          4.2163888889,39.8636111111,0
          3.3925,40.4397222222,0
        </coordinates>
      </LineString>
    </Placemark>
    <Placemark>
      <LineString>
        <tessellate>1</tessellate>
        <coordinates>
          4.2163888889,39.8636111111,0
          4.6666666667,39.9566666667,0
        </coordinates>
      </LineString>
    </Placemark>
    <Placemark>
      <LineString>
        <tessellate>1</tessellate>
        <coordinates>
          4.2163888889,39.8636111111,0
          3.3747222167,39.6191666667,0
        </coordinates>
      </LineString>
    </Placemark>
    <Placemark>
      <LineString>
        <tessellate>1</tessellate>
        <coordinates>
          4.2163888889,39.8636111111,0
          4.2502777778,40.0113888889,0
        </coordinates>
      </LineString>
    </Placemark>
    <Placemark>
      <LineString>
        <tessellate>1</tessellate>
        <coordinates>
          4.0422222222,45.1369444444,0
          3.5844444444,45.4855555556,0
        </coordinates>
      </LineString>
    </Placemark>
    <Placemark>
      <LineString>
        <tessellate>1</tessellate>
        <coordinates>
          4.0422222222,45.1369444444,0
          3.1625,44.6083333333,0
        </coordinates>
      </LineString>
    </Placemark>
    <Placemark>
      <LineString>
        <tessellate>1</tessellate>
        <coordinates>
          4.0422222222,45.1369444444,0
          4.1958333333,45.0172222222,0
        </coordinates>
      </LineString>
    </Placemark>
    <Placemark>
      <LineString>
        <tessellate>1</tessellate>
        <coordinates>
          -1.4808333333,39.8261111111,0
          -1.2844444444,39.7791666667,0
        </coordinates>
      </LineString>
    </Placemark>
    <Placemark>
      <LineString>
        <tessellate>1</tessellate>
        <coordinates>
          -1.4808333333,39.8261111111,0
          -0.9863888889,39.7072222222,0
        </coordinates>
      </LineString>
    </Placemark>
    <Placemark>
      <LineString>
        <tessellate>1</tessellate>
        <coordinates>
          3.1747222222,45.1044444444,0
          3.1625,44.6083333333,0
        </coordinates>
      </LineString>
    </Placemark>
    <Placemark>
      <LineString>
        <tessellate>1</tessellate>
        <coordinates>
          3.1747222222,45.1044444444,0
          2.6227777778,45.0405555556,0
        </coordinates>
      </LineString>
    </Placemark>
    <Placemark>
      <LineString>
        <tessellate>1</tessellate>
        <coordinates>
          0.3269444444,44.7238888889,0
          -0.19,44.8897222222,0
        </coordinates>
      </LineString>
    </Placemark>
    <Placemark>
      <LineString>
        <tessellate>1</tessellate>
        <coordinates>
          -2.1552777778,42.6311111111,0
          -2.8805555556,42.4533333333,0
        </coordinates>
      </LineString>
    </Placemark>
    <Placemark>
      <LineString>
        <tessellate>1</tessellate>
        <coordinates>
          -2.1552777778,42.6311111111,0
          -1.9386111111,42.845,0
        </coordinates>
      </LineString>
    </Placemark>
    <Placemark>
      <LineString>
        <tessellate>1</tessellate>
        <coordinates>
          -2.1552777778,42.6311111111,0
          -1.7019444444,42.7338888889,0
        </coordinates>
      </LineString>
    </Placemark>
    <Placemark>
      <LineString>
        <tessellate>1</tessellate>
        <coordinates>
          -0.0136111111,38.4494444444,0
          0.4833333333,38.6083333333,0
        </coordinates>
      </LineString>
    </Placemark>
    <Placemark>
      <LineString>
        <tessellate>1</tessellate>
        <coordinates>
          -0.0136111111,38.4494444444,0
          -0.0077777778,39.3508333333,0
        </coordinates>
      </LineString>
    </Placemark>
    <Placemark>
      <LineString>
        <tessellate>1</tessellate>
        <coordinates>
          -0.0136111111,38.4494444444,0
          -0.2816666667,38.3602777778,0
        </coordinates>
      </LineString>
    </Placemark>
    <Placemark>
      <LineString>
        <tessellate>1</tessellate>
        <coordinates>
          -3.2477777778,40.6455555556,0
          -3.5205555556,40.3408333333,0
        </coordinates>
      </LineString>
    </Placemark>
    <Placemark>
      <LineString>
        <tessellate>1</tessellate>
        <coordinates>
          -3.2477777778,40.6455555556,0
          -3.2466666667,40.8538888889,0
        </coordinates>
      </LineString>
    </Placemark>
    <Placemark>
      <LineString>
        <tessellate>1</tessellate>
        <coordinates>
          -3.2477777778,40.6455555556,0
          -3.2863888889,40.6605555556,0
        </coordinates>
      </LineString>
    </Placemark>
    <Placemark>
      <LineString>
        <tessellate>1</tessellate>
        <coordinates>
          2.7583333333,39.4352777778,0
          2.3958333333,39.5494444444,0
        </coordinates>
      </LineString>
    </Placemark>
    <Placemark>
      <LineString>
        <tessellate>1</tessellate>
        <coordinates>
          2.7583333333,39.4352777778,0
          2.7155555556,39.2758333333,0
        </coordinates>
      </LineString>
    </Placemark>
    <Placemark>
      <LineString>
        <tessellate>1</tessellate>
        <coordinates>
          2.7583333333,39.4352777778,0
          3.1225,39.54444445,0
        </coordinates>
      </LineString>
    </Placemark>
    <Placemark>
      <LineString>
        <tessellate>1</tessellate>
        <coordinates>
          2.7583333333,39.4352777778,0
          2.4175,39.4061111111,0
        </coordinates>
      </LineString>
    </Placemark>
    <Placemark>
      <LineString>
        <tessellate>1</tessellate>
        <coordinates>
          2.7583333333,39.4352777778,0
          1.4705555556,38.9155555556,0
        </coordinates>
      </LineString>
    </Placemark>
    <Placemark>
      <LineString>
        <tessellate>1</tessellate>
        <coordinates>
          2.7583333333,39.4352777778,0
          3.08,39.7188888889,0
        </coordinates>
      </LineString>
    </Placemark>
    <Placemark>
      <LineString>
        <tessellate>1</tessellate>
        <coordinates>
          2.7583333333,39.4352777778,0
          2.8997222222,39.0247222222,0
        </coordinates>
      </LineString>
    </Placemark>
    <Placemark>
      <LineString>
        <tessellate>1</tessellate>
        <coordinates>
          2.7583333333,39.4352777778,0
          3.2566666667,39.4272222222,0
        </coordinates>
      </LineString>
    </Placemark>
    <Placemark>
      <LineString>
        <tessellate>1</tessellate>
        <coordinates>
          2.7583333333,39.4352777778,0
          4.6666666667,39.5855555556,0
        </coordinates>
      </LineString>
    </Placemark>
    <Placemark>
      <LineString>
        <tessellate>1</tessellate>
        <coordinates>
          2.7583333333,39.4352777778,0
          2.6105555556,39.2461111111,0
        </coordinates>
      </LineString>
    </Placemark>
    <Placemark>
      <LineString>
        <tessellate>1</tessellate>
        <coordinates>
          0.1652777778,41.1297222222,0
          0.1994444444,41.2683333333,0
        </coordinates>
      </LineString>
    </Placemark>
    <Placemark>
      <LineString>
        <tessellate>1</tessellate>
        <coordinates>
          0.1652777778,41.1297222222,0
          0.0616666667,40.8722222222,0
        </coordinates>
      </LineString>
    </Placemark>
    <Placemark>
      <LineString>
        <tessellate>1</tessellate>
        <coordinates>
          0.1652777778,41.1297222222,0
          -0.8782301333,41.6028794,0
        </coordinates>
      </LineString>
    </Placemark>
    <Placemark>
      <LineString>
        <tessellate>1</tessellate>
        <coordinates>
          3.2019444444,38.1319444444,0
          3.1477777778,38.2936111111,0
        </coordinates>
      </LineString>
    </Placemark>
    <Placemark>
      <LineString>
        <tessellate>1</tessellate>
        <coordinates>
          3.1669444444,44.9569444444,0
          2.8372222222,44.7844444444,0
        </coordinates>
      </LineString>
    </Placemark>
    <Placemark>
      <LineString>
        <tessellate>1</tessellate>
        <coordinates>
          -2.0138888889,47.0069444444,0
          -2.8811111111,47.5833333333,0
        </coordinates>
      </LineString>
    </Placemark>
    <Placemark>
      <LineString>
        <tessellate>1</tessellate>
        <coordinates>
          -2.0138888889,47.0069444444,0
          -2.0919444444,46.8961111111,0
        </coordinates>
      </LineString>
    </Placemark>
    <Placemark>
      <LineString>
        <tessellate>1</tessellate>
        <coordinates>
          -2.0138888889,47.0069444444,0
          -1.6130555556,47.1608333333,0
        </coordinates>
      </LineString>
    </Placemark>
    <Placemark>
      <LineString>
        <tessellate>1</tessellate>
        <coordinates>
          -2.0138888889,47.0069444444,0
          -1.8480555556,47.1569444444,0
        </coordinates>
      </LineString>
    </Placemark>
    <Placemark>
      <LineString>
        <tessellate>1</tessellate>
        <coordinates>
          -2.0138888889,47.0069444444,0
          -1.9288888889,47.3488888889,0
        </coordinates>
      </LineString>
    </Placemark>
    <Placemark>
      <LineString>
        <tessellate>1</tessellate>
        <coordinates>
          1.5988888889,38.5502777778,0
          1.9169444444,38.3422222222,0
        </coordinates>
      </LineString>
    </Placemark>
    <Placemark>
      <LineString>
        <tessellate>1</tessellate>
        <coordinates>
          4.5127777778,44.0552777778,0
          4.7797222222,44.555,0
        </coordinates>
      </LineString>
    </Placemark>
    <Placemark>
      <LineString>
        <tessellate>1</tessellate>
        <coordinates>
          4.5127777778,44.0552777778,0
          4.4063888889,43.8572222222,0
        </coordinates>
      </LineString>
    </Placemark>
    <Placemark>
      <LineString>
        <tessellate>1</tessellate>
        <coordinates>
          1.8969444444,43.3363888889,0
          2.0083333333,42.3669444444,0
        </coordinates>
      </LineString>
    </Placemark>
    <Placemark>
      <LineString>
        <tessellate>1</tessellate>
        <coordinates>
          -1.3372222222,43.6222222222,0
          -1.3736111111,43.4769444444,0
        </coordinates>
      </LineString>
    </Placemark>
    <Placemark>
      <LineString>
        <tessellate>1</tessellate>
        <coordinates>
          -4.4969444444,39.2216666667,0
          -4.5563888889,38.9386111111,0
        </coordinates>
      </LineString>
    </Placemark>
    <Placemark>
      <LineString>
        <tessellate>1</tessellate>
        <coordinates>
          -1.1466666667,46.93,0
          -0.8519444444,47.5369444444,0
        </coordinates>
      </LineString>
    </Placemark>
    <Placemark>
      <LineString>
        <tessellate>1</tessellate>
        <coordinates>
          1.0344444444,42.4352777778,0
          0.9972222222,42.7747222222,0
        </coordinates>
      </LineString>
    </Placemark>
    <Placemark>
      <LineString>
        <tessellate>1</tessellate>
        <coordinates>
          4.3841666667,46.2836111111,0
          4.2591666667,46.8058333333,0
        </coordinates>
      </LineString>
    </Placemark>
    <Placemark>
      <LineString>
        <tessellate>1</tessellate>
        <coordinates>
          -3.5422222222,39.0,0
          -3.4847222222,39.5744444444,0
        </coordinates>
      </LineString>
    </Placemark>
    <Placemark>
      <LineString>
        <tessellate>1</tessellate>
        <coordinates>
          -3.5422222222,39.0,0
          -4.0471143167,39.6384119833,0
        </coordinates>
      </LineString>
    </Placemark>
    <Placemark>
      <LineString>
        <tessellate>1</tessellate>
        <coordinates>
          4.6666666667,39.9566666667,0
          4.2163888889,39.8636111111,0
        </coordinates>
      </LineString>
    </Placemark>
    <Placemark>
      <LineString>
        <tessellate>1</tessellate>
        <coordinates>
          4.6666666667,39.9566666667,0
          4.7713888889,39.9780555556,0
        </coordinates>
      </LineString>
    </Placemark>
    <Placemark>
      <LineString>
        <tessellate>1</tessellate>
        <coordinates>
          2.22,47.5766666667,0
          1.7430555556,47.7241666667,0
        </coordinates>
      </LineString>
    </Placemark>
    <Placemark>
      <LineString>
        <tessellate>1</tessellate>
        <coordinates>
          2.22,47.5766666667,0
          1.7760571333,47.9886040333,0
        </coordinates>
      </LineString>
    </Placemark>
    <Placemark>
      <LineString>
        <tessellate>1</tessellate>
        <coordinates>
          2.22,47.5766666667,0
          2.1913795,47.92741605,0
        </coordinates>
      </LineString>
    </Placemark>
    <Placemark>
      <LineString>
        <tessellate>1</tessellate>
        <coordinates>
          2.22,47.5766666667,0
          3.4347222222,47.7188888889,0
        </coordinates>
      </LineString>
    </Placemark>
    <Placemark>
      <LineString>
        <tessellate>1</tessellate>
        <coordinates>
          2.22,47.5766666667,0
          2.7416666667,47.2666666667,0
        </coordinates>
      </LineString>
    </Placemark>
    <Placemark>
      <LineString>
        <tessellate>1</tessellate>
        <coordinates>
          2.22,47.5766666667,0
          2.2016666667,47.34,0
        </coordinates>
      </LineString>
    </Placemark>
    <Placemark>
      <LineString>
        <tessellate>1</tessellate>
        <coordinates>
          -1.7452777778,39.5388888889,0
          -2.1744444444,39.9888888889,0
        </coordinates>
      </LineString>
    </Placemark>
    <Placemark>
      <LineString>
        <tessellate>1</tessellate>
        <coordinates>
          -1.7452777778,39.5388888889,0
          -1.4955555556,39.2736111111,0
        </coordinates>
      </LineString>
    </Placemark>
    <Placemark>
      <LineString>
        <tessellate>1</tessellate>
        <coordinates>
          3.6316666667,46.7066666667,0
          3.4086111111,46.8486111111,0
        </coordinates>
      </LineString>
    </Placemark>
    <Placemark>
      <LineString>
        <tessellate>1</tessellate>
        <coordinates>
          3.6316666667,46.7066666667,0
          3.5313888889,46.5,0
        </coordinates>
      </LineString>
    </Placemark>
    <Placemark>
      <LineString>
        <tessellate>1</tessellate>
        <coordinates>
          3.6316666667,46.7066666667,0
          4.1066666667,47.0666666667,0
        </coordinates>
      </LineString>
    </Placemark>
    <Placemark>
      <LineString>
        <tessellate>1</tessellate>
        <coordinates>
          3.6316666667,46.7066666667,0
          4.01540355,46.3973345167,0
        </coordinates>
      </LineString>
    </Placemark>
    <Placemark>
      <LineString>
        <tessellate>1</tessellate>
        <coordinates>
          3.6316666667,46.7066666667,0
          3.1291666667,46.5419444444,0
        </coordinates>
      </LineString>
    </Placemark>
    <Placemark>
      <LineString>
        <tessellate>1</tessellate>
        <coordinates>
          3.6316666667,46.7066666667,0
          3.22,46.5719444444,0
        </coordinates>
      </LineString>
    </Placemark>
    <Placemark>
      <LineString>
        <tessellate>1</tessellate>
        <coordinates>
          3.6316666667,46.7066666667,0
          3.6794444444,46.9338888889,0
        </coordinates>
      </LineString>
    </Placemark>
    <Placemark>
      <LineString>
        <tessellate>1</tessellate>
        <coordinates>
          3.6316666667,46.7066666667,0
          3.7680555556,46.4572222222,0
        </coordinates>
      </LineString>
    </Placemark>
    <Placemark>
      <LineString>
        <tessellate>1</tessellate>
        <coordinates>
          3.6316666667,46.7066666667,0
          3.4347222222,47.7188888889,0
        </coordinates>
      </LineString>
    </Placemark>
    <Placemark>
      <LineString>
        <tessellate>1</tessellate>
        <coordinates>
          3.6316666667,46.7066666667,0
          4.2591666667,46.8058333333,0
        </coordinates>
      </LineString>
    </Placemark>
    <Placemark>
      <LineString>
        <tessellate>1</tessellate>
        <coordinates>
          4.7797222222,44.555,0
          4.4830555556,45.1280555556,0
        </coordinates>
      </LineString>
    </Placemark>
    <Placemark>
      <LineString>
        <tessellate>1</tessellate>
        <coordinates>
          4.7797222222,44.555,0
          4.7463888889,43.9952777778,0
        </coordinates>
      </LineString>
    </Placemark>
    <Placemark>
      <LineString>
        <tessellate>1</tessellate>
        <coordinates>
          4.7797222222,44.555,0
          4.6386111111,45.1877777778,0
        </coordinates>
      </LineString>
    </Placemark>
    <Placemark>
      <LineString>
        <tessellate>1</tessellate>
        <coordinates>
          4.7797222222,44.555,0
          4.1887731,44.0958738167,0
        </coordinates>
      </LineString>
    </Placemark>
    <Placemark>
      <LineString>
        <tessellate>1</tessellate>
        <coordinates>
          4.7797222222,44.555,0
          4.9022473667,43.90801585,0
        </coordinates>
      </LineString>
    </Placemark>
    <Placemark>
      <LineString>
        <tessellate>1</tessellate>
        <coordinates>
          4.7797222222,44.555,0
          4.1958333333,45.0172222222,0
        </coordinates>
      </LineString>
    </Placemark>
    <Placemark>
      <LineString>
        <tessellate>1</tessellate>
        <coordinates>
          4.7797222222,44.555,0
          4.5127777778,44.0552777778,0
        </coordinates>
      </LineString>
    </Placemark>
    <Placemark>
      <LineString>
        <tessellate>1</tessellate>
        <coordinates>
          4.7797222222,44.555,0
          4.0980555556,44.3225,0
        </coordinates>
      </LineString>
    </Placemark>
    <Placemark>
      <LineString>
        <tessellate>1</tessellate>
        <coordinates>
          4.7797222222,44.555,0
          4.8693111167,44.1397642833,0
        </coordinates>
      </LineString>
    </Placemark>
    <Placemark>
      <LineString>
        <tessellate>1</tessellate>
        <coordinates>
          4.7797222222,44.555,0
          4.7538888889,44.1202777778,0
        </coordinates>
      </LineString>
    </Placemark>
    <Placemark>
      <LineString>
        <tessellate>1</tessellate>
        <coordinates>
          4.7797222222,44.555,0
          4.8436111111,45.1744444444,0
        </coordinates>
      </LineString>
    </Placemark>
    <Placemark>
      <LineString>
        <tessellate>1</tessellate>
        <coordinates>
          -0.18,39.4,0
          -0.0077777778,39.3508333333,0
        </coordinates>
      </LineString>
    </Placemark>
    <Placemark>
      <LineString>
        <tessellate>1</tessellate>
        <coordinates>
          -0.18,39.4,0
          -0.4830555556,39.4855555556,0
        </coordinates>
      </LineString>
    </Placemark>
    <Placemark>
      <LineString>
        <tessellate>1</tessellate>
        <coordinates>
          -0.18,39.4,0
          -0.4724928667,39.4977367333,0
        </coordinates>
      </LineString>
    </Placemark>
    <Placemark>
      <LineString>
        <tessellate>1</tessellate>
        <coordinates>
          4.6666666667,41.0575,0
          4.505,41.075,0
        </coordinates>
      </LineString>
    </Placemark>
    <Placemark>
      <LineString>
        <tessellate>1</tessellate>
        <coordinates>
          3.08,39.7188888889,0
          2.7460279167,39.5640048,0
        </coordinates>
      </LineString>
    </Placemark>
    <Placemark>
      <LineString>
        <tessellate>1</tessellate>
        <coordinates>
          4.3755555556,45.3327777778,0
          4.1316666667,45.7916666667,0
        </coordinates>
      </LineString>
    </Placemark>
    <Placemark>
      <LineString>
        <tessellate>1</tessellate>
        <coordinates>
          4.3755555556,45.3327777778,0
          4.27846505,45.5590279667,0
        </coordinates>
      </LineString>
    </Placemark>
    <Placemark>
      <LineString>
        <tessellate>1</tessellate>
        <coordinates>
          4.3755555556,45.3327777778,0
          4.1772222222,45.2163888889,0
        </coordinates>
      </LineString>
    </Placemark>
    <Placemark>
      <LineString>
        <tessellate>1</tessellate>
        <coordinates>
          1.2712071,43.44416345,0
          1.255,43.6305555556,0
        </coordinates>
      </LineString>
    </Placemark>
    <Placemark>
      <LineString>
        <tessellate>1</tessellate>
        <coordinates>
          1.2712071,43.44416345,0
          1.05902555,43.2766623833,0
        </coordinates>
      </LineString>
    </Placemark>
    <Placemark>
      <LineString>
        <tessellate>1</tessellate>
        <coordinates>
          1.2712071,43.44416345,0
          1.68,43.4811111111,0
        </coordinates>
      </LineString>
    </Placemark>
    <Placemark>
      <LineString>
        <tessellate>1</tessellate>
        <coordinates>
          1.2712071,43.44416345,0
          1.0252777778,43.5305555556,0
        </coordinates>
      </LineString>
    </Placemark>
    <Placemark>
      <LineString>
        <tessellate>1</tessellate>
        <coordinates>
          4.0980555556,44.3225,0
          3.315,43.3341666667,0
        </coordinates>
      </LineString>
    </Placemark>
    <Placemark>
      <LineString>
        <tessellate>1</tessellate>
        <coordinates>
          -0.4586111111,47.8847222222,0
          -0.6772539667,47.9783541667,0
        </coordinates>
      </LineString>
    </Placemark>
    <Placemark>
      <LineString>
        <tessellate>1</tessellate>
        <coordinates>
          -0.4586111111,47.8847222222,0
          -0.25,47.8530555556,0
        </coordinates>
      </LineString>
    </Placemark>
    <Placemark>
      <LineString>
        <tessellate>1</tessellate>
        <coordinates>
          -0.4586111111,47.8847222222,0
          -0.94,47.9563888889,0
        </coordinates>
      </LineString>
    </Placemark>
    <Placemark>
      <LineString>
        <tessellate>1</tessellate>
        <coordinates>
          -2.1744444444,39.9888888889,0
          -1.1497222222,39.5491666667,0
        </coordinates>
      </LineString>
    </Placemark>
    <Placemark>
      <LineString>
        <tessellate>1</tessellate>
        <coordinates>
          -2.1744444444,39.9888888889,0
          -1.4808333333,39.8261111111,0
        </coordinates>
      </LineString>
    </Placemark>
    <Placemark>
      <LineString>
        <tessellate>1</tessellate>
        <coordinates>
          -2.1744444444,39.9888888889,0
          -1.7452777778,39.5388888889,0
        </coordinates>
      </LineString>
    </Placemark>
    <Placemark>
      <LineString>
        <tessellate>1</tessellate>
        <coordinates>
          -2.1744444444,39.9888888889,0
          -2.4105555556,40.2330555556,0
        </coordinates>
      </LineString>
    </Placemark>
    <Placemark>
      <LineString>
        <tessellate>1</tessellate>
        <coordinates>
          1.7488888889,44.2952777778,0
          0.8727777778,43.8880555556,0
        </coordinates>
      </LineString>
    </Placemark>
    <Placemark>
      <LineString>
        <tessellate>1</tessellate>
        <coordinates>
          1.7488888889,44.2952777778,0
          1.8241666667,43.9541666667,0
        </coordinates>
      </LineString>
    </Placemark>
    <Placemark>
      <LineString>
        <tessellate>1</tessellate>
        <coordinates>
          1.7488888889,44.2952777778,0
          2.8422222222,44.4544444444,0
        </coordinates>
      </LineString>
    </Placemark>
    <Placemark>
      <LineString>
        <tessellate>1</tessellate>
        <coordinates>
          1.7488888889,44.2952777778,0
          1.5730555556,44.0508333333,0
        </coordinates>
      </LineString>
    </Placemark>
    <Placemark>
      <LineString>
        <tessellate>1</tessellate>
        <coordinates>
          -0.9986111111,38.7383333333,0
          -0.7719444444,39.0691666667,0
        </coordinates>
      </LineString>
    </Placemark>
    <Placemark>
      <LineString>
        <tessellate>1</tessellate>
        <coordinates>
          -0.9986111111,38.7383333333,0
          -1.2116666667,39.8052777778,0
        </coordinates>
      </LineString>
    </Placemark>
    <Placemark>
      <LineString>
        <tessellate>1</tessellate>
        <coordinates>
          -0.9986111111,38.7383333333,0
          -0.5,39.2358333333,0
        </coordinates>
      </LineString>
    </Placemark>
    <Placemark>
      <LineString>
        <tessellate>1</tessellate>
        <coordinates>
          2.2322222222,44.515,0
          1.8241666667,43.9541666667,0
        </coordinates>
      </LineString>
    </Placemark>
    <Placemark>
      <LineString>
        <tessellate>1</tessellate>
        <coordinates>
          2.2322222222,44.515,0
          2.3205555556,44.635,0
        </coordinates>
      </LineString>
    </Placemark>
    <Placemark>
      <LineString>
        <tessellate>1</tessellate>
        <coordinates>
          2.2322222222,44.515,0
          1.7488888889,44.2952777778,0
        </coordinates>
      </LineString>
    </Placemark>
    <Placemark>
      <LineString>
        <tessellate>1</tessellate>
        <coordinates>
          -3.0277777778,39.3991666667,0
          -3.2213888889,39.0,0
        </coordinates>
      </LineString>
    </Placemark>
    <Placemark>
      <LineString>
        <tessellate>1</tessellate>
        <coordinates>
          -3.0277777778,39.3991666667,0
          -2.5447222222,40.3719444444,0
        </coordinates>
      </LineString>
    </Placemark>
    <Placemark>
      <LineString>
        <tessellate>1</tessellate>
        <coordinates>
          -4.5863888889,39.9188888889,0
          -4.3375,39.9694444444,0
        </coordinates>
      </LineString>
    </Placemark>
    <Placemark>
      <LineString>
        <tessellate>1</tessellate>
        <coordinates>
          -3.1819444444,41.1433333333,0
          -3.1,41.5044444444,0
        </coordinates>
      </LineString>
    </Placemark>
    <Placemark>
      <LineString>
        <tessellate>1</tessellate>
        <coordinates>
          0.5216666667,40.3766666667,0
          0.0891666667,40.2186111111,0
        </coordinates>
      </LineString>
    </Placemark>
    <Placemark>
      <LineString>
        <tessellate>1</tessellate>
        <coordinates>
          0.5216666667,40.3766666667,0
          1.0030555556,40.5497222222,0
        </coordinates>
      </LineString>
    </Placemark>
    <Placemark>
      <LineString>
        <tessellate>1</tessellate>
        <coordinates>
          -4.1091666667,42.0275,0
          -2.8805555556,42.4533333333,0
        </coordinates>
      </LineString>
    </Placemark>
    <Placemark>
      <LineString>
        <tessellate>1</tessellate>
        <coordinates>
          -4.1091666667,42.0275,0
          -2.9608333333,42.6386111111,0
        </coordinates>
      </LineString>
    </Placemark>
    <Placemark>
      <LineString>
        <tessellate>1</tessellate>
        <coordinates>
          -4.1091666667,42.0275,0
          -4.1758333333,41.4397222222,0
        </coordinates>
      </LineString>
    </Placemark>
    <Placemark>
      <LineString>
        <tessellate>1</tessellate>
        <coordinates>
          -1.2647222222,47.4405555556,0
          -1.68668395,47.05232175,0
        </coordinates>
      </LineString>
    </Placemark>
    <Placemark>
      <LineString>
        <tessellate>1</tessellate>
        <coordinates>
          -4.8497222222,42.6533333333,0
          -4.0308333333,42.5744444444,0
        </coordinates>
      </LineString>
    </Placemark>
    <Placemark>
      <LineString>
        <tessellate>1</tessellate>
        <coordinates>
          3.4141666667,46.5,0
          3.4197222222,46.1372222222,0
        </coordinates>
      </LineString>
    </Placemark>
    <Placemark>
      <LineString>
        <tessellate>1</tessellate>
        <coordinates>
          3.025,43.7508333333,0
          2.8691666667,43.7741666667,0
        </coordinates>
      </LineString>
    </Placemark>
    <Placemark>
      <LineString>
        <tessellate>1</tessellate>
        <coordinates>
          3.025,43.7508333333,0
          2.9875,44.1147222222,0
        </coordinates>
      </LineString>
    </Placemark>
    <Placemark>
      <LineString>
        <tessellate>1</tessellate>
        <coordinates>
          3.025,43.7508333333,0
          3.9747222222,43.5783333333,0
        </coordinates>
      </LineString>
    </Placemark>
    <Placemark>
      <LineString>
        <tessellate>1</tessellate>
        <coordinates>
          3.025,43.7508333333,0
          3.1625,44.6083333333,0
        </coordinates>
      </LineString>
    </Placemark>
    <Placemark>
      <LineString>
        <tessellate>1</tessellate>
        <coordinates>
          3.025,43.7508333333,0
          2.9369444444,43.1975,0
        </coordinates>
      </LineString>
    </Placemark>
    <Placemark>
      <LineString>
        <tessellate>1</tessellate>
        <coordinates>
          3.025,43.7508333333,0
          3.4180555556,43.6777777778,0
        </coordinates>
      </LineString>
    </Placemark>
    <Placemark>
      <LineString>
        <tessellate>1</tessellate>
        <coordinates>
          3.5208333333,40.0941666667,0
          3.4341666667,39.6975,0
        </coordinates>
      </LineString>
    </Placemark>
    <Placemark>
      <LineString>
        <tessellate>1</tessellate>
        <coordinates>
          3.5208333333,40.0941666667,0
          3.1147222222,39.9275,0
        </coordinates>
      </LineString>
    </Placemark>
    <Placemark>
      <LineString>
        <tessellate>1</tessellate>
        <coordinates>
          2.7513888889,41.6844444444,0
          2.7188888889,40.8994444444,0
        </coordinates>
      </LineString>
    </Placemark>
    <Placemark>
      <LineString>
        <tessellate>1</tessellate>
        <coordinates>
          2.7513888889,41.6844444444,0
          2.0225334833,41.5145652667,0
        </coordinates>
      </LineString>
    </Placemark>
    <Placemark>
      <LineString>
        <tessellate>1</tessellate>
        <coordinates>
          -3.1502777778,44.0513888889,0
          -2.7966666667,43.7363888889,0
        </coordinates>
      </LineString>
    </Placemark>
    <Placemark>
      <LineString>
        <tessellate>1</tessellate>
        <coordinates>
          -3.1502777778,44.0513888889,0
          -2.9358333333,43.3044444444,0
        </coordinates>
      </LineString>
    </Placemark>
    <Placemark>
      <LineString>
        <tessellate>1</tessellate>
        <coordinates>
          -3.1502777778,44.0513888889,0
          -2.9591666667,45.8302777778,0
        </coordinates>
      </LineString>
    </Placemark>
    <Placemark>
      <LineString>
        <tessellate>1</tessellate>
        <coordinates>
          -3.1502777778,44.0513888889,0
          -3.7805555556,42.7372222222,0
        </coordinates>
      </LineString>
    </Placemark>
    <Placemark>
      <LineString>
        <tessellate>1</tessellate>
        <coordinates>
          -3.1502777778,44.0513888889,0
          -3.4516666667,43.8125,0
        </coordinates>
      </LineString>
    </Placemark>
    <Placemark>
      <LineString>
        <tessellate>1</tessellate>
        <coordinates>
          1.9247222222,40.6927777778,0
          2.0880555556,40.9205555556,0
        </coordinates>
      </LineString>
    </Placemark>
    <Placemark>
      <LineString>
        <tessellate>1</tessellate>
        <coordinates>
          3.6794444444,46.9338888889,0
          3.4086111111,46.8486111111,0
        </coordinates>
      </LineString>
    </Placemark>
    <Placemark>
      <LineString>
        <tessellate>1</tessellate>
        <coordinates>
          3.6794444444,46.9338888889,0
          3.8133333333,47.56,0
        </coordinates>
      </LineString>
    </Placemark>
    <Placemark>
      <LineString>
        <tessellate>1</tessellate>
        <coordinates>
          3.6794444444,46.9338888889,0
          3.6316666667,46.7066666667,0
        </coordinates>
      </LineString>
    </Placemark>
    <Placemark>
      <LineString>
        <tessellate>1</tessellate>
        <coordinates>
          1.5730555556,44.0508333333,0
          1.3635596833,43.6363061167,0
        </coordinates>
      </LineString>
    </Placemark>
    <Placemark>
      <LineString>
        <tessellate>1</tessellate>
        <coordinates>
          2.9294444444,47.1530555556,0
          2.3793377,47.0869536667,0
        </coordinates>
      </LineString>
    </Placemark>
    <Placemark>
      <LineString>
        <tessellate>1</tessellate>
        <coordinates>
          2.9294444444,47.1530555556,0
          2.9847222222,47.1183333333,0
        </coordinates>
      </LineString>
    </Placemark>
    <Placemark>
      <LineString>
        <tessellate>1</tessellate>
        <coordinates>
          2.9294444444,47.1530555556,0
          3.0536111111,46.5166666667,0
        </coordinates>
      </LineString>
    </Placemark>
    <Placemark>
      <LineString>
        <tessellate>1</tessellate>
        <coordinates>
          2.9294444444,47.1530555556,0
          3.22,46.5719444444,0
        </coordinates>
      </LineString>
    </Placemark>
    <Placemark>
      <LineString>
        <tessellate>1</tessellate>
        <coordinates>
          2.9294444444,47.1530555556,0
          3.1205555556,47.5402777778,0
        </coordinates>
      </LineString>
    </Placemark>
    <Placemark>
      <LineString>
        <tessellate>1</tessellate>
        <coordinates>
          2.9294444444,47.1530555556,0
          3.4405555556,47.0219444444,0
        </coordinates>
      </LineString>
    </Placemark>
    <Placemark>
      <LineString>
        <tessellate>1</tessellate>
        <coordinates>
          2.9294444444,47.1530555556,0
          2.7416666667,47.2666666667,0
        </coordinates>
      </LineString>
    </Placemark>
    <Placemark>
      <LineString>
        <tessellate>1</tessellate>
        <coordinates>
          -0.7927777778,40.8711111111,0
          -1.2980555556,40.8672222222,0
        </coordinates>
      </LineString>
    </Placemark>
    <Placemark>
      <LineString>
        <tessellate>1</tessellate>
        <coordinates>
          -0.7927777778,40.8711111111,0
          -1.2633333333,40.7402777778,0
        </coordinates>
      </LineString>
    </Placemark>
    <Placemark>
      <LineString>
        <tessellate>1</tessellate>
        <coordinates>
          4.41289435,43.8555746333,0
          4.4264153167,43.7572884,0
        </coordinates>
      </LineString>
    </Placemark>
    <Placemark>
      <LineString>
        <tessellate>1</tessellate>
        <coordinates>
          4.4063888889,43.8572222222,0
          3.9747222222,43.5783333333,0
        </coordinates>
      </LineString>
    </Placemark>
    <Placemark>
      <LineString>
        <tessellate>1</tessellate>
        <coordinates>
          4.4063888889,43.8572222222,0
          3.9605435167,43.5857774333,0
        </coordinates>
      </LineString>
    </Placemark>
    <Placemark>
      <LineString>
        <tessellate>1</tessellate>
        <coordinates>
          4.4063888889,43.8572222222,0
          4.1887731,44.0958738167,0
        </coordinates>
      </LineString>
    </Placemark>
    <Placemark>
      <LineString>
        <tessellate>1</tessellate>
        <coordinates>
          4.4063888889,43.8572222222,0
          4.9022473667,43.90801585,0
        </coordinates>
      </LineString>
    </Placemark>
    <Placemark>
      <LineString>
        <tessellate>1</tessellate>
        <coordinates>
          4.4063888889,43.8572222222,0
          4.4264153167,43.7572884,0
        </coordinates>
      </LineString>
    </Placemark>
    <Placemark>
      <LineString>
        <tessellate>1</tessellate>
        <coordinates>
          4.4063888889,43.8572222222,0
          4.5127777778,44.0552777778,0
        </coordinates>
      </LineString>
    </Placemark>
    <Placemark>
      <LineString>
        <tessellate>1</tessellate>
        <coordinates>
          3.8286111111,42.2602777778,0
          3.6258333333,42.0863888889,0
        </coordinates>
      </LineString>
    </Placemark>
    <Placemark>
      <LineString>
        <tessellate>1</tessellate>
        <coordinates>
          0.3569444444,47.4725,0
          0.2738888889,47.8061111111,0
        </coordinates>
      </LineString>
    </Placemark>
    <Placemark>
      <LineString>
        <tessellate>1</tessellate>
        <coordinates>
          2.1613888889,38.6636111111,0
          1.4705555556,38.9155555556,0
        </coordinates>
      </LineString>
    </Placemark>
    <Placemark>
      <LineString>
        <tessellate>1</tessellate>
        <coordinates>
          2.1613888889,38.6636111111,0
          2.2280555556,38.7511111111,0
        </coordinates>
      </LineString>
    </Placemark>
    <Placemark>
      <LineString>
        <tessellate>1</tessellate>
        <coordinates>
          2.1613888889,38.6636111111,0
          2.5180555556,38.5311111111,0
        </coordinates>
      </LineString>
    </Placemark>
    <Placemark>
      <LineString>
        <tessellate>1</tessellate>
        <coordinates>
          2.1613888889,38.6636111111,0
          1.9169444444,38.3422222222,0
        </coordinates>
      </LineString>
    </Placemark>
    <Placemark>
      <LineString>
        <tessellate>1</tessellate>
        <coordinates>
          0.4833333333,39.2088888889,0
          -0.0077777778,39.3508333333,0
        </coordinates>
      </LineString>
    </Placemark>
    <Placemark>
      <LineString>
        <tessellate>1</tessellate>
        <coordinates>
          0.4833333333,39.2088888889,0
          1.4705555556,38.9155555556,0
        </coordinates>
      </LineString>
    </Placemark>
    <Placemark>
      <LineString>
        <tessellate>1</tessellate>
        <coordinates>
          1.9855555556,41.0716666667,0
          2.39200505,40.9109612167,0
        </coordinates>
      </LineString>
    </Placemark>
    <Placemark>
      <LineString>
        <tessellate>1</tessellate>
        <coordinates>
          1.9855555556,41.0716666667,0
          2.2995525333,40.8607578667,0
        </coordinates>
      </LineString>
    </Placemark>
    <Placemark>
      <LineString>
        <tessellate>1</tessellate>
        <coordinates>
          1.9855555556,41.0716666667,0
          2.278676,40.9369960167,0
        </coordinates>
      </LineString>
    </Placemark>
    <Placemark>
      <LineString>
        <tessellate>1</tessellate>
        <coordinates>
          1.9855555556,41.0716666667,0
          2.3486111111,40.6266666667,0
        </coordinates>
      </LineString>
    </Placemark>
    <Placemark>
      <LineString>
        <tessellate>1</tessellate>
        <coordinates>
          -1.8063888889,47.4302777778,0
          -1.68668395,47.05232175,0
        </coordinates>
      </LineString>
    </Placemark>
    <Placemark>
      <LineString>
        <tessellate>1</tessellate>
        <coordinates>
          -1.9075,42.4275,0
          -1.9633333333,42.3436111111,0
        </coordinates>
      </LineString>
    </Placemark>
    <Placemark>
      <LineString>
        <tessellate>1</tessellate>
        <coordinates>
          -1.9075,42.4275,0
          -1.7019444444,42.7338888889,0
        </coordinates>
      </LineString>
    </Placemark>
    <Placemark>
      <LineString>
        <tessellate>1</tessellate>
        <coordinates>
          -1.9075,42.4275,0
          -1.6454431333,42.7718839833,0
        </coordinates>
      </LineString>
    </Placemark>
    <Placemark>
      <LineString>
        <tessellate>1</tessellate>
        <coordinates>
          -2.0919444444,46.8961111111,0
          -2.3630555556,46.86,0
        </coordinates>
      </LineString>
    </Placemark>
    <Placemark>
      <LineString>
        <tessellate>1</tessellate>
        <coordinates>
          -2.0919444444,46.8961111111,0
          -1.68668395,47.05232175,0
        </coordinates>
      </LineString>
    </Placemark>
    <Placemark>
      <LineString>
        <tessellate>1</tessellate>
        <coordinates>
          -2.0919444444,46.8961111111,0
          -1.8441666667,46.5,0
        </coordinates>
      </LineString>
    </Placemark>
    <Placemark>
      <LineString>
        <tessellate>1</tessellate>
        <coordinates>
          -2.0919444444,46.8961111111,0
          -2.0138888889,47.0069444444,0
        </coordinates>
      </LineString>
    </Placemark>
    <Placemark>
      <LineString>
        <tessellate>1</tessellate>
        <coordinates>
          -2.0919444444,46.8961111111,0
          -2.4244444444,46.4958333333,0
        </coordinates>
      </LineString>
    </Placemark>
    <Placemark>
      <LineString>
        <tessellate>1</tessellate>
        <coordinates>
          0.6775,45.4847222222,0
          0.6191666667,44.8194444444,0
        </coordinates>
      </LineString>
    </Placemark>
    <Placemark>
      <LineString>
        <tessellate>1</tessellate>
        <coordinates>
          0.6775,45.4847222222,0
          0.1555555556,44.98,0
        </coordinates>
      </LineString>
    </Placemark>
    <Placemark>
      <LineString>
        <tessellate>1</tessellate>
        <coordinates>
          -3.6991666667,46.3222222222,0
          -2.3630555556,46.86,0
        </coordinates>
      </LineString>
    </Placemark>
    <Placemark>
      <LineString>
        <tessellate>1</tessellate>
        <coordinates>
          -3.6991666667,46.3222222222,0
          -2.25,46.0519444444,0
        </coordinates>
      </LineString>
    </Placemark>
    <Placemark>
      <LineString>
        <tessellate>1</tessellate>
        <coordinates>
          -3.6991666667,46.3222222222,0
          -3.81,45.5736111111,0
        </coordinates>
      </LineString>
    </Placemark>
    <Placemark>
      <LineString>
        <tessellate>1</tessellate>
        <coordinates>
          -3.6991666667,46.3222222222,0
          -3.6277777778,47.7863888889,0
        </coordinates>
      </LineString>
    </Placemark>
    <Placemark>
      <LineString>
        <tessellate>1</tessellate>
        <coordinates>
          -1.6067750667,47.1545760333,0
          -0.8519444444,47.5369444444,0
        </coordinates>
      </LineString>
    </Placemark>
    <Placemark>
      <LineString>
        <tessellate>1</tessellate>
        <coordinates>
          -1.6067750667,47.1545760333,0
          -1.6738888889,47.6180555556,0
        </coordinates>
      </LineString>
    </Placemark>
    <Placemark>
      <LineString>
        <tessellate>1</tessellate>
        <coordinates>
          -1.6067750667,47.1545760333,0
          -2.0919444444,46.8961111111,0
        </coordinates>
      </LineString>
    </Placemark>
    <Placemark>
      <LineString>
        <tessellate>1</tessellate>
        <coordinates>
          -1.6067750667,47.1545760333,0
          -1.6163421,47.1558157333,0
        </coordinates>
      </LineString>
    </Placemark>
    <Placemark>
      <LineString>
        <tessellate>1</tessellate>
        <coordinates>
          -1.6067750667,47.1545760333,0
          -1.4908333333,47.0691666667,0
        </coordinates>
      </LineString>
    </Placemark>
    <Placemark>
      <LineString>
        <tessellate>1</tessellate>
        <coordinates>
          -1.6130555556,47.1608333333,0
          -0.8519444444,47.5369444444,0
        </coordinates>
      </LineString>
    </Placemark>
    <Placemark>
      <LineString>
        <tessellate>1</tessellate>
        <coordinates>
          -1.6130555556,47.1608333333,0
          -1.6380555556,47.3469444444,0
        </coordinates>
      </LineString>
    </Placemark>
    <Placemark>
      <LineString>
        <tessellate>1</tessellate>
        <coordinates>
          -1.6130555556,47.1608333333,0
          1.3997222222,45.9491666667,0
        </coordinates>
      </LineString>
    </Placemark>
    <Placemark>
      <LineString>
        <tessellate>1</tessellate>
        <coordinates>
          -1.6130555556,47.1608333333,0
          -1.1902777778,46.8383333333,0
        </coordinates>
      </LineString>
    </Placemark>
    <Placemark>
      <LineString>
        <tessellate>1</tessellate>
        <coordinates>
          -1.6130555556,47.1608333333,0
          -1.9288888889,47.3488888889,0
        </coordinates>
      </LineString>
    </Placemark>
    <Placemark>
      <LineString>
        <tessellate>1</tessellate>
        <coordinates>
          -1.6130555556,47.1608333333,0
          -1.3908333333,46.5988888889,0
        </coordinates>
      </LineString>
    </Placemark>
    <Placemark>
      <LineString>
        <tessellate>1</tessellate>
        <coordinates>
          -4.9888888889,42.6661111111,0
          -4.0308333333,42.5744444444,0
        </coordinates>
      </LineString>
    </Placemark>
    <Placemark>
      <LineString>
        <tessellate>1</tessellate>
        <coordinates>
          -4.9888888889,42.6661111111,0
          -4.5036111111,43.4844444444,0
        </coordinates>
      </LineString>
    </Placemark>
    <Placemark>
      <LineString>
        <tessellate>1</tessellate>
        <coordinates>
          -3.3169444444,43.2925,0
          -3.4302777778,43.3233333333,0
        </coordinates>
      </LineString>
    </Placemark>
    <Placemark>
      <LineString>
        <tessellate>1</tessellate>
        <coordinates>
          -4.2735200167,41.1388840833,0
          -4.2494444444,40.3686111111,0
        </coordinates>
      </LineString>
    </Placemark>
    <Placemark>
      <LineString>
        <tessellate>1</tessellate>
        <coordinates>
          -4.2494444444,40.3686111111,0
          -4.55,40.6247222222,0
        </coordinates>
      </LineString>
    </Placemark>
    <Placemark>
      <LineString>
        <tessellate>1</tessellate>
        <coordinates>
          -4.2494444444,40.3686111111,0
          -4.6763888889,40.4163888889,0
        </coordinates>
      </LineString>
    </Placemark>
    <Placemark>
      <LineString>
        <tessellate>1</tessellate>
        <coordinates>
          -4.2494444444,40.3686111111,0
          -4.6608333333,40.4147222222,0
        </coordinates>
      </LineString>
    </Placemark>
    <Placemark>
      <LineString>
        <tessellate>1</tessellate>
        <coordinates>
          -4.2494444444,40.3686111111,0
          -3.3480555556,40.2527777778,0
        </coordinates>
      </LineString>
    </Placemark>
    <Placemark>
      <LineString>
        <tessellate>1</tessellate>
        <coordinates>
          -4.2494444444,40.3686111111,0
          -4.3375,39.9694444444,0
        </coordinates>
      </LineString>
    </Placemark>
    <Placemark>
      <LineString>
        <tessellate>1</tessellate>
        <coordinates>
          -4.2494444444,40.3686111111,0
          -3.4244444444,40.1963888889,0
        </coordinates>
      </LineString>
    </Placemark>
    <Placemark>
      <LineString>
        <tessellate>1</tessellate>
        <coordinates>
          1.7730076167,47.9762150833,0
          1.2858333333,47.8627777778,0
        </coordinates>
      </LineString>
    </Placemark>
    <Placemark>
      <LineString>
        <tessellate>1</tessellate>
        <coordinates>
          1.7730076167,47.9762150833,0
          2.22,47.5766666667,0
        </coordinates>
      </LineString>
    </Placemark>
    <Placemark>
      <LineString>
        <tessellate>1</tessellate>
        <coordinates>
          3.6183333333,45.5352777778,0
          3.7502777778,45.2572222222,0
        </coordinates>
      </LineString>
    </Placemark>
    <Placemark>
      <LineString>
        <tessellate>1</tessellate>
        <coordinates>
          3.6183333333,45.5352777778,0
          4.4455555556,45.1136111111,0
        </coordinates>
      </LineString>
    </Placemark>
    <Placemark>
      <LineString>
        <tessellate>1</tessellate>
        <coordinates>
          -4.3333333333,43.4761111111,0
          -3.9025,43.4497222222,0
        </coordinates>
      </LineString>
    </Placemark>
    <Placemark>
      <LineString>
        <tessellate>1</tessellate>
        <coordinates>
          -2.8597222222,41.2272222222,0
          -3.4322222222,40.9836111111,0
        </coordinates>
      </LineString>
    </Placemark>
    <Placemark>
      <LineString>
        <tessellate>1</tessellate>
        <coordinates>
          0.0208333333,43.1591666667,0
          0.7588888889,43.4608333333,0
        </coordinates>
      </LineString>
    </Placemark>
    <Placemark>
      <LineString>
        <tessellate>1</tessellate>
        <coordinates>
          0.0208333333,43.1591666667,0
          -0.2444444444,42.7880555556,0
        </coordinates>
      </LineString>
    </Placemark>
    <Placemark>
      <LineString>
        <tessellate>1</tessellate>
        <coordinates>
          -4.1758333333,41.4397222222,0
          -4.1952777778,41.2658333333,0
        </coordinates>
      </LineString>
    </Placemark>
    <Placemark>
      <LineString>
        <tessellate>1</tessellate>
        <coordinates>
          0.4833333333,39.0641666667,0
          1.5427777778,38.8233333333,0
        </coordinates>
      </LineString>
    </Placemark>
    <Placemark>
      <LineString>
        <tessellate>1</tessellate>
        <coordinates>
          1.235,43.2922222222,0
          1.2525,43.3836111111,0
        </coordinates>
      </LineString>
    </Placemark>
    <Placemark>
      <LineString>
        <tessellate>1</tessellate>
        <coordinates>
          1.4836111111,42.6161111111,0
          1.3097222222,43.6808333333,0
        </coordinates>
      </LineString>
    </Placemark>
    <Placemark>
      <LineString>
        <tessellate>1</tessellate>
        <coordinates>
          3.1205555556,47.5402777778,0
          3.365,47.1452777778,0
        </coordinates>
      </LineString>
    </Placemark>
    <Placemark>
      <LineString>
        <tessellate>1</tessellate>
        <coordinates>
          3.1205555556,47.5402777778,0
          3.4347222222,47.7188888889,0
        </coordinates>
      </LineString>
    </Placemark>
    <Placemark>
      <LineString>
        <tessellate>1</tessellate>
        <coordinates>
          3.365,47.1452777778,0
          3.0961111111,46.8833333333,0
        </coordinates>
      </LineString>
    </Placemark>
    <Placemark>
      <LineString>
        <tessellate>1</tessellate>
        <coordinates>
          3.365,47.1452777778,0
          3.6316666667,46.7066666667,0
        </coordinates>
      </LineString>
    </Placemark>
    <Placemark>
      <LineString>
        <tessellate>1</tessellate>
        <coordinates>
          3.365,47.1452777778,0
          3.4405555556,47.0219444444,0
        </coordinates>
      </LineString>
    </Placemark>
    <Placemark>
      <LineString>
        <tessellate>1</tessellate>
        <coordinates>
          2.9961111111,41.7236111111,0
          2.7603478667,41.9022670667,0
        </coordinates>
      </LineString>
    </Placemark>
    <Placemark>
      <LineString>
        <tessellate>1</tessellate>
        <coordinates>
          3.4405555556,47.0219444444,0
          3.6316666667,46.7066666667,0
        </coordinates>
      </LineString>
    </Placemark>
    <Placemark>
      <LineString>
        <tessellate>1</tessellate>
        <coordinates>
          3.4405555556,47.0219444444,0
          3.7538888889,46.9402777778,0
        </coordinates>
      </LineString>
    </Placemark>
    <Placemark>
      <LineString>
        <tessellate>1</tessellate>
        <coordinates>
          1.4441666667,39.1163888889,0
          0.675,38.8797222222,0
        </coordinates>
      </LineString>
    </Placemark>
    <Placemark>
      <LineString>
        <tessellate>1</tessellate>
        <coordinates>
          1.4441666667,39.1163888889,0
          1.4108333333,39.3725,0
        </coordinates>
      </LineString>
    </Placemark>
    <Placemark>
      <LineString>
        <tessellate>1</tessellate>
        <coordinates>
          -1.8480555556,47.1569444444,0
          -1.6380555556,47.3469444444,0
        </coordinates>
      </LineString>
    </Placemark>
    <Placemark>
      <LineString>
        <tessellate>1</tessellate>
        <coordinates>
          -1.8480555556,47.1569444444,0
          -1.6130555556,47.1608333333,0
        </coordinates>
      </LineString>
    </Placemark>
    <Placemark>
      <LineString>
        <tessellate>1</tessellate>
        <coordinates>
          -1.1502777778,45.9697222222,0
          -1.1755036,46.18063915,0
        </coordinates>
      </LineString>
    </Placemark>
    <Placemark>
      <LineString>
        <tessellate>1</tessellate>
        <coordinates>
          -1.1502777778,45.9697222222,0
          -1.3508333333,46.5,0
        </coordinates>
      </LineString>
    </Placemark>
    <Placemark>
      <LineString>
        <tessellate>1</tessellate>
        <coordinates>
          -1.1502777778,45.9697222222,0
          -1.0616666667,45.7333333333,0
        </coordinates>
      </LineString>
    </Placemark>
    <Placemark>
      <LineString>
        <tessellate>1</tessellate>
        <coordinates>
          -1.1502777778,45.9697222222,0
          -0.9861111111,45.8883333333,0
        </coordinates>
      </LineString>
    </Placemark>
    <Placemark>
      <LineString>
        <tessellate>1</tessellate>
        <coordinates>
          -1.1502777778,45.9697222222,0
          -1.0366666667,45.6666666667,0
        </coordinates>
      </LineString>
    </Placemark>
    <Placemark>
      <LineString>
        <tessellate>1</tessellate>
        <coordinates>
          1.0488888889,46.8825,0
          1.8011111111,46.9366666667,0
        </coordinates>
      </LineString>
    </Placemark>
    <Placemark>
      <LineString>
        <tessellate>1</tessellate>
        <coordinates>
          1.0488888889,46.8825,0
          0.2980555556,46.5811111111,0
        </coordinates>
      </LineString>
    </Placemark>
    <Placemark>
      <LineString>
        <tessellate>1</tessellate>
        <coordinates>
          1.0488888889,46.8825,0
          1.055,47.0258333333,0
        </coordinates>
      </LineString>
    </Placemark>
    <Placemark>
      <LineString>
        <tessellate>1</tessellate>
        <coordinates>
          3.4119444444,46.635,0
          3.4141666667,46.5,0
        </coordinates>
      </LineString>
    </Placemark>
    <Placemark>
      <LineString>
        <tessellate>1</tessellate>
        <coordinates>
          2.5180555556,38.5311111111,0
          2.7155555556,39.2758333333,0
        </coordinates>
      </LineString>
    </Placemark>
    <Placemark>
      <LineString>
        <tessellate>1</tessellate>
        <coordinates>
          2.5180555556,38.5311111111,0
          3.1477777778,38.2936111111,0
        </coordinates>
      </LineString>
    </Placemark>
    <Placemark>
      <LineString>
        <tessellate>1</tessellate>
        <coordinates>
          2.5180555556,38.5311111111,0
          2.1613888889,38.6636111111,0
        </coordinates>
      </LineString>
    </Placemark>
    <Placemark>
      <LineString>
        <tessellate>1</tessellate>
        <coordinates>
          2.4666666667,42.2083333333,0
          2.2163888889,42.4333333333,0
        </coordinates>
      </LineString>
    </Placemark>
    <Placemark>
      <LineString>
        <tessellate>1</tessellate>
        <coordinates>
          2.4666666667,42.2083333333,0
          2.7716666667,41.9313888889,0
        </coordinates>
      </LineString>
    </Placemark>
    <Placemark>
      <LineString>
        <tessellate>1</tessellate>
        <coordinates>
          -1.3422222222,38.7269444444,0
          -0.7719444444,39.0691666667,0
        </coordinates>
      </LineString>
    </Placemark>
    <Placemark>
      <LineString>
        <tessellate>1</tessellate>
        <coordinates>
          2.8372222222,44.7844444444,0
          3.165,44.4430555556,0
        </coordinates>
      </LineString>
    </Placemark>
    <Placemark>
      <LineString>
        <tessellate>1</tessellate>
        <coordinates>
          2.8372222222,44.7844444444,0
          3.1705555556,44.0863888889,0
        </coordinates>
      </LineString>
    </Placemark>
    <Placemark>
      <LineString>
        <tessellate>1</tessellate>
        <coordinates>
          2.8372222222,44.7844444444,0
          2.8422222222,44.4544444444,0
        </coordinates>
      </LineString>
    </Placemark>
    <Placemark>
      <LineString>
        <tessellate>1</tessellate>
        <coordinates>
          2.8372222222,44.7844444444,0
          2.4888888889,44.63,0
        </coordinates>
      </LineString>
    </Placemark>
    <Placemark>
      <LineString>
        <tessellate>1</tessellate>
        <coordinates>
          2.8372222222,44.7844444444,0
          0.1458333333,43.3322222222,0
        </coordinates>
      </LineString>
    </Placemark>
    <Placemark>
      <LineString>
        <tessellate>1</tessellate>
        <coordinates>
          3.7680555556,46.4572222222,0
          3.9577777778,46.1136111111,0
        </coordinates>
      </LineString>
    </Placemark>
    <Placemark>
      <LineString>
        <tessellate>1</tessellate>
        <coordinates>
          3.7680555556,46.4572222222,0
          3.6316666667,46.7066666667,0
        </coordinates>
      </LineString>
    </Placemark>
    <Placemark>
      <LineString>
        <tessellate>1</tessellate>
        <coordinates>
          0.8247222222,47.1666666667,0
          1.0644444444,47.4288888889,0
        </coordinates>
      </LineString>
    </Placemark>
    <Placemark>
      <LineString>
        <tessellate>1</tessellate>
        <coordinates>
          0.8247222222,47.1666666667,0
          0.2980555556,46.5811111111,0
        </coordinates>
      </LineString>
    </Placemark>
    <Placemark>
      <LineString>
        <tessellate>1</tessellate>
        <coordinates>
          0.8247222222,47.1666666667,0
          0.7541672333,47.4240863333,0
        </coordinates>
      </LineString>
    </Placemark>
    <Placemark>
      <LineString>
        <tessellate>1</tessellate>
        <coordinates>
          -3.7805555556,42.7372222222,0
          -4.1091666667,42.0275,0
        </coordinates>
      </LineString>
    </Placemark>
    <Placemark>
      <LineString>
        <tessellate>1</tessellate>
        <coordinates>
          4.1083333333,45.835,0
          4.1316666667,45.7916666667,0
        </coordinates>
      </LineString>
    </Placemark>
    <Placemark>
      <LineString>
        <tessellate>1</tessellate>
        <coordinates>
          4.1083333333,45.835,0
          4.045,45.9525,0
        </coordinates>
      </LineString>
    </Placemark>
    <Placemark>
      <LineString>
        <tessellate>1</tessellate>
        <coordinates>
          2.4933333333,43.19,0
          2.8672222222,42.7505555556,0
        </coordinates>
      </LineString>
    </Placemark>
    <Placemark>
      <LineString>
        <tessellate>1</tessellate>
        <coordinates>
          2.4933333333,43.19,0
          2.3572222222,43.3477777778,0
        </coordinates>
      </LineString>
    </Placemark>
    <Placemark>
      <LineString>
        <tessellate>1</tessellate>
        <coordinates>
          -4.1952777778,41.2658333333,0
          -4.2233333333,41.0152777778,0
        </coordinates>
      </LineString>
    </Placemark>
    <Placemark>
      <LineString>
        <tessellate>1</tessellate>
        <coordinates>
          -4.1952777778,41.2658333333,0
          -4.1397222222,41.0816666667,0
        </coordinates>
      </LineString>
    </Placemark>
    <Placemark>
      <LineString>
        <tessellate>1</tessellate>
        <coordinates>
          -4.1952777778,41.2658333333,0
          -4.2735200167,41.1388840833,0
        </coordinates>
      </LineString>
    </Placemark>
    <Placemark>
      <LineString>
        <tessellate>1</tessellate>
        <coordinates>
          4.8642097333,44.1398630333,0
          4.9052777778,43.9083333333,0
        </coordinates>
      </LineString>
    </Placemark>
    <Placemark>
      <LineString>
        <tessellate>1</tessellate>
        <coordinates>
          4.8642097333,44.1398630333,0
          4.7797222222,44.555,0
        </coordinates>
      </LineString>
    </Placemark>
    <Placemark>
      <LineString>
        <tessellate>1</tessellate>
        <coordinates>
          4.8642097333,44.1398630333,0
          4.4063888889,43.8572222222,0
        </coordinates>
      </LineString>
    </Placemark>
    <Placemark>
      <LineString>
        <tessellate>1</tessellate>
        <coordinates>
          2.1675783333,47.8979294333,0
          2.5297222222,47.6658333333,0
        </coordinates>
      </LineString>
    </Placemark>
    <Placemark>
      <LineString>
        <tessellate>1</tessellate>
        <coordinates>
          2.1675783333,47.8979294333,0
          1.7430555556,47.7241666667,0
        </coordinates>
      </LineString>
    </Placemark>
    <Placemark>
      <LineString>
        <tessellate>1</tessellate>
        <coordinates>
          2.1675783333,47.8979294333,0
          2.22,47.5766666667,0
        </coordinates>
      </LineString>
    </Placemark>
    <Placemark>
      <LineString>
        <tessellate>1</tessellate>
        <coordinates>
          2.1675783333,47.8979294333,0
          3.1205555556,47.5402777778,0
        </coordinates>
      </LineString>
    </Placemark>
    <Placemark>
      <LineString>
        <tessellate>1</tessellate>
        <coordinates>
          2.1675783333,47.8979294333,0
          2.1913795,47.92741605,0
        </coordinates>
      </LineString>
    </Placemark>
    <Placemark>
      <LineString>
        <tessellate>1</tessellate>
        <coordinates>
          -0.7166666667,43.3655555556,0
          -1.1355555556,43.4172222222,0
        </coordinates>
      </LineString>
    </Placemark>
    <Placemark>
      <LineString>
        <tessellate>1</tessellate>
        <coordinates>
          -0.7166666667,43.3655555556,0
          -0.4200931333,43.3790863167,0
        </coordinates>
      </LineString>
    </Placemark>
    <Placemark>
      <LineString>
        <tessellate>1</tessellate>
        <coordinates>
          -0.7166666667,43.3655555556,0
          -0.0183333333,43.4666666667,0
        </coordinates>
      </LineString>
    </Placemark>
    <Placemark>
      <LineString>
        <tessellate>1</tessellate>
        <coordinates>
          -0.7166666667,43.3655555556,0
          -0.9,43.3869444444,0
        </coordinates>
      </LineString>
    </Placemark>
    <Placemark>
      <LineString>
        <tessellate>1</tessellate>
        <coordinates>
          -0.7166666667,43.3655555556,0
          0.1458333333,43.3322222222,0
        </coordinates>
      </LineString>
    </Placemark>
    <Placemark>
      <LineString>
        <tessellate>1</tessellate>
        <coordinates>
          0.4313888889,39.3316666667,0
          1.4108333333,39.3725,0
        </coordinates>
      </LineString>
    </Placemark>
    <Placemark>
      <LineString>
        <tessellate>1</tessellate>
        <coordinates>
          2.8997222222,39.0247222222,0
          3.1477777778,38.2936111111,0
        </coordinates>
      </LineString>
    </Placemark>
    <Placemark>
      <LineString>
        <tessellate>1</tessellate>
        <coordinates>
          2.8997222222,39.0247222222,0
          2.7583333333,39.4352777778,0
        </coordinates>
      </LineString>
    </Placemark>
    <Placemark>
      <LineString>
        <tessellate>1</tessellate>
        <coordinates>
          1.2133333333,43.8316666667,0
          0.9044444444,44.2966666667,0
        </coordinates>
      </LineString>
    </Placemark>
    <Placemark>
      <LineString>
        <tessellate>1</tessellate>
        <coordinates>
          3.4347222222,47.7188888889,0
          4.2563888889,47.8075,0
        </coordinates>
      </LineString>
    </Placemark>
    <Placemark>
      <LineString>
        <tessellate>1</tessellate>
        <coordinates>
          3.4347222222,47.7188888889,0
          2.22,47.5766666667,0
        </coordinates>
      </LineString>
    </Placemark>
    <Placemark>
      <LineString>
        <tessellate>1</tessellate>
        <coordinates>
          -3.1,41.5044444444,0
          -3.0488888889,41.7294444444,0
        </coordinates>
      </LineString>
    </Placemark>
    <Placemark>
      <LineString>
        <tessellate>1</tessellate>
        <coordinates>
          2.8938888889,40.7808333333,0
          2.75779595,41.2166174833,0
        </coordinates>
      </LineString>
    </Placemark>
    <Placemark>
      <LineString>
        <tessellate>1</tessellate>
        <coordinates>
          2.8938888889,40.7808333333,0
          2.7188888889,40.8994444444,0
        </coordinates>
      </LineString>
    </Placemark>
    <Placemark>
      <LineString>
        <tessellate>1</tessellate>
        <coordinates>
          -0.5633333333,38.1166666667,0
          -0.57,38.2683333333,0
        </coordinates>
      </LineString>
    </Placemark>
    <Placemark>
      <LineString>
        <tessellate>1</tessellate>
        <coordinates>
          4.685,39.0,0
          4.9930555556,39.6066666667,0
        </coordinates>
      </LineString>
    </Placemark>
    <Placemark>
      <LineString>
        <tessellate>1</tessellate>
        <coordinates>
          4.4455555556,45.1136111111,0
          4.4830555556,45.1280555556,0
        </coordinates>
      </LineString>
    </Placemark>
    <Placemark>
      <LineString>
        <tessellate>1</tessellate>
        <coordinates>
          4.4455555556,45.1136111111,0
          4.6386111111,45.1877777778,0
        </coordinates>
      </LineString>
    </Placemark>
    <Placemark>
      <LineString>
        <tessellate>1</tessellate>
        <coordinates>
          4.4455555556,45.1136111111,0
          4.9002777778,44.7255555556,0
        </coordinates>
      </LineString>
    </Placemark>
    <Placemark>
      <LineString>
        <tessellate>1</tessellate>
        <coordinates>
          4.4455555556,45.1136111111,0
          3.7502777778,45.2572222222,0
        </coordinates>
      </LineString>
    </Placemark>
    <Placemark>
      <LineString>
        <tessellate>1</tessellate>
        <coordinates>
          0.8880555556,44.0883333333,0
          0.581337,44.1886491,0
        </coordinates>
      </LineString>
    </Placemark>
    <Placemark>
      <LineString>
        <tessellate>1</tessellate>
        <coordinates>
          0.8880555556,44.0883333333,0
          1.2789269833,43.45687985,0
        </coordinates>
      </LineString>
    </Placemark>
    <Placemark>
      <LineString>
        <tessellate>1</tessellate>
        <coordinates>
          2.7464473667,39.5517332667,0
          2.5297923833,39.4570359667,0
        </coordinates>
      </LineString>
    </Placemark>
    <Placemark>
      <LineString>
        <tessellate>1</tessellate>
        <coordinates>
          2.7464473667,39.5517332667,0
          2.7460279167,39.5640048,0
        </coordinates>
      </LineString>
    </Placemark>
    <Placemark>
      <LineString>
        <tessellate>1</tessellate>
        <coordinates>
          2.7464473667,39.5517332667,0
          2.6205555556,39.3686111111,0
        </coordinates>
      </LineString>
    </Placemark>
    <Placemark>
      <LineString>
        <tessellate>1</tessellate>
        <coordinates>
          2.7464473667,39.5517332667,0
          3.2619444444,39.775,0
        </coordinates>
      </LineString>
    </Placemark>
    <Placemark>
      <LineString>
        <tessellate>1</tessellate>
        <coordinates>
          -3.0483333333,40.2622222222,0
          -3.2186111111,40.2244444444,0
        </coordinates>
      </LineString>
    </Placemark>
    <Placemark>
      <LineString>
        <tessellate>1</tessellate>
        <coordinates>
          -3.0483333333,40.2622222222,0
          -2.8480555556,40.4911111111,0
        </coordinates>
      </LineString>
    </Placemark>
    <Placemark>
      <LineString>
        <tessellate>1</tessellate>
        <coordinates>
          1.4491666667,40.6211111111,0
          1.2316666667,40.7086111111,0
        </coordinates>
      </LineString>
    </Placemark>
    <Placemark>
      <LineString>
        <tessellate>1</tessellate>
        <coordinates>
          1.4491666667,40.6211111111,0
          1.1711111111,41.1497222222,0
        </coordinates>
      </LineString>
    </Placemark>
    <Placemark>
      <LineString>
        <tessellate>1</tessellate>
        <coordinates>
          -4.6608333333,40.4147222222,0
          -4.2494444444,40.3686111111,0
        </coordinates>
      </LineString>
    </Placemark>
    <Placemark>
      <LineString>
        <tessellate>1</tessellate>
        <coordinates>
          -3.3480555556,40.2527777778,0
          -3.2186111111,40.2244444444,0
        </coordinates>
      </LineString>
    </Placemark>
    <Placemark>
      <LineString>
        <tessellate>1</tessellate>
        <coordinates>
          3.3747222167,39.6191666667,0
          3.1225,39.54444445,0
        </coordinates>
      </LineString>
    </Placemark>
    <Placemark>
      <LineString>
        <tessellate>1</tessellate>
        <coordinates>
          3.3747222167,39.6191666667,0
          3.4341666667,39.6975,0
        </coordinates>
      </LineString>
    </Placemark>
    <Placemark>
      <LineString>
        <tessellate>1</tessellate>
        <coordinates>
          3.3747222167,39.6191666667,0
          4.2163888889,39.8636111111,0
        </coordinates>
      </LineString>
    </Placemark>
    <Placemark>
      <LineString>
        <tessellate>1</tessellate>
        <coordinates>
          0.4425,41.0216666667,0
          0.1652777778,41.1297222222,0
        </coordinates>
      </LineString>
    </Placemark>
    <Placemark>
      <LineString>
        <tessellate>1</tessellate>
        <coordinates>
          0.4525,47.0813888889,0
          0.3569444444,47.4725,0
        </coordinates>
      </LineString>
    </Placemark>
    <Placemark>
      <LineString>
        <tessellate>1</tessellate>
        <coordinates>
          -3.8672222222,45.0841666667,0
          -3.9875,44.3288888889,0
        </coordinates>
      </LineString>
    </Placemark>
    <Placemark>
      <LineString>
        <tessellate>1</tessellate>
        <coordinates>
          -3.8672222222,45.0841666667,0
          -3.81,45.5736111111,0
        </coordinates>
      </LineString>
    </Placemark>
    <Placemark>
      <LineString>
        <tessellate>1</tessellate>
        <coordinates>
          -3.8672222222,45.0841666667,0
          -3.1502777778,44.0513888889,0
        </coordinates>
      </LineString>
    </Placemark>
    <Placemark>
      <LineString>
        <tessellate>1</tessellate>
        <coordinates>
          0.1511111111,42.7322222222,0
          0.1538888889,42.4244444444,0
        </coordinates>
      </LineString>
    </Placemark>
    <Placemark>
      <LineString>
        <tessellate>1</tessellate>
        <coordinates>
          0.9694444444,45.1172222222,0
          0.9605555556,45.0,0
        </coordinates>
      </LineString>
    </Placemark>
    <Placemark>
      <LineString>
        <tessellate>1</tessellate>
        <coordinates>
          0.9694444444,45.1172222222,0
          0.7875,45.7894444444,0
        </coordinates>
      </LineString>
    </Placemark>
    <Placemark>
      <LineString>
        <tessellate>1</tessellate>
        <coordinates>
          0.9694444444,45.1172222222,0
          0.4805555556,45.7547222222,0
        </coordinates>
      </LineString>
    </Placemark>
    <Placemark>
      <LineString>
        <tessellate>1</tessellate>
        <coordinates>
          3.3872222222,46.1991666667,0
          3.1922222222,45.7875,0
        </coordinates>
      </LineString>
    </Placemark>
    <Placemark>
      <LineString>
        <tessellate>1</tessellate>
        <coordinates>
          1.4519444444,40.8608333333,0
          1.2316666667,40.7086111111,0
        </coordinates>
      </LineString>
    </Placemark>
    <Placemark>
      <LineString>
        <tessellate>1</tessellate>
        <coordinates>
          1.4519444444,40.8608333333,0
          1.7302777778,41.0513888889,0
        </coordinates>
      </LineString>
    </Placemark>
    <Placemark>
      <LineString>
        <tessellate>1</tessellate>
        <coordinates>
          4.2591666667,46.8058333333,0
          4.1066666667,47.0666666667,0
        </coordinates>
      </LineString>
    </Placemark>
    <Placemark>
      <LineString>
        <tessellate>1</tessellate>
        <coordinates>
          4.2591666667,46.8058333333,0
          4.01540355,46.3973345167,0
        </coordinates>
      </LineString>
    </Placemark>
    <Placemark>
      <LineString>
        <tessellate>1</tessellate>
        <coordinates>
          4.2591666667,46.8058333333,0
          3.6316666667,46.7066666667,0
        </coordinates>
      </LineString>
    </Placemark>
    <Placemark>
      <LineString>
        <tessellate>1</tessellate>
        <coordinates>
          0.7716666667,45.5744444444,0
          1.0161111111,45.6994444444,0
        </coordinates>
      </LineString>
    </Placemark>
    <Placemark>
      <LineString>
        <tessellate>1</tessellate>
        <coordinates>
          0.7716666667,45.5744444444,0
          0.6775,45.4847222222,0
        </coordinates>
      </LineString>
    </Placemark>
    <Placemark>
      <LineString>
        <tessellate>1</tessellate>
        <coordinates>
          2.5,38.1666666667,0
          3.1416666667,38.5969444444,0
        </coordinates>
      </LineString>
    </Placemark>
    <Placemark>
      <LineString>
        <tessellate>1</tessellate>
        <coordinates>
          4.0147222222,45.3916666667,0
          3.7430555556,45.6816666667,0
        </coordinates>
      </LineString>
    </Placemark>
    <Placemark>
      <LineString>
        <tessellate>1</tessellate>
        <coordinates>
          4.0147222222,45.3916666667,0
          3.7502777778,45.2572222222,0
        </coordinates>
      </LineString>
    </Placemark>
    <Placemark>
      <LineString>
        <tessellate>1</tessellate>
        <coordinates>
          4.0147222222,45.3916666667,0
          4.1772222222,45.2163888889,0
        </coordinates>
      </LineString>
    </Placemark>
    <Placemark>
      <LineString>
        <tessellate>1</tessellate>
        <coordinates>
          3.3875,47.5402777778,0
          3.7538888889,46.9402777778,0
        </coordinates>
      </LineString>
    </Placemark>
    <Placemark>
      <LineString>
        <tessellate>1</tessellate>
        <coordinates>
          -2.5991666667,40.9802777778,0
          -2.5617187167,40.8278145667,0
        </coordinates>
      </LineString>
    </Placemark>
    <Placemark>
      <LineString>
        <tessellate>1</tessellate>
        <coordinates>
          -2.5991666667,40.9802777778,0
          -2.5447222222,40.3719444444,0
        </coordinates>
      </LineString>
    </Placemark>
    <Placemark>
      <LineString>
        <tessellate>1</tessellate>
        <coordinates>
          -1.1080555556,43.0091666667,0
          -1.7019444444,42.7338888889,0
        </coordinates>
      </LineString>
    </Placemark>
    <Placemark>
      <LineString>
        <tessellate>1</tessellate>
        <coordinates>
          -1.455,41.1936111111,0
          -1.8283333333,40.7783333333,0
        </coordinates>
      </LineString>
    </Placemark>
    <Placemark>
      <LineString>
        <tessellate>1</tessellate>
        <coordinates>
          -1.455,41.1936111111,0
          -0.5475,41.3538888889,0
        </coordinates>
      </LineString>
    </Placemark>
    <Placemark>
      <LineString>
        <tessellate>1</tessellate>
        <coordinates>
          -2.1933333333,42.7008333333,0
          -2.6138888889,42.6797222222,0
        </coordinates>
      </LineString>
    </Placemark>
    <Placemark>
      <LineString>
        <tessellate>1</tessellate>
        <coordinates>
          2.6205555556,39.3686111111,0
          2.2280555556,38.7511111111,0
        </coordinates>
      </LineString>
    </Placemark>
    <Placemark>
      <LineString>
        <tessellate>1</tessellate>
        <coordinates>
          2.6205555556,39.3686111111,0
          2.7211111111,39.2872222222,0
        </coordinates>
      </LineString>
    </Placemark>
    <Placemark>
      <LineString>
        <tessellate>1</tessellate>
        <coordinates>
          3.9338888889,41.9238888889,0
          4.415,42.0797222222,0
        </coordinates>
      </LineString>
    </Placemark>
    <Placemark>
      <LineString>
        <tessellate>1</tessellate>
        <coordinates>
          3.9338888889,41.9238888889,0
          3.8602777778,41.6055555556,0
        </coordinates>
      </LineString>
    </Placemark>
    <Placemark>
      <LineString>
        <tessellate>1</tessellate>
        <coordinates>
          3.9338888889,41.9238888889,0
          3.4413888889,41.1844444444,0
        </coordinates>
      </LineString>
    </Placemark>
    <Placemark>
      <LineString>
        <tessellate>1</tessellate>
        <coordinates>
          3.7538888889,46.9402777778,0
          4.2591666667,46.8058333333,0
        </coordinates>
      </LineString>
    </Placemark>
    <Placemark>
      <LineString>
        <tessellate>1</tessellate>
        <coordinates>
          -0.3263888889,39.8905555556,0
          -0.4830555556,39.4855555556,0
        </coordinates>
      </LineString>
    </Placemark>
    <Placemark>
      <LineString>
        <tessellate>1</tessellate>
        <coordinates>
          1.6978912,43.0931356833,0
          2.2075,43.2225,0
        </coordinates>
      </LineString>
    </Placemark>
    <Placemark>
      <LineString>
        <tessellate>1</tessellate>
        <coordinates>
          1.6978912,43.0931356833,0
          1.8830555556,43.3441666667,0
        </coordinates>
      </LineString>
    </Placemark>
    <Placemark>
      <LineString>
        <tessellate>1</tessellate>
        <coordinates>
          1.6978912,43.0931356833,0
          1.6342473,43.0939158333,0
        </coordinates>
      </LineString>
    </Placemark>
    <Placemark>
      <LineString>
        <tessellate>1</tessellate>
        <coordinates>
          1.6978912,43.0931356833,0
          1.3635596833,43.6363061167,0
        </coordinates>
      </LineString>
    </Placemark>
    <Placemark>
      <LineString>
        <tessellate>1</tessellate>
        <coordinates>
          -0.3463888889,39.4375,0
          -0.0047222222,39.8338888889,0
        </coordinates>
      </LineString>
    </Placemark>
    <Placemark>
      <LineString>
        <tessellate>1</tessellate>
        <coordinates>
          -1.7688888889,38.7191666667,0
          -1.2630555556,39.0244444444,0
        </coordinates>
      </LineString>
    </Placemark>
    <Placemark>
      <LineString>
        <tessellate>1</tessellate>
        <coordinates>
          -1.7688888889,38.7191666667,0
          -2.0927777778,38.5211111111,0
        </coordinates>
      </LineString>
    </Placemark>
    <Placemark>
      <LineString>
        <tessellate>1</tessellate>
        <coordinates>
          -1.8816666667,42.9011111111,0
          -2.7966666667,43.7363888889,0
        </coordinates>
      </LineString>
    </Placemark>
    <Placemark>
      <LineString>
        <tessellate>1</tessellate>
        <coordinates>
          -1.8816666667,42.9011111111,0
          -1.7644444444,43.0155555556,0
        </coordinates>
      </LineString>
    </Placemark>
    <Placemark>
      <LineString>
        <tessellate>1</tessellate>
        <coordinates>
          -1.8816666667,42.9011111111,0
          -1.7019444444,42.7338888889,0
        </coordinates>
      </LineString>
    </Placemark>
    <Placemark>
      <LineString>
        <tessellate>1</tessellate>
        <coordinates>
          -1.8816666667,42.9011111111,0
          -1.6454431333,42.7718839833,0
        </coordinates>
      </LineString>
    </Placemark>
    <Placemark>
      <LineString>
        <tessellate>1</tessellate>
        <coordinates>
          0.2980555556,46.5811111111,0
          -0.4583333333,46.5833333333,0
        </coordinates>
      </LineString>
    </Placemark>
    <Placemark>
      <LineString>
        <tessellate>1</tessellate>
        <coordinates>
          0.2980555556,46.5811111111,0
          0.5308333333,46.5611111111,0
        </coordinates>
      </LineString>
    </Placemark>
    <Placemark>
      <LineString>
        <tessellate>1</tessellate>
        <coordinates>
          0.2980555556,46.5811111111,0
          -0.7597222222,46.1655555556,0
        </coordinates>
      </LineString>
    </Placemark>
    <Placemark>
      <LineString>
        <tessellate>1</tessellate>
        <coordinates>
          0.2980555556,46.5811111111,0
          0.18,47.1666666667,0
        </coordinates>
      </LineString>
    </Placemark>
    <Placemark>
      <LineString>
        <tessellate>1</tessellate>
        <coordinates>
          0.2980555556,46.5811111111,0
          1.0488888889,46.8825,0
        </coordinates>
      </LineString>
    </Placemark>
    <Placemark>
      <LineString>
        <tessellate>1</tessellate>
        <coordinates>
          0.2980555556,46.5811111111,0
          0.8247222222,47.1666666667,0
        </coordinates>
      </LineString>
    </Placemark>
    <Placemark>
      <LineString>
        <tessellate>1</tessellate>
        <coordinates>
          0.2980555556,46.5811111111,0
          0.4525,47.0813888889,0
        </coordinates>
      </LineString>
    </Placemark>
    <Placemark>
      <LineString>
        <tessellate>1</tessellate>
        <coordinates>
          0.2980555556,46.5811111111,0
          0.1047222222,46.2902777778,0
        </coordinates>
      </LineString>
    </Placemark>
    <Placemark>
      <LineString>
        <tessellate>1</tessellate>
        <coordinates>
          0.6180555556,45.1141666667,0
          0.4805555556,45.7547222222,0
        </coordinates>
      </LineString>
    </Placemark>
    <Placemark>
      <LineString>
        <tessellate>1</tessellate>
        <coordinates>
          0.6180555556,45.1141666667,0
          -0.6627777778,46.4291666667,0
        </coordinates>
      </LineString>
    </Placemark>
    <Placemark>
      <LineString>
        <tessellate>1</tessellate>
        <coordinates>
          -3.6277777778,47.7863888889,0
          -3.4411111111,47.7613888889,0
        </coordinates>
      </LineString>
    </Placemark>
    <Placemark>
      <LineString>
        <tessellate>1</tessellate>
        <coordinates>
          -3.6277777778,47.7863888889,0
          -3.6991666667,46.3222222222,0
        </coordinates>
      </LineString>
    </Placemark>
    <Placemark>
      <LineString>
        <tessellate>1</tessellate>
        <coordinates>
          -3.6277777778,47.7863888889,0
          -4.6627777778,47.8369444444,0
        </coordinates>
      </LineString>
    </Placemark>
    <Placemark>
      <LineString>
        <tessellate>1</tessellate>
        <coordinates>
          -0.5475,41.3538888889,0
          0.1994444444,41.2683333333,0
        </coordinates>
      </LineString>
    </Placemark>
    <Placemark>
      <LineString>
        <tessellate>1</tessellate>
        <coordinates>
          -0.5475,41.3538888889,0
          0.2186111111,41.3466666667,0
        </coordinates>
      </LineString>
    </Placemark>
    <Placemark>
      <LineString>
        <tessellate>1</tessellate>
        <coordinates>
          -2.8402777778,43.9486111111,0
          -2.5336111111,45.8111111111,0
        </coordinates>
      </LineString>
    </Placemark>
    <Placemark>
      <LineString>
        <tessellate>1</tessellate>
        <coordinates>
          2.9052777778,40.2197222222,0
          3.1147222222,39.9275,0
        </coordinates>
      </LineString>
    </Placemark>
    <Placemark>
      <LineString>
        <tessellate>1</tessellate>
        <coordinates>
          0.1572222222,42.0613888889,0
          0.1594444444,41.7855555556,0
        </coordinates>
      </LineString>
    </Placemark>
    <Placemark>
      <LineString>
        <tessellate>1</tessellate>
        <coordinates>
          0.1572222222,42.0613888889,0
          0.3763888889,41.9791666667,0
        </coordinates>
      </LineString>
    </Placemark>
    <Placemark>
      <LineString>
        <tessellate>1</tessellate>
        <coordinates>
          0.1572222222,42.0613888889,0
          -0.2441666667,42.2102777778,0
        </coordinates>
      </LineString>
    </Placemark>
    <Placemark>
      <LineString>
        <tessellate>1</tessellate>
        <coordinates>
          3.1147222222,39.9275,0
          2.3958333333,39.5494444444,0
        </coordinates>
      </LineString>
    </Placemark>
    <Placemark>
      <LineString>
        <tessellate>1</tessellate>
        <coordinates>
          3.1147222222,39.9275,0
          3.1225,39.54444445,0
        </coordinates>
      </LineString>
    </Placemark>
    <Placemark>
      <LineString>
        <tessellate>1</tessellate>
        <coordinates>
          3.1147222222,39.9275,0
          2.8216666667,39.5233333333,0
        </coordinates>
      </LineString>
    </Placemark>
    <Placemark>
      <LineString>
        <tessellate>1</tessellate>
        <coordinates>
          3.1147222222,39.9275,0
          3.08,39.7188888889,0
        </coordinates>
      </LineString>
    </Placemark>
    <Placemark>
      <LineString>
        <tessellate>1</tessellate>
        <coordinates>
          -0.1661111111,43.3141666667,0
          -0.7166666667,43.3655555556,0
        </coordinates>
      </LineString>
    </Placemark>
    <Placemark>
      <LineString>
        <tessellate>1</tessellate>
        <coordinates>
          2.8672222222,42.7505555556,0
          2.8322222222,42.4513888889,0
        </coordinates>
      </LineString>
    </Placemark>
    <Placemark>
      <LineString>
        <tessellate>1</tessellate>
        <coordinates>
          2.8672222222,42.7505555556,0
          2.9830555556,42.4802777778,0
        </coordinates>
      </LineString>
    </Placemark>
    <Placemark>
      <LineString>
        <tessellate>1</tessellate>
        <coordinates>
          2.8672222222,42.7505555556,0
          2.4933333333,43.19,0
        </coordinates>
      </LineString>
    </Placemark>
    <Placemark>
      <LineString>
        <tessellate>1</tessellate>
        <coordinates>
          2.8672222222,42.7505555556,0
          2.9369444444,43.1975,0
        </coordinates>
      </LineString>
    </Placemark>
    <Placemark>
      <LineString>
        <tessellate>1</tessellate>
        <coordinates>
          -1.6337247833,42.7365649833,0
          -1.5,42.995,0
        </coordinates>
      </LineString>
    </Placemark>
    <Placemark>
      <LineString>
        <tessellate>1</tessellate>
        <coordinates>
          -1.6337247833,42.7365649833,0
          -1.5425,42.6777777778,0
        </coordinates>
      </LineString>
    </Placemark>
    <Placemark>
      <LineString>
        <tessellate>1</tessellate>
        <coordinates>
          -1.6337247833,42.7365649833,0
          -2.0194768333,42.58932735,0
        </coordinates>
      </LineString>
    </Placemark>
    <Placemark>
      <LineString>
        <tessellate>1</tessellate>
        <coordinates>
          -1.7019444444,42.7338888889,0
          -1.2980555556,40.8672222222,0
        </coordinates>
      </LineString>
    </Placemark>
    <Placemark>
      <LineString>
        <tessellate>1</tessellate>
        <coordinates>
          -1.7019444444,42.7338888889,0
          -0.6569444444,42.875,0
        </coordinates>
      </LineString>
    </Placemark>
    <Placemark>
      <LineString>
        <tessellate>1</tessellate>
        <coordinates>
          -1.7019444444,42.7338888889,0
          -1.9386111111,42.845,0
        </coordinates>
      </LineString>
    </Placemark>
    <Placemark>
      <LineString>
        <tessellate>1</tessellate>
        <coordinates>
          -1.7019444444,42.7338888889,0
          -2.1552777778,42.6311111111,0
        </coordinates>
      </LineString>
    </Placemark>
    <Placemark>
      <LineString>
        <tessellate>1</tessellate>
        <coordinates>
          -1.7019444444,42.7338888889,0
          -1.9075,42.4275,0
        </coordinates>
      </LineString>
    </Placemark>
    <Placemark>
      <LineString>
        <tessellate>1</tessellate>
        <coordinates>
          -1.7019444444,42.7338888889,0
          -2.1933333333,42.7008333333,0
        </coordinates>
      </LineString>
    </Placemark>
    <Placemark>
      <LineString>
        <tessellate>1</tessellate>
        <coordinates>
          -1.7019444444,42.7338888889,0
          -1.8816666667,42.9011111111,0
        </coordinates>
      </LineString>
    </Placemark>
    <Placemark>
      <LineString>
        <tessellate>1</tessellate>
        <coordinates>
          -1.7019444444,42.7338888889,0
          -1.5663888889,43.2538888889,0
        </coordinates>
      </LineString>
    </Placemark>
    <Placemark>
      <LineString>
        <tessellate>1</tessellate>
        <coordinates>
          -1.7019444444,42.7338888889,0
          -1.5425,42.6777777778,0
        </coordinates>
      </LineString>
    </Placemark>
    <Placemark>
      <LineString>
        <tessellate>1</tessellate>
        <coordinates>
          -1.7019444444,42.7338888889,0
          -2.0111111111,42.2719444444,0
        </coordinates>
      </LineString>
    </Placemark>
    <Placemark>
      <LineString>
        <tessellate>1</tessellate>
        <coordinates>
          -2.0102777778,40.1475,0
          -1.4319444444,39.9005555556,0
        </coordinates>
      </LineString>
    </Placemark>
    <Placemark>
      <LineString>
        <tessellate>1</tessellate>
        <coordinates>
          -2.0102777778,40.1475,0
          -2.5447222222,40.3719444444,0
        </coordinates>
      </LineString>
    </Placemark>
    <Placemark>
      <LineString>
        <tessellate>1</tessellate>
        <coordinates>
          -2.0102777778,40.1475,0
          -2.2620316167,40.2680362,0
        </coordinates>
      </LineString>
    </Placemark>
    <Placemark>
      <LineString>
        <tessellate>1</tessellate>
        <coordinates>
          3.2566666667,39.4272222222,0
          4.2163888889,39.8636111111,0
        </coordinates>
      </LineString>
    </Placemark>
    <Placemark>
      <LineString>
        <tessellate>1</tessellate>
        <coordinates>
          3.2566666667,39.4272222222,0
          3.3747222167,39.6191666667,0
        </coordinates>
      </LineString>
    </Placemark>
    <Placemark>
      <LineString>
        <tessellate>1</tessellate>
        <coordinates>
          2.0083333333,42.3669444444,0
          2.0319444444,42.1713888889,0
        </coordinates>
      </LineString>
    </Placemark>
    <Placemark>
      <LineString>
        <tessellate>1</tessellate>
        <coordinates>
          2.0083333333,42.3669444444,0
          2.6347222222,41.64,0
        </coordinates>
      </LineString>
    </Placemark>
    <Placemark>
      <LineString>
        <tessellate>1</tessellate>
        <coordinates>
          -4.1847222222,47.9572222222,0
          -4.5247222222,47.5913888889,0
        </coordinates>
      </LineString>
    </Placemark>
    <Placemark>
      <LineString>
        <tessellate>1</tessellate>
        <coordinates>
          -4.1847222222,47.9572222222,0
          -3.4411111111,47.7613888889,0
        </coordinates>
      </LineString>
    </Placemark>
    <Placemark>
      <LineString>
        <tessellate>1</tessellate>
        <coordinates>
          -4.1847222222,47.9572222222,0
          -3.7508333333,47.9616666667,0
        </coordinates>
      </LineString>
    </Placemark>
    <Placemark>
      <LineString>
        <tessellate>1</tessellate>
        <coordinates>
          -4.1847222222,47.9572222222,0
          -4.6627777778,47.8369444444,0
        </coordinates>
      </LineString>
    </Placemark>
    <Placemark>
      <LineString>
        <tessellate>1</tessellate>
        <coordinates>
          -0.2852777778,41.0091666667,0
          -1.2980555556,40.8672222222,0
        </coordinates>
      </LineString>
    </Placemark>
    <Placemark>
      <LineString>
        <tessellate>1</tessellate>
        <coordinates>
          -0.2852777778,41.0091666667,0
          -0.7927777778,40.8711111111,0
        </coordinates>
      </LineString>
    </Placemark>
    <Placemark>
      <LineString>
        <tessellate>1</tessellate>
        <coordinates>
          0.6925,44.0288888889,0
          0.8727777778,43.8880555556,0
        </coordinates>
      </LineString>
    </Placemark>
    <Placemark>
      <LineString>
        <tessellate>1</tessellate>
        <coordinates>
          0.6925,44.0288888889,0
          0.7308333333,44.1083333333,0
        </coordinates>
      </LineString>
    </Placemark>
    <Placemark>
      <LineString>
        <tessellate>1</tessellate>
        <coordinates>
          4.7538888889,44.1202777778,0
          4.7463888889,43.9952777778,0
        </coordinates>
      </LineString>
    </Placemark>
    <Placemark>
      <LineString>
        <tessellate>1</tessellate>
        <coordinates>
          4.7538888889,44.1202777778,0
          4.7797222222,44.555,0
        </coordinates>
      </LineString>
    </Placemark>
    <Placemark>
      <LineString>
        <tessellate>1</tessellate>
        <coordinates>
          -4.0308333333,42.5744444444,0
          -2.8805555556,42.4533333333,0
        </coordinates>
      </LineString>
    </Placemark>
    <Placemark>
      <LineString>
        <tessellate>1</tessellate>
        <coordinates>
          -4.0308333333,42.5744444444,0
          -4.1091666667,42.0275,0
        </coordinates>
      </LineString>
    </Placemark>
    <Placemark>
      <LineString>
        <tessellate>1</tessellate>
        <coordinates>
          -4.0308333333,42.5744444444,0
          -4.8497222222,42.6533333333,0
        </coordinates>
      </LineString>
    </Placemark>
    <Placemark>
      <LineString>
        <tessellate>1</tessellate>
        <coordinates>
          -4.0308333333,42.5744444444,0
          -4.9888888889,42.6661111111,0
        </coordinates>
      </LineString>
    </Placemark>
    <Placemark>
      <LineString>
        <tessellate>1</tessellate>
        <coordinates>
          1.4775,44.7802777778,0
          1.5602792333,45.01072215,0
        </coordinates>
      </LineString>
    </Placemark>
    <Placemark>
      <LineString>
        <tessellate>1</tessellate>
        <coordinates>
          1.4775,44.7802777778,0
          1.4283333333,44.8927777778,0
        </coordinates>
      </LineString>
    </Placemark>
    <Placemark>
      <LineString>
        <tessellate>1</tessellate>
        <coordinates>
          1.4775,44.7802777778,0
          1.7869444444,44.6708333333,0
        </coordinates>
      </LineString>
    </Placemark>
    <Placemark>
      <LineString>
        <tessellate>1</tessellate>
        <coordinates>
          1.4775,44.7802777778,0
          1.5302777778,44.6541666667,0
        </coordinates>
      </LineString>
    </Placemark>
    <Placemark>
      <LineString>
        <tessellate>1</tessellate>
        <coordinates>
          2.0880555556,40.9205555556,0
          2.2063888889,41.0708333333,0
        </coordinates>
      </LineString>
    </Placemark>
    <Placemark>
      <LineString>
        <tessellate>1</tessellate>
        <coordinates>
          -3.3848052833,40.7204721667,0
          -3.2466666667,40.8538888889,0
        </coordinates>
      </LineString>
    </Placemark>
    <Placemark>
      <LineString>
        <tessellate>1</tessellate>
        <coordinates>
          -3.3848052833,40.7204721667,0
          -3.3602777778,40.5641666667,0
        </coordinates>
      </LineString>
    </Placemark>
    <Placemark>
      <LineString>
        <tessellate>1</tessellate>
        <coordinates>
          -3.2466666667,40.8538888889,0
          -2.6302777833,41.3236111167,0
        </coordinates>
      </LineString>
    </Placemark>
    <Placemark>
      <LineString>
        <tessellate>1</tessellate>
        <coordinates>
          -3.2466666667,40.8538888889,0
          -2.5447222222,40.3719444444,0
        </coordinates>
      </LineString>
    </Placemark>
    <Placemark>
      <LineString>
        <tessellate>1</tessellate>
        <coordinates>
          -3.2466666667,40.8538888889,0
          -3.1819444444,41.1433333333,0
        </coordinates>
      </LineString>
    </Placemark>
    <Placemark>
      <LineString>
        <tessellate>1</tessellate>
        <coordinates>
          -3.2466666667,40.8538888889,0
          -2.3763888889,41.0227777778,0
        </coordinates>
      </LineString>
    </Placemark>
    <Placemark>
      <LineString>
        <tessellate>1</tessellate>
        <coordinates>
          -3.2466666667,40.8538888889,0
          -2.8056998833,40.93833315,0
        </coordinates>
      </LineString>
    </Placemark>
    <Placemark>
      <LineString>
        <tessellate>1</tessellate>
        <coordinates>
          1.1136111111,41.6977777778,0
          0.7302777778,41.845,0
        </coordinates>
      </LineString>
    </Placemark>
    <Placemark>
      <LineString>
        <tessellate>1</tessellate>
        <coordinates>
          1.1136111111,41.6977777778,0
          1.6183333333,41.7716666667,0
        </coordinates>
      </LineString>
    </Placemark>
    <Placemark>
      <LineString>
        <tessellate>1</tessellate>
        <coordinates>
          1.1136111111,41.6977777778,0
          1.0344444444,42.4352777778,0
        </coordinates>
      </LineString>
    </Placemark>
    <Placemark>
      <LineString>
        <tessellate>1</tessellate>
        <coordinates>
          1.1136111111,41.6977777778,0
          1.5019444444,41.5469444444,0
        </coordinates>
      </LineString>
    </Placemark>
    <Placemark>
      <LineString>
        <tessellate>1</tessellate>
        <coordinates>
          4.2752777778,45.5225,0
          3.7502777778,45.2572222222,0
        </coordinates>
      </LineString>
    </Placemark>
    <Placemark>
      <LineString>
        <tessellate>1</tessellate>
        <coordinates>
          4.2752777778,45.5225,0
          4.0147222222,45.3916666667,0
        </coordinates>
      </LineString>
    </Placemark>
    <Placemark>
      <LineString>
        <tessellate>1</tessellate>
        <coordinates>
          1.1648040167,41.1367288833,0
          1.1822222222,40.8641666667,0
        </coordinates>
      </LineString>
    </Placemark>
    <Placemark>
      <LineString>
        <tessellate>1</tessellate>
        <coordinates>
          1.1648040167,41.1367288833,0
          1.1869708,41.1431879333,0
        </coordinates>
      </LineString>
    </Placemark>
    <Placemark>
      <LineString>
        <tessellate>1</tessellate>
        <coordinates>
          1.1648040167,41.1367288833,0
          0.9115302,41.0547276833,0
        </coordinates>
      </LineString>
    </Placemark>
    <Placemark>
      <LineString>
        <tessellate>1</tessellate>
        <coordinates>
          0.9115302,41.0547276833,0
          2.2866666667,40.8027777778,0
        </coordinates>
      </LineString>
    </Placemark>
    <Placemark>
      <LineString>
        <tessellate>1</tessellate>
        <coordinates>
          0.9115302,41.0547276833,0
          0.6480555556,41.5527777778,0
        </coordinates>
      </LineString>
    </Placemark>
    <Placemark>
      <LineString>
        <tessellate>1</tessellate>
        <coordinates>
          0.9115302,41.0547276833,0
          1.1648040167,41.1367288833,0
        </coordinates>
      </LineString>
    </Placemark>
    <Placemark>
      <LineString>
        <tessellate>1</tessellate>
        <coordinates>
          0.9115302,41.0547276833,0
          1.0948994167,41.4125538167,0
        </coordinates>
      </LineString>
    </Placemark>
    <Placemark>
      <LineString>
        <tessellate>1</tessellate>
        <coordinates>
          0.9115302,41.0547276833,0
          1.7058333333,40.9738888889,0
        </coordinates>
      </LineString>
    </Placemark>
    <Placemark>
      <LineString>
        <tessellate>1</tessellate>
        <coordinates>
          1.0948994167,41.4125538167,0
          1.1297222222,41.5438888889,0
        </coordinates>
      </LineString>
    </Placemark>
    <Placemark>
      <LineString>
        <tessellate>1</tessellate>
        <coordinates>
          1.0948994167,41.4125538167,0
          2.0225334833,41.5145652667,0
        </coordinates>
      </LineString>
    </Placemark>
    <Placemark>
      <LineString>
        <tessellate>1</tessellate>
        <coordinates>
          1.0948994167,41.4125538167,0
          1.5019444444,41.5469444444,0
        </coordinates>
      </LineString>
    </Placemark>
    <Placemark>
      <LineString>
        <tessellate>1</tessellate>
        <coordinates>
          1.1711111111,41.1497222222,0
          2.0880555556,40.9205555556,0
        </coordinates>
      </LineString>
    </Placemark>
    <Placemark>
      <LineString>
        <tessellate>1</tessellate>
        <coordinates>
          1.1711111111,41.1497222222,0
          1.1663888889,41.1961111111,0
        </coordinates>
      </LineString>
    </Placemark>
    <Placemark>
      <LineString>
        <tessellate>1</tessellate>
        <coordinates>
          1.1711111111,41.1497222222,0
          1.5477777778,41.3427777778,0
        </coordinates>
      </LineString>
    </Placemark>
    <Placemark>
      <LineString>
        <tessellate>1</tessellate>
        <coordinates>
          -0.9088888889,39.4436111111,0
          -0.5444444444,39.2825,0
        </coordinates>
      </LineString>
    </Placemark>
    <Placemark>
      <LineString>
        <tessellate>1</tessellate>
        <coordinates>
          -0.9088888889,39.4436111111,0
          -0.8961111111,39.4002777778,0
        </coordinates>
      </LineString>
    </Placemark>
    <Placemark>
      <LineString>
        <tessellate>1</tessellate>
        <coordinates>
          -2.9427777778,40.3830555556,0
          -2.5447222222,40.3719444444,0
        </coordinates>
      </LineString>
    </Placemark>
    <Placemark>
      <LineString>
        <tessellate>1</tessellate>
        <coordinates>
          4.8444444444,43.3861111111,0
          4.41289435,43.8555746333,0
        </coordinates>
      </LineString>
    </Placemark>
    <Placemark>
      <LineString>
        <tessellate>1</tessellate>
        <coordinates>
          4.8444444444,43.3861111111,0
          4.9288888889,43.3369444444,0
        </coordinates>
      </LineString>
    </Placemark>
    <Placemark>
      <LineString>
        <tessellate>1</tessellate>
        <coordinates>
          1.9288888889,43.0797222222,0
          2.0083333333,42.3669444444,0
        </coordinates>
      </LineString>
    </Placemark>
    <Placemark>
      <LineString>
        <tessellate>1</tessellate>
        <coordinates>
          -1.01,43.925,0
          -0.6902777778,44.2,0
        </coordinates>
      </LineString>
    </Placemark>
    <Placemark>
      <LineString>
        <tessellate>1</tessellate>
        <coordinates>
          -1.01,43.925,0
          -0.4200931333,43.3790863167,0
        </coordinates>
      </LineString>
    </Placemark>
    <Placemark>
      <LineString>
        <tessellate>1</tessellate>
        <coordinates>
          -1.01,43.925,0
          -1.1958333333,43.7483333333,0
        </coordinates>
      </LineString>
    </Placemark>
    <Placemark>
      <LineString>
        <tessellate>1</tessellate>
        <coordinates>
          -0.0638888889,40.5580555556,0
          -0.1833333333,40.2561111111,0
        </coordinates>
      </LineString>
    </Placemark>
    <Placemark>
      <LineString>
        <tessellate>1</tessellate>
        <coordinates>
          3.48,46.0227777778,0
          3.2068415167,45.79499635,0
        </coordinates>
      </LineString>
    </Placemark>
    <Placemark>
      <LineString>
        <tessellate>1</tessellate>
        <coordinates>
          3.48,46.0227777778,0
          3.5536111111,45.8819444444,0
        </coordinates>
      </LineString>
    </Placemark>
    <Placemark>
      <LineString>
        <tessellate>1</tessellate>
        <coordinates>
          4.7713888889,39.9780555556,0
          4.6666666667,39.9566666667,0
        </coordinates>
      </LineString>
    </Placemark>
    <Placemark>
      <LineString>
        <tessellate>1</tessellate>
        <coordinates>
          -0.4397222222,39.2466666667,0
          -0.2816666667,38.3602777778,0
        </coordinates>
      </LineString>
    </Placemark>
    <Placemark>
      <LineString>
        <tessellate>1</tessellate>
        <coordinates>
          -0.4397222222,39.2466666667,0
          0.4833333333,38.9241666667,0
        </coordinates>
      </LineString>
    </Placemark>
    <Placemark>
      <LineString>
        <tessellate>1</tessellate>
        <coordinates>
          4.9930555556,39.6066666667,0
          4.685,39.0,0
        </coordinates>
      </LineString>
    </Placemark>
    <Placemark>
      <LineString>
        <tessellate>1</tessellate>
        <coordinates>
          4.9930555556,39.6066666667,0
          4.6666666667,39.5855555556,0
        </coordinates>
      </LineString>
    </Placemark>
    <Placemark>
      <LineString>
        <tessellate>1</tessellate>
        <coordinates>
          2.6033333333,46.3655555556,0
          2.9308333333,46.2005555556,0
        </coordinates>
      </LineString>
    </Placemark>
    <Placemark>
      <LineString>
        <tessellate>1</tessellate>
        <coordinates>
          2.6033333333,46.3655555556,0
          2.3793377,47.0869536667,0
        </coordinates>
      </LineString>
    </Placemark>
    <Placemark>
      <LineString>
        <tessellate>1</tessellate>
        <coordinates>
          2.6033333333,46.3655555556,0
          2.1983333333,46.2275,0
        </coordinates>
      </LineString>
    </Placemark>
    <Placemark>
      <LineString>
        <tessellate>1</tessellate>
        <coordinates>
          2.6033333333,46.3655555556,0
          3.0536111111,46.5166666667,0
        </coordinates>
      </LineString>
    </Placemark>
    <Placemark>
      <LineString>
        <tessellate>1</tessellate>
        <coordinates>
          2.6033333333,46.3655555556,0
          3.08,46.3366666667,0
        </coordinates>
      </LineString>
    </Placemark>
    <Placemark>
      <LineString>
        <tessellate>1</tessellate>
        <coordinates>
          -1.5416666667,46.1841666667,0
          -0.1530555556,44.6769444444,0
        </coordinates>
      </LineString>
    </Placemark>
    <Placemark>
      <LineString>
        <tessellate>1</tessellate>
        <coordinates>
          3.08,46.3366666667,0
          3.1922222222,45.7875,0
        </coordinates>
      </LineString>
    </Placemark>
    <Placemark>
      <LineString>
        <tessellate>1</tessellate>
        <coordinates>
          3.08,46.3366666667,0
          3.2068415167,45.79499635,0
        </coordinates>
      </LineString>
    </Placemark>
    <Placemark>
      <LineString>
        <tessellate>1</tessellate>
        <coordinates>
          3.08,46.3366666667,0
          3.0536111111,46.5166666667,0
        </coordinates>
      </LineString>
    </Placemark>
    <Placemark>
      <LineString>
        <tessellate>1</tessellate>
        <coordinates>
          3.08,46.3366666667,0
          2.6033333333,46.3655555556,0
        </coordinates>
      </LineString>
    </Placemark>
    <Placemark>
      <LineString>
        <tessellate>1</tessellate>
        <coordinates>
          3.08,46.3366666667,0
          3.28344605,46.3255408333,0
        </coordinates>
      </LineString>
    </Placemark>
    <Placemark>
      <LineString>
        <tessellate>1</tessellate>
        <coordinates>
          3.9991666667,46.0591666667,0
          4.045,45.9525,0
        </coordinates>
      </LineString>
    </Placemark>
    <Placemark>
      <LineString>
        <tessellate>1</tessellate>
        <coordinates>
          3.9991666667,46.0591666667,0
          4.5025,46.0,0
        </coordinates>
      </LineString>
    </Placemark>
    <Placemark>
      <LineString>
        <tessellate>1</tessellate>
        <coordinates>
          3.9991666667,46.0591666667,0
          4.27846505,45.5590279667,0
        </coordinates>
      </LineString>
    </Placemark>
    <Placemark>
      <LineString>
        <tessellate>1</tessellate>
        <coordinates>
          3.9991666667,46.0591666667,0
          4.01540355,46.3973345167,0
        </coordinates>
      </LineString>
    </Placemark>
    <Placemark>
      <LineString>
        <tessellate>1</tessellate>
        <coordinates>
          3.9991666667,46.0591666667,0
          3.9577777778,46.1136111111,0
        </coordinates>
      </LineString>
    </Placemark>
    <Placemark>
      <LineString>
        <tessellate>1</tessellate>
        <coordinates>
          1.9466666667,42.6733333333,0
          2.2163888889,42.4333333333,0
        </coordinates>
      </LineString>
    </Placemark>
    <Placemark>
      <LineString>
        <tessellate>1</tessellate>
        <coordinates>
          1.9466666667,42.6733333333,0
          2.0586111111,42.3616666667,0
        </coordinates>
      </LineString>
    </Placemark>
    <Placemark>
      <LineString>
        <tessellate>1</tessellate>
        <coordinates>
          1.9466666667,42.6733333333,0
          2.0083333333,42.3669444444,0
        </coordinates>
      </LineString>
    </Placemark>
    <Placemark>
      <LineString>
        <tessellate>1</tessellate>
        <coordinates>
          1.9466666667,42.6733333333,0
          1.3097222222,43.6808333333,0
        </coordinates>
      </LineString>
    </Placemark>
    <Placemark>
      <LineString>
        <tessellate>1</tessellate>
        <coordinates>
          -0.9861111111,45.8883333333,0
          -0.3543438167,45.6357014833,0
        </coordinates>
      </LineString>
    </Placemark>
    <Placemark>
      <LineString>
        <tessellate>1</tessellate>
        <coordinates>
          -0.9861111111,45.8883333333,0
          -1.1502777778,45.9697222222,0
        </coordinates>
      </LineString>
    </Placemark>
    <Placemark>
      <LineString>
        <tessellate>1</tessellate>
        <coordinates>
          1.7302777778,41.0513888889,0
          1.4519444444,40.8608333333,0
        </coordinates>
      </LineString>
    </Placemark>
    <Placemark>
      <LineString>
        <tessellate>1</tessellate>
        <coordinates>
          1.7302777778,41.0513888889,0
          1.7058333333,41.2105555556,0
        </coordinates>
      </LineString>
    </Placemark>
    <Placemark>
      <LineString>
        <tessellate>1</tessellate>
        <coordinates>
          4.8436111111,45.1744444444,0
          4.8902777778,45.2833333333,0
        </coordinates>
      </LineString>
    </Placemark>
    <Placemark>
      <LineString>
        <tessellate>1</tessellate>
        <coordinates>
          2.4888888889,44.63,0
          2.3205555556,44.635,0
        </coordinates>
      </LineString>
    </Placemark>
    <Placemark>
      <LineString>
        <tessellate>1</tessellate>
        <coordinates>
          2.4888888889,44.63,0
          2.2322222222,44.515,0
        </coordinates>
      </LineString>
    </Placemark>
    <Placemark>
      <LineString>
        <tessellate>1</tessellate>
        <coordinates>
          2.4888888889,44.63,0
          2.6005555556,44.6266666667,0
        </coordinates>
      </LineString>
    </Placemark>
    <Placemark>
      <LineString>
        <tessellate>1</tessellate>
        <coordinates>
          3.1127777778,46.1772222222,0
          3.6316666667,46.7066666667,0
        </coordinates>
      </LineString>
    </Placemark>
    <Placemark>
      <LineString>
        <tessellate>1</tessellate>
        <coordinates>
          3.1127777778,46.1772222222,0
          3.7180555556,46.5511111111,0
        </coordinates>
      </LineString>
    </Placemark>
    <Placemark>
      <LineString>
        <tessellate>1</tessellate>
        <coordinates>
          2.6072222222,44.3319444444,0
          2.9875,44.1147222222,0
        </coordinates>
      </LineString>
    </Placemark>
    <Placemark>
      <LineString>
        <tessellate>1</tessellate>
        <coordinates>
          2.6072222222,44.3319444444,0
          2.4885411667,44.40225365,0
        </coordinates>
      </LineString>
    </Placemark>
    <Placemark>
      <LineString>
        <tessellate>1</tessellate>
        <coordinates>
          1.9116666667,41.7616666667,0
          1.5477777778,41.3427777778,0
        </coordinates>
      </LineString>
    </Placemark>
    <Placemark>
      <LineString>
        <tessellate>1</tessellate>
        <coordinates>
          1.5427777778,38.8233333333,0
          1.4705555556,38.9155555556,0
        </coordinates>
      </LineString>
    </Placemark>
    <Placemark>
      <LineString>
        <tessellate>1</tessellate>
        <coordinates>
          1.5427777778,38.8233333333,0
          2.1613888889,38.6636111111,0
        </coordinates>
      </LineString>
    </Placemark>
    <Placemark>
      <LineString>
        <tessellate>1</tessellate>
        <coordinates>
          1.5427777778,38.8233333333,0
          1.9169444444,38.3422222222,0
        </coordinates>
      </LineString>
    </Placemark>
    <Placemark>
      <LineString>
        <tessellate>1</tessellate>
        <coordinates>
          -1.0305555556,42.4958333333,0
          -0.6569444444,42.875,0
        </coordinates>
      </LineString>
    </Placemark>
    <Placemark>
      <LineString>
        <tessellate>1</tessellate>
        <coordinates>
          -1.0305555556,42.4958333333,0
          -0.5680555556,42.3288888889,0
        </coordinates>
      </LineString>
    </Placemark>
    <Placemark>
      <LineString>
        <tessellate>1</tessellate>
        <coordinates>
          -1.0305555556,42.4958333333,0
          -1.5425,42.6777777778,0
        </coordinates>
      </LineString>
    </Placemark>
    <Placemark>
      <LineString>
        <tessellate>1</tessellate>
        <coordinates>
          -1.0305555556,42.4958333333,0
          -1.0553142667,41.6611099667,0
        </coordinates>
      </LineString>
    </Placemark>
    <Placemark>
      <LineString>
        <tessellate>1</tessellate>
        <coordinates>
          -4.5036111111,43.4844444444,0
          -3.9875,44.3288888889,0
        </coordinates>
      </LineString>
    </Placemark>
    <Placemark>
      <LineString>
        <tessellate>1</tessellate>
        <coordinates>
          -4.5036111111,43.4844444444,0
          -4.8733333333,43.5041666667,0
        </coordinates>
      </LineString>
    </Placemark>
    <Placemark>
      <LineString>
        <tessellate>1</tessellate>
        <coordinates>
          -4.5036111111,43.4844444444,0
          -3.9025,43.4497222222,0
        </coordinates>
      </LineString>
    </Placemark>
    <Placemark>
      <LineString>
        <tessellate>1</tessellate>
        <coordinates>
          -3.7508333333,47.9616666667,0
          -2.9622222222,47.965,0
        </coordinates>
      </LineString>
    </Placemark>
    <Placemark>
      <LineString>
        <tessellate>1</tessellate>
        <coordinates>
          -3.7508333333,47.9616666667,0
          -4.1847222222,47.9572222222,0
        </coordinates>
      </LineString>
    </Placemark>
    <Placemark>
      <LineString>
        <tessellate>1</tessellate>
        <coordinates>
          4.9288888889,43.3369444444,0
          3.9747222222,43.5783333333,0
        </coordinates>
      </LineString>
    </Placemark>
    <Placemark>
      <LineString>
        <tessellate>1</tessellate>
        <coordinates>
          1.9672222222,47.1088888889,0
          1.8011111111,46.9366666667,0
        </coordinates>
      </LineString>
    </Placemark>
    <Placemark>
      <LineString>
        <tessellate>1</tessellate>
        <coordinates>
          -1.0366666667,45.6666666667,0
          -0.7211111111,44.8269444444,0
        </coordinates>
      </LineString>
    </Placemark>
    <Placemark>
      <LineString>
        <tessellate>1</tessellate>
        <coordinates>
          -1.0366666667,45.6666666667,0
          -0.3543438167,45.6357014833,0
        </coordinates>
      </LineString>
    </Placemark>
    <Placemark>
      <LineString>
        <tessellate>1</tessellate>
        <coordinates>
          -1.0366666667,45.6666666667,0
          -1.2255555556,45.85,0
        </coordinates>
      </LineString>
    </Placemark>
    <Placemark>
      <LineString>
        <tessellate>1</tessellate>
        <coordinates>
          -1.0366666667,45.6666666667,0
          -0.8616666667,45.1958333333,0
        </coordinates>
      </LineString>
    </Placemark>
    <Placemark>
      <LineString>
        <tessellate>1</tessellate>
        <coordinates>
          -1.0366666667,45.6666666667,0
          -1.0616666667,45.7333333333,0
        </coordinates>
      </LineString>
    </Placemark>
    <Placemark>
      <LineString>
        <tessellate>1</tessellate>
        <coordinates>
          -1.0366666667,45.6666666667,0
          -1.1502777778,45.9697222222,0
        </coordinates>
      </LineString>
    </Placemark>
    <Placemark>
      <LineString>
        <tessellate>1</tessellate>
        <coordinates>
          1.7058333333,40.9738888889,0
          2.0844560333,41.29943885,0
        </coordinates>
      </LineString>
    </Placemark>
    <Placemark>
      <LineString>
        <tessellate>1</tessellate>
        <coordinates>
          1.7058333333,40.9738888889,0
          0.9115302,41.0547276833,0
        </coordinates>
      </LineString>
    </Placemark>
    <Placemark>
      <LineString>
        <tessellate>1</tessellate>
        <coordinates>
          2.2813888889,41.1772222222,0
          2.325,41.3811111111,0
        </coordinates>
      </LineString>
    </Placemark>
    <Placemark>
      <LineString>
        <tessellate>1</tessellate>
        <coordinates>
          0.9205555556,44.5,0
          0.6191666667,44.8194444444,0
        </coordinates>
      </LineString>
    </Placemark>
    <Placemark>
      <LineString>
        <tessellate>1</tessellate>
        <coordinates>
          0.9205555556,44.5,0
          0.9605555556,45.0,0
        </coordinates>
      </LineString>
    </Placemark>
    <Placemark>
      <LineString>
        <tessellate>1</tessellate>
        <coordinates>
          2.0269444444,39.4527777778,0
          2.3958333333,39.5494444444,0
        </coordinates>
      </LineString>
    </Placemark>
    <Placemark>
      <LineString>
        <tessellate>1</tessellate>
        <coordinates>
          4.8905555556,45.6680555556,0
          3.7502777778,45.2572222222,0
        </coordinates>
      </LineString>
    </Placemark>
    <Placemark>
      <LineString>
        <tessellate>1</tessellate>
        <coordinates>
          4.8905555556,45.6680555556,0
          4.6488888889,45.7080555556,0
        </coordinates>
      </LineString>
    </Placemark>
    <Placemark>
      <LineString>
        <tessellate>1</tessellate>
        <coordinates>
          0.675,38.6688888889,0
          0.4833333333,38.6083333333,0
        </coordinates>
      </LineString>
    </Placemark>
    <Placemark>
      <LineString>
        <tessellate>1</tessellate>
        <coordinates>
          0.675,38.6688888889,0
          1.4705555556,38.9155555556,0
        </coordinates>
      </LineString>
    </Placemark>
    <Placemark>
      <LineString>
        <tessellate>1</tessellate>
        <coordinates>
          -1.7356467333,46.8270667667,0
          -2.0138888889,47.0069444444,0
        </coordinates>
      </LineString>
    </Placemark>
    <Placemark>
      <LineString>
        <tessellate>1</tessellate>
        <coordinates>
          2.4372222222,44.4319444444,0
          1.7869444444,44.6708333333,0
        </coordinates>
      </LineString>
    </Placemark>
    <Placemark>
      <LineString>
        <tessellate>1</tessellate>
        <coordinates>
          2.4155555556,39.2338888889,0
          2.7583333333,39.4352777778,0
        </coordinates>
      </LineString>
    </Placemark>
    <Placemark>
      <LineString>
        <tessellate>1</tessellate>
        <coordinates>
          -0.25,47.8530555556,0
          0.8466666667,47.9930555556,0
        </coordinates>
      </LineString>
    </Placemark>
    <Placemark>
      <LineString>
        <tessellate>1</tessellate>
        <coordinates>
          -0.25,47.8530555556,0
          -0.4586111111,47.8847222222,0
        </coordinates>
      </LineString>
    </Placemark>
    <Placemark>
      <LineString>
        <tessellate>1</tessellate>
        <coordinates>
          -0.25,47.8530555556,0
          -1.2647222222,47.4405555556,0
        </coordinates>
      </LineString>
    </Placemark>
    <Placemark>
      <LineString>
        <tessellate>1</tessellate>
        <coordinates>
          -0.25,47.8530555556,0
          0.2016666667,47.9125,0
        </coordinates>
      </LineString>
    </Placemark>
    <Placemark>
      <LineString>
        <tessellate>1</tessellate>
        <coordinates>
          3.1738888889,41.2102777778,0
          2.6627777778,41.255,0
        </coordinates>
      </LineString>
    </Placemark>
    <Placemark>
      <LineString>
        <tessellate>1</tessellate>
        <coordinates>
          3.1738888889,41.2102777778,0
          3.1458333333,40.6091666667,0
        </coordinates>
      </LineString>
    </Placemark>
    <Placemark>
      <LineString>
        <tessellate>1</tessellate>
        <coordinates>
          1.6738888889,41.4172222222,0
          1.1297222222,41.5438888889,0
        </coordinates>
      </LineString>
    </Placemark>
    <Placemark>
      <LineString>
        <tessellate>1</tessellate>
        <coordinates>
          1.6738888889,41.4172222222,0
          1.6636111111,41.4833333333,0
        </coordinates>
      </LineString>
    </Placemark>
    <Placemark>
      <LineString>
        <tessellate>1</tessellate>
        <coordinates>
          0.4763888889,41.1097222222,0
          0.5227777778,41.23,0
        </coordinates>
      </LineString>
    </Placemark>
    <Placemark>
      <LineString>
        <tessellate>1</tessellate>
        <coordinates>
          0.4763888889,41.1097222222,0
          -0.2852777778,41.0091666667,0
        </coordinates>
      </LineString>
    </Placemark>
    <Placemark>
      <LineString>
        <tessellate>1</tessellate>
        <coordinates>
          4.7302777778,43.2827777778,0
          4.4741666667,43.3847222222,0
        </coordinates>
      </LineString>
    </Placemark>
    <Placemark>
      <LineString>
        <tessellate>1</tessellate>
        <coordinates>
          3.1872222222,41.4944444444,0
          3.4886111111,41.5447222222,0
        </coordinates>
      </LineString>
    </Placemark>
    <Placemark>
      <LineString>
        <tessellate>1</tessellate>
        <coordinates>
          3.1872222222,41.4944444444,0
          3.4413888889,41.1844444444,0
        </coordinates>
      </LineString>
    </Placemark>
    <Placemark>
      <LineString>
        <tessellate>1</tessellate>
        <coordinates>
          2.3572222222,43.3477777778,0
          2.0416666667,43.4522222222,0
        </coordinates>
      </LineString>
    </Placemark>
    <Placemark>
      <LineString>
        <tessellate>1</tessellate>
        <coordinates>
          2.3572222222,43.3477777778,0
          2.2513185667,43.46753355,0
        </coordinates>
      </LineString>
    </Placemark>
    <Placemark>
      <LineString>
        <tessellate>1</tessellate>
        <coordinates>
          2.7416666667,47.2666666667,0
          2.22,47.5766666667,0
        </coordinates>
      </LineString>
    </Placemark>
    <Placemark>
      <LineString>
        <tessellate>1</tessellate>
        <coordinates>
          2.7416666667,47.2666666667,0
          2.9294444444,47.1530555556,0
        </coordinates>
      </LineString>
    </Placemark>
    <Placemark>
      <LineString>
        <tessellate>1</tessellate>
        <coordinates>
          2.0036111111,41.1091666667,0
          2.0844560333,41.29943885,0
        </coordinates>
      </LineString>
    </Placemark>
    <Placemark>
      <LineString>
        <tessellate>1</tessellate>
        <coordinates>
          3.9919444444,40.5,0
          4.2163888889,39.8636111111,0
        </coordinates>
      </LineString>
    </Placemark>
    <Placemark>
      <LineString>
        <tessellate>1</tessellate>
        <coordinates>
          3.9919444444,40.5,0
          3.8069444444,41.0152777778,0
        </coordinates>
      </LineString>
    </Placemark>
    <Placemark>
      <LineString>
        <tessellate>1</tessellate>
        <coordinates>
          -0.7131885333,44.6890844167,0
          -0.1530555556,44.6769444444,0
        </coordinates>
      </LineString>
    </Placemark>
    <Placemark>
      <LineString>
        <tessellate>1</tessellate>
        <coordinates>
          -0.1833333333,40.2561111111,0
          -0.2077777778,39.6741666667,0
        </coordinates>
      </LineString>
    </Placemark>
    <Placemark>
      <LineString>
        <tessellate>1</tessellate>
        <coordinates>
          -0.1833333333,40.2561111111,0
          -0.2836111111,40.0,0
        </coordinates>
      </LineString>
    </Placemark>
    <Placemark>
      <LineString>
        <tessellate>1</tessellate>
        <coordinates>
          -0.1530555556,44.6769444444,0
          -1.4508333333,43.0583333333,0
        </coordinates>
      </LineString>
    </Placemark>
    <Placemark>
      <LineString>
        <tessellate>1</tessellate>
        <coordinates>
          -0.1530555556,44.6769444444,0
          0.5302620833,44.8151968667,0
        </coordinates>
      </LineString>
    </Placemark>
    <Placemark>
      <LineString>
        <tessellate>1</tessellate>
        <coordinates>
          -0.1530555556,44.6769444444,0
          1.5302777778,44.6541666667,0
        </coordinates>
      </LineString>
    </Placemark>
    <Placemark>
      <LineString>
        <tessellate>1</tessellate>
        <coordinates>
          -0.1530555556,44.6769444444,0
          0.6925,44.0288888889,0
        </coordinates>
      </LineString>
    </Placemark>
    <Placemark>
      <LineString>
        <tessellate>1</tessellate>
        <coordinates>
          -0.1530555556,44.6769444444,0
          0.5152777778,44.4386111111,0
        </coordinates>
      </LineString>
    </Placemark>
    <Placemark>
      <LineString>
        <tessellate>1</tessellate>
        <coordinates>
          -0.1530555556,44.6769444444,0
          -0.4775,44.385,0
        </coordinates>
      </LineString>
    </Placemark>
    <Placemark>
      <LineString>
        <tessellate>1</tessellate>
        <coordinates>
          -0.1530555556,44.6769444444,0
          0.1458333333,43.3322222222,0
        </coordinates>
      </LineString>
    </Placemark>
    <Placemark>
      <LineString>
        <tessellate>1</tessellate>
        <coordinates>
          -0.1530555556,44.6769444444,0
          0.1555555556,44.98,0
        </coordinates>
      </LineString>
    </Placemark>
    <Placemark>
      <LineString>
        <tessellate>1</tessellate>
        <coordinates>
          0.5152777778,44.4386111111,0
          0.8727777778,43.8880555556,0
        </coordinates>
      </LineString>
    </Placemark>
    <Placemark>
      <LineString>
        <tessellate>1</tessellate>
        <coordinates>
          0.5152777778,44.4386111111,0
          0.7308333333,44.1083333333,0
        </coordinates>
      </LineString>
    </Placemark>
    <Placemark>
      <LineString>
        <tessellate>1</tessellate>
        <coordinates>
          0.5152777778,44.4386111111,0
          0.581337,44.1886491,0
        </coordinates>
      </LineString>
    </Placemark>
    <Placemark>
      <LineString>
        <tessellate>1</tessellate>
        <coordinates>
          0.5152777778,44.4386111111,0
          1.8241666667,43.9541666667,0
        </coordinates>
      </LineString>
    </Placemark>
    <Placemark>
      <LineString>
        <tessellate>1</tessellate>
        <coordinates>
          0.5152777778,44.4386111111,0
          0.3269444444,44.7238888889,0
        </coordinates>
      </LineString>
    </Placemark>
    <Placemark>
      <LineString>
        <tessellate>1</tessellate>
        <coordinates>
          0.5152777778,44.4386111111,0
          1.7488888889,44.2952777778,0
        </coordinates>
      </LineString>
    </Placemark>
    <Placemark>
      <LineString>
        <tessellate>1</tessellate>
        <coordinates>
          0.5152777778,44.4386111111,0
          1.7808333333,44.1388888889,0
        </coordinates>
      </LineString>
    </Placemark>
    <Placemark>
      <LineString>
        <tessellate>1</tessellate>
        <coordinates>
          0.5152777778,44.4386111111,0
          0.1555555556,44.98,0
        </coordinates>
      </LineString>
    </Placemark>
    <Placemark>
      <LineString>
        <tessellate>1</tessellate>
        <coordinates>
          -1.4327777778,41.3236111111,0
          -1.7769444444,41.0333333333,0
        </coordinates>
      </LineString>
    </Placemark>
    <Placemark>
      <LineString>
        <tessellate>1</tessellate>
        <coordinates>
          -2.3763888889,41.0227777778,0
          -2.0780555556,41.0791666667,0
        </coordinates>
      </LineString>
    </Placemark>
    <Placemark>
      <LineString>
        <tessellate>1</tessellate>
        <coordinates>
          -2.3763888889,41.0227777778,0
          -1.3619444444,42.1316666667,0
        </coordinates>
      </LineString>
    </Placemark>
    <Placemark>
      <LineString>
        <tessellate>1</tessellate>
        <coordinates>
          1.1663888889,41.1961111111,0
          1.1522222222,41.3311111111,0
        </coordinates>
      </LineString>
    </Placemark>
    <Placemark>
      <LineString>
        <tessellate>1</tessellate>
        <coordinates>
          1.1663888889,41.1961111111,0
          0.4763888889,41.1097222222,0
        </coordinates>
      </LineString>
    </Placemark>
    <Placemark>
      <LineString>
        <tessellate>1</tessellate>
        <coordinates>
          0.7388888889,40.8686111111,0
          0.385,40.8711111111,0
        </coordinates>
      </LineString>
    </Placemark>
    <Placemark>
      <LineString>
        <tessellate>1</tessellate>
        <coordinates>
          0.2186111111,41.3466666667,0
          0.1994444444,41.2683333333,0
        </coordinates>
      </LineString>
    </Placemark>
    <Placemark>
      <LineString>
        <tessellate>1</tessellate>
        <coordinates>
          0.2186111111,41.3466666667,0
          0.3183333333,41.7480555556,0
        </coordinates>
      </LineString>
    </Placemark>
    <Placemark>
      <LineString>
        <tessellate>1</tessellate>
        <coordinates>
          0.2186111111,41.3466666667,0
          0.6480555556,41.5527777778,0
        </coordinates>
      </LineString>
    </Placemark>
    <Placemark>
      <LineString>
        <tessellate>1</tessellate>
        <coordinates>
          0.2186111111,41.3466666667,0
          0.5658333333,41.3416666667,0
        </coordinates>
      </LineString>
    </Placemark>
    <Placemark>
      <LineString>
        <tessellate>1</tessellate>
        <coordinates>
          -0.2225773167,39.68407415,0
          0.4833333333,39.2088888889,0
        </coordinates>
      </LineString>
    </Placemark>
    <Placemark>
      <LineString>
        <tessellate>1</tessellate>
        <coordinates>
          -0.2225773167,39.68407415,0
          0.4313888889,39.3316666667,0
        </coordinates>
      </LineString>
    </Placemark>
    <Placemark>
      <LineString>
        <tessellate>1</tessellate>
        <coordinates>
          -0.2225773167,39.68407415,0
          -0.0047222222,39.8338888889,0
        </coordinates>
      </LineString>
    </Placemark>
    <Placemark>
      <LineString>
        <tessellate>1</tessellate>
        <coordinates>
          -0.2077777778,39.6741666667,0
          -0.9863888889,39.7072222222,0
        </coordinates>
      </LineString>
    </Placemark>
    <Placemark>
      <LineString>
        <tessellate>1</tessellate>
        <coordinates>
          -0.2077777778,39.6741666667,0
          -0.18,39.4,0
        </coordinates>
      </LineString>
    </Placemark>
    <Placemark>
      <LineString>
        <tessellate>1</tessellate>
        <coordinates>
          -0.2077777778,39.6741666667,0
          -0.0047222222,39.8338888889,0
        </coordinates>
      </LineString>
    </Placemark>
    <Placemark>
      <LineString>
        <tessellate>1</tessellate>
        <coordinates>
          -0.2077777778,39.6741666667,0
          -0.4830555556,39.4855555556,0
        </coordinates>
      </LineString>
    </Placemark>
    <Placemark>
      <LineString>
        <tessellate>1</tessellate>
        <coordinates>
          2.9369444444,43.1975,0
          3.3372344833,43.33593,0
        </coordinates>
      </LineString>
    </Placemark>
    <Placemark>
      <LineString>
        <tessellate>1</tessellate>
        <coordinates>
          2.9369444444,43.1975,0
          3.025,43.7508333333,0
        </coordinates>
      </LineString>
    </Placemark>
    <Placemark>
      <LineString>
        <tessellate>1</tessellate>
        <coordinates>
          2.9369444444,43.1975,0
          2.8672222222,42.7505555556,0
        </coordinates>
      </LineString>
    </Placemark>
    <Placemark>
      <LineString>
        <tessellate>1</tessellate>
        <coordinates>
          2.9369444444,43.1975,0
          3.2830555556,43.3269444444,0
        </coordinates>
      </LineString>
    </Placemark>
    <Placemark>
      <LineString>
        <tessellate>1</tessellate>
        <coordinates>
          3.7944444444,43.8108333333,0
          3.9605435167,43.5857774333,0
        </coordinates>
      </LineString>
    </Placemark>
    <Placemark>
      <LineString>
        <tessellate>1</tessellate>
        <coordinates>
          3.28344605,46.3255408333,0
          3.08,46.3366666667,0
        </coordinates>
      </LineString>
    </Placemark>
    <Placemark>
      <LineString>
        <tessellate>1</tessellate>
        <coordinates>
          3.28344605,46.3255408333,0
          4.1213888889,46.2944444444,0
        </coordinates>
      </LineString>
    </Placemark>
    <Placemark>
      <LineString>
        <tessellate>1</tessellate>
        <coordinates>
          -2.6002777778,40.2605555556,0
          -3.1763888889,40.255,0
        </coordinates>
      </LineString>
    </Placemark>
    <Placemark>
      <LineString>
        <tessellate>1</tessellate>
        <coordinates>
          3.1458333333,40.6091666667,0
          3.1408333333,40.5,0
        </coordinates>
      </LineString>
    </Placemark>
    <Placemark>
      <LineString>
        <tessellate>1</tessellate>
        <coordinates>
          3.1458333333,40.6091666667,0
          2.8938888889,40.7808333333,0
        </coordinates>
      </LineString>
    </Placemark>
    <Placemark>
      <LineString>
        <tessellate>1</tessellate>
        <coordinates>
          2.0429941,41.5083937833,0
          2.0844560333,41.29943885,0
        </coordinates>
      </LineString>
    </Placemark>
    <Placemark>
      <LineString>
        <tessellate>1</tessellate>
        <coordinates>
          2.0429941,41.5083937833,0
          1.6636111111,41.4833333333,0
        </coordinates>
      </LineString>
    </Placemark>
    <Placemark>
      <LineString>
        <tessellate>1</tessellate>
        <coordinates>
          2.0429941,41.5083937833,0
          2.6347222222,41.64,0
        </coordinates>
      </LineString>
    </Placemark>
    <Placemark>
      <LineString>
        <tessellate>1</tessellate>
        <coordinates>
          2.0429941,41.5083937833,0
          2.7716666667,41.9313888889,0
        </coordinates>
      </LineString>
    </Placemark>
    <Placemark>
      <LineString>
        <tessellate>1</tessellate>
        <coordinates>
          2.0429941,41.5083937833,0
          2.1097222222,41.52,0
        </coordinates>
      </LineString>
    </Placemark>
    <Placemark>
      <LineString>
        <tessellate>1</tessellate>
        <coordinates>
          2.0429941,41.5083937833,0
          1.5477777778,41.3427777778,0
        </coordinates>
      </LineString>
    </Placemark>
    <Placemark>
      <LineString>
        <tessellate>1</tessellate>
        <coordinates>
          2.1097222222,41.52,0
          2.6347222222,41.64,0
        </coordinates>
      </LineString>
    </Placemark>
    <Placemark>
      <LineString>
        <tessellate>1</tessellate>
        <coordinates>
          2.1097222222,41.52,0
          2.0036111111,41.1091666667,0
        </coordinates>
      </LineString>
    </Placemark>
    <Placemark>
      <LineString>
        <tessellate>1</tessellate>
        <coordinates>
          2.1097222222,41.52,0
          2.0225334833,41.5145652667,0
        </coordinates>
      </LineString>
    </Placemark>
    <Placemark>
      <LineString>
        <tessellate>1</tessellate>
        <coordinates>
          2.1097222222,41.52,0
          2.325,41.3811111111,0
        </coordinates>
      </LineString>
    </Placemark>
    <Placemark>
      <LineString>
        <tessellate>1</tessellate>
        <coordinates>
          2.1097222222,41.52,0
          1.5019444444,41.5469444444,0
        </coordinates>
      </LineString>
    </Placemark>
    <Placemark>
      <LineString>
        <tessellate>1</tessellate>
        <coordinates>
          -3.9025,43.4497222222,0
          -2.9358333333,43.3044444444,0
        </coordinates>
      </LineString>
    </Placemark>
    <Placemark>
      <LineString>
        <tessellate>1</tessellate>
        <coordinates>
          -3.9025,43.4497222222,0
          -3.75079455,43.4121522,0
        </coordinates>
      </LineString>
    </Placemark>
    <Placemark>
      <LineString>
        <tessellate>1</tessellate>
        <coordinates>
          -3.9025,43.4497222222,0
          -4.3333333333,43.4761111111,0
        </coordinates>
      </LineString>
    </Placemark>
    <Placemark>
      <LineString>
        <tessellate>1</tessellate>
        <coordinates>
          -3.9025,43.4497222222,0
          -4.0308333333,42.5744444444,0
        </coordinates>
      </LineString>
    </Placemark>
    <Placemark>
      <LineString>
        <tessellate>1</tessellate>
        <coordinates>
          -3.9025,43.4497222222,0
          -4.5036111111,43.4844444444,0
        </coordinates>
      </LineString>
    </Placemark>
    <Placemark>
      <LineString>
        <tessellate>1</tessellate>
        <coordinates>
          4.1213888889,46.2944444444,0
          4.01540355,46.3973345167,0
        </coordinates>
      </LineString>
    </Placemark>
    <Placemark>
      <LineString>
        <tessellate>1</tessellate>
        <coordinates>
          -0.8961111111,39.4002777778,0
          -0.57,38.2683333333,0
        </coordinates>
      </LineString>
    </Placemark>
    <Placemark>
      <LineString>
        <tessellate>1</tessellate>
        <coordinates>
          -0.8961111111,39.4002777778,0
          -0.9863888889,39.7072222222,0
        </coordinates>
      </LineString>
    </Placemark>
    <Placemark>
      <LineString>
        <tessellate>1</tessellate>
        <coordinates>
          -0.8961111111,39.4002777778,0
          -1.4955555556,39.2736111111,0
        </coordinates>
      </LineString>
    </Placemark>
    <Placemark>
      <LineString>
        <tessellate>1</tessellate>
        <coordinates>
          -0.8961111111,39.4002777778,0
          -0.4830555556,39.4855555556,0
        </coordinates>
      </LineString>
    </Placemark>
    <Placemark>
      <LineString>
        <tessellate>1</tessellate>
        <coordinates>
          -0.4775,44.385,0
          -0.4544444444,44.5522222222,0
        </coordinates>
      </LineString>
    </Placemark>
    <Placemark>
      <LineString>
        <tessellate>1</tessellate>
        <coordinates>
          -0.4775,44.385,0
          -0.6902777778,44.2,0
        </coordinates>
      </LineString>
    </Placemark>
    <Placemark>
      <LineString>
        <tessellate>1</tessellate>
        <coordinates>
          -0.4775,44.385,0
          -0.1530555556,44.6769444444,0
        </coordinates>
      </LineString>
    </Placemark>
    <Placemark>
      <LineString>
        <tessellate>1</tessellate>
        <coordinates>
          2.9330555556,45.4502777778,0
          -0.1530555556,44.6769444444,0
        </coordinates>
      </LineString>
    </Placemark>
    <Placemark>
      <LineString>
        <tessellate>1</tessellate>
        <coordinates>
          2.9330555556,45.4502777778,0
          3.8163888889,45.6038888889,0
        </coordinates>
      </LineString>
    </Placemark>
    <Placemark>
      <LineString>
        <tessellate>1</tessellate>
        <coordinates>
          2.9330555556,45.4502777778,0
          2.6227777778,45.0405555556,0
        </coordinates>
      </LineString>
    </Placemark>
    <Placemark>
      <LineString>
        <tessellate>1</tessellate>
        <coordinates>
          1.1169444444,38.7730555556,0
          0.4833333333,38.6083333333,0
        </coordinates>
      </LineString>
    </Placemark>
    <Placemark>
      <LineString>
        <tessellate>1</tessellate>
        <coordinates>
          1.1169444444,38.7730555556,0
          1.4108333333,39.3725,0
        </coordinates>
      </LineString>
    </Placemark>
    <Placemark>
      <LineString>
        <tessellate>1</tessellate>
        <coordinates>
          1.1169444444,38.7730555556,0
          0.4833333333,39.2088888889,0
        </coordinates>
      </LineString>
    </Placemark>
    <Placemark>
      <LineString>
        <tessellate>1</tessellate>
        <coordinates>
          4.2055555556,45.6533333333,0
          3.8163888889,45.6038888889,0
        </coordinates>
      </LineString>
    </Placemark>
    <Placemark>
      <LineString>
        <tessellate>1</tessellate>
        <coordinates>
          -0.0047222222,39.8338888889,0
          0.1430555556,40.2308333333,0
        </coordinates>
      </LineString>
    </Placemark>
    <Placemark>
      <LineString>
        <tessellate>1</tessellate>
        <coordinates>
          -0.0047222222,39.8338888889,0
          -0.2077777778,39.6741666667,0
        </coordinates>
      </LineString>
    </Placemark>
    <Placemark>
      <LineString>
        <tessellate>1</tessellate>
        <coordinates>
          -0.0047222222,39.8338888889,0
          0.5883333333,40.2580555556,0
        </coordinates>
      </LineString>
    </Placemark>
    <Placemark>
      <LineString>
        <tessellate>1</tessellate>
        <coordinates>
          1.055,47.0258333333,0
          1.0644444444,47.4288888889,0
        </coordinates>
      </LineString>
    </Placemark>
    <Placemark>
      <LineString>
        <tessellate>1</tessellate>
        <coordinates>
          -1.4955555556,39.2736111111,0
          -1.2630555556,39.0244444444,0
        </coordinates>
      </LineString>
    </Placemark>
    <Placemark>
      <LineString>
        <tessellate>1</tessellate>
        <coordinates>
          -1.4955555556,39.2736111111,0
          -1.7452777778,39.5388888889,0
        </coordinates>
      </LineString>
    </Placemark>
    <Placemark>
      <LineString>
        <tessellate>1</tessellate>
        <coordinates>
          -1.4955555556,39.2736111111,0
          -0.8961111111,39.4002777778,0
        </coordinates>
      </LineString>
    </Placemark>
    <Placemark>
      <LineString>
        <tessellate>1</tessellate>
        <coordinates>
          -1.4955555556,39.2736111111,0
          -1.8594444444,38.9472222222,0
        </coordinates>
      </LineString>
    </Placemark>
    <Placemark>
      <LineString>
        <tessellate>1</tessellate>
        <coordinates>
          4.9975,42.5602777778,0
          4.7769444444,43.0561111111,0
        </coordinates>
      </LineString>
    </Placemark>
    <Placemark>
      <LineString>
        <tessellate>1</tessellate>
        <coordinates>
          0.9422222222,43.8213888889,0
          1.0627777778,43.6425,0
        </coordinates>
      </LineString>
    </Placemark>
    <Placemark>
      <LineString>
        <tessellate>1</tessellate>
        <coordinates>
          4.6666666667,39.5855555556,0
          3.4341666667,39.6975,0
        </coordinates>
      </LineString>
    </Placemark>
    <Placemark>
      <LineString>
        <tessellate>1</tessellate>
        <coordinates>
          4.6666666667,39.5855555556,0
          4.0908333333,39.2175,0
        </coordinates>
      </LineString>
    </Placemark>
    <Placemark>
      <LineString>
        <tessellate>1</tessellate>
        <coordinates>
          4.6666666667,39.5855555556,0
          2.7583333333,39.4352777778,0
        </coordinates>
      </LineString>
    </Placemark>
    <Placemark>
      <LineString>
        <tessellate>1</tessellate>
        <coordinates>
          4.6666666667,39.5855555556,0
          4.9930555556,39.6066666667,0
        </coordinates>
      </LineString>
    </Placemark>
    <Placemark>
      <LineString>
        <tessellate>1</tessellate>
        <coordinates>
          -0.2444444444,42.7880555556,0
          -0.5680555556,42.3288888889,0
        </coordinates>
      </LineString>
    </Placemark>
    <Placemark>
      <LineString>
        <tessellate>1</tessellate>
        <coordinates>
          1.7808333333,44.1388888889,0
          3.9747222222,43.5783333333,0
        </coordinates>
      </LineString>
    </Placemark>
    <Placemark>
      <LineString>
        <tessellate>1</tessellate>
        <coordinates>
          -0.9,43.3869444444,0
          -1.1355555556,43.4172222222,0
        </coordinates>
      </LineString>
    </Placemark>
    <Placemark>
      <LineString>
        <tessellate>1</tessellate>
        <coordinates>
          -0.9,43.3869444444,0
          -0.7166666667,43.3655555556,0
        </coordinates>
      </LineString>
    </Placemark>
    <Placemark>
      <LineString>
        <tessellate>1</tessellate>
        <coordinates>
          -1.8302777778,43.3111111111,0
          -2.0947222222,43.0983333333,0
        </coordinates>
      </LineString>
    </Placemark>
    <Placemark>
      <LineString>
        <tessellate>1</tessellate>
        <coordinates>
          -1.8302777778,43.3111111111,0
          -2.9358333333,43.3044444444,0
        </coordinates>
      </LineString>
    </Placemark>
    <Placemark>
      <LineString>
        <tessellate>1</tessellate>
        <coordinates>
          -1.8302777778,43.3111111111,0
          -1.80621235,43.3549933,0
        </coordinates>
      </LineString>
    </Placemark>
    <Placemark>
      <LineString>
        <tessellate>1</tessellate>
        <coordinates>
          -1.8302777778,43.3111111111,0
          -1.7805555556,43.3747222222,0
        </coordinates>
      </LineString>
    </Placemark>
    <Placemark>
      <LineString>
        <tessellate>1</tessellate>
        <coordinates>
          -1.8302777778,43.3111111111,0
          -1.7402777778,43.355,0
        </coordinates>
      </LineString>
    </Placemark>
    <Placemark>
      <LineString>
        <tessellate>1</tessellate>
        <coordinates>
          -1.8302777778,43.3111111111,0
          -2.8655555556,42.7319444444,0
        </coordinates>
      </LineString>
    </Placemark>
    <Placemark>
      <LineString>
        <tessellate>1</tessellate>
        <coordinates>
          -3.6712622,40.63979475,0
          -4.55,40.6247222222,0
        </coordinates>
      </LineString>
    </Placemark>
    <Placemark>
      <LineString>
        <tessellate>1</tessellate>
        <coordinates>
          -3.5752777778,40.5463888889,0
          -3.5636953333,40.7230416333,0
        </coordinates>
      </LineString>
    </Placemark>
    <Placemark>
      <LineString>
        <tessellate>1</tessellate>
        <coordinates>
          -3.5752777778,40.5463888889,0
          -4.2233333333,41.0152777778,0
        </coordinates>
      </LineString>
    </Placemark>
    <Placemark>
      <LineString>
        <tessellate>1</tessellate>
        <coordinates>
          -3.5752777778,40.5463888889,0
          -3.6712622,40.63979475,0
        </coordinates>
      </LineString>
    </Placemark>
    <Placemark>
      <LineString>
        <tessellate>1</tessellate>
        <coordinates>
          -1.4908333333,47.0691666667,0
          -1.1902777778,46.8383333333,0
        </coordinates>
      </LineString>
    </Placemark>
    <Placemark>
      <LineString>
        <tessellate>1</tessellate>
        <coordinates>
          3.4413888889,41.1844444444,0
          2.3958333333,39.5494444444,0
        </coordinates>
      </LineString>
    </Placemark>
    <Placemark>
      <LineString>
        <tessellate>1</tessellate>
        <coordinates>
          3.4413888889,41.1844444444,0
          3.54,41.0630555556,0
        </coordinates>
      </LineString>
    </Placemark>
    <Placemark>
      <LineString>
        <tessellate>1</tessellate>
        <coordinates>
          3.4413888889,41.1844444444,0
          3.1738888889,41.2102777778,0
        </coordinates>
      </LineString>
    </Placemark>
    <Placemark>
      <LineString>
        <tessellate>1</tessellate>
        <coordinates>
          1.2525,43.3836111111,0
          1.0627777778,43.6425,0
        </coordinates>
      </LineString>
    </Placemark>
    <Placemark>
      <LineString>
        <tessellate>1</tessellate>
        <coordinates>
          3.8163888889,45.6038888889,0
          3.7430555556,45.6816666667,0
        </coordinates>
      </LineString>
    </Placemark>
    <Placemark>
      <LineString>
        <tessellate>1</tessellate>
        <coordinates>
          -0.2816666667,38.3602777778,0
          -0.57,38.2683333333,0
        </coordinates>
      </LineString>
    </Placemark>
    <Placemark>
      <LineString>
        <tessellate>1</tessellate>
        <coordinates>
          -0.2816666667,38.3602777778,0
          -0.2308333333,38.0733333333,0
        </coordinates>
      </LineString>
    </Placemark>
    <Placemark>
      <LineString>
        <tessellate>1</tessellate>
        <coordinates>
          -0.2816666667,38.3602777778,0
          -0.0136111111,38.4494444444,0
        </coordinates>
      </LineString>
    </Placemark>
    <Placemark>
      <LineString>
        <tessellate>1</tessellate>
        <coordinates>
          1.0627777778,43.6425,0
          1.3635596833,43.6363061167,0
        </coordinates>
      </LineString>
    </Placemark>
    <Placemark>
      <LineString>
        <tessellate>1</tessellate>
        <coordinates>
          -0.5680555556,42.3288888889,0
          -0.2441666667,42.2102777778,0
        </coordinates>
      </LineString>
    </Placemark>
    <Placemark>
      <LineString>
        <tessellate>1</tessellate>
        <coordinates>
          -0.5680555556,42.3288888889,0
          -1.0305555556,42.4958333333,0
        </coordinates>
      </LineString>
    </Placemark>
    <Placemark>
      <LineString>
        <tessellate>1</tessellate>
        <coordinates>
          -0.5680555556,42.3288888889,0
          -0.7927777778,42.005,0
        </coordinates>
      </LineString>
    </Placemark>
    <Placemark>
      <LineString>
        <tessellate>1</tessellate>
        <coordinates>
          1.9169444444,38.3422222222,0
          1.7713888889,38.1488888889,0
        </coordinates>
      </LineString>
    </Placemark>
    <Placemark>
      <LineString>
        <tessellate>1</tessellate>
        <coordinates>
          1.9169444444,38.3422222222,0
          2.1613888889,38.6636111111,0
        </coordinates>
      </LineString>
    </Placemark>
    <Placemark>
      <LineString>
        <tessellate>1</tessellate>
        <coordinates>
          1.9169444444,38.3422222222,0
          1.5427777778,38.8233333333,0
        </coordinates>
      </LineString>
    </Placemark>
    <Placemark>
      <LineString>
        <tessellate>1</tessellate>
        <coordinates>
          -0.94,47.9563888889,0
          -1.5175,47.5997222222,0
        </coordinates>
      </LineString>
    </Placemark>
    <Placemark>
      <LineString>
        <tessellate>1</tessellate>
        <coordinates>
          -0.94,47.9563888889,0
          -0.4586111111,47.8847222222,0
        </coordinates>
      </LineString>
    </Placemark>
    <Placemark>
      <LineString>
        <tessellate>1</tessellate>
        <coordinates>
          -0.94,47.9563888889,0
          -1.2347222222,47.9991666667,0
        </coordinates>
      </LineString>
    </Placemark>
    <Placemark>
      <LineString>
        <tessellate>1</tessellate>
        <coordinates>
          -3.4322222222,40.9836111111,0
          -3.5769444444,40.8863888889,0
        </coordinates>
      </LineString>
    </Placemark>
    <Placemark>
      <LineString>
        <tessellate>1</tessellate>
        <coordinates>
          2.6005555556,44.6266666667,0
          3.1625,44.6083333333,0
        </coordinates>
      </LineString>
    </Placemark>
    <Placemark>
      <LineString>
        <tessellate>1</tessellate>
        <coordinates>
          2.6005555556,44.6266666667,0
          2.4888888889,44.63,0
        </coordinates>
      </LineString>
    </Placemark>
    <Placemark>
      <LineString>
        <tessellate>1</tessellate>
        <coordinates>
          4.6044444444,45.9563888889,0
          4.9290894667,45.7204637833,0
        </coordinates>
      </LineString>
    </Placemark>
    <Placemark>
      <LineString>
        <tessellate>1</tessellate>
        <coordinates>
          3.1313888889,39.1177777778,0
          3.1477777778,38.2936111111,0
        </coordinates>
      </LineString>
    </Placemark>
    <Placemark>
      <LineString>
        <tessellate>1</tessellate>
        <coordinates>
          0.5583333333,43.3211111111,0
          0.1458333333,43.3322222222,0
        </coordinates>
      </LineString>
    </Placemark>
    <Placemark>
      <LineString>
        <tessellate>1</tessellate>
        <coordinates>
          2.6497222222,40.9458333333,0
          2.0225334833,41.5145652667,0
        </coordinates>
      </LineString>
    </Placemark>
    <Placemark>
      <LineString>
        <tessellate>1</tessellate>
        <coordinates>
          -0.2836111111,40.0,0
          -0.3263888889,39.8905555556,0
        </coordinates>
      </LineString>
    </Placemark>
    <Placemark>
      <LineString>
        <tessellate>1</tessellate>
        <coordinates>
          -0.0061062,43.1856326,0
          -0.4200931333,43.3790863167,0
        </coordinates>
      </LineString>
    </Placemark>
    <Placemark>
      <LineString>
        <tessellate>1</tessellate>
        <coordinates>
          -0.0061062,43.1856326,0
          0.7588888889,43.4608333333,0
        </coordinates>
      </LineString>
    </Placemark>
    <Placemark>
      <LineString>
        <tessellate>1</tessellate>
        <coordinates>
          -0.0061062,43.1856326,0
          0.1511111111,42.7322222222,0
        </coordinates>
      </LineString>
    </Placemark>
    <Placemark>
      <LineString>
        <tessellate>1</tessellate>
        <coordinates>
          -0.0061062,43.1856326,0
          -0.1661111111,43.3141666667,0
        </coordinates>
      </LineString>
    </Placemark>
    <Placemark>
      <LineString>
        <tessellate>1</tessellate>
        <coordinates>
          -0.0061062,43.1856326,0
          0.1458333333,43.3322222222,0
        </coordinates>
      </LineString>
    </Placemark>
    <Placemark>
      <LineString>
        <tessellate>1</tessellate>
        <coordinates>
          -0.0061062,43.1856326,0
          0.0026345833,43.1906523667,0
        </coordinates>
      </LineString>
    </Placemark>
    <Placemark>
      <LineString>
        <tessellate>1</tessellate>
        <coordinates>
          0.9207309667,43.2877248333,0
          0.6366666667,43.0,0
        </coordinates>
      </LineString>
    </Placemark>
    <Placemark>
      <LineString>
        <tessellate>1</tessellate>
        <coordinates>
          0.9207309667,43.2877248333,0
          0.5583333333,43.3211111111,0
        </coordinates>
      </LineString>
    </Placemark>
    <Placemark>
      <LineString>
        <tessellate>1</tessellate>
        <coordinates>
          1.05902555,43.2766623833,0
          0.9207309667,43.2877248333,0
        </coordinates>
      </LineString>
    </Placemark>
    <Placemark>
      <LineString>
        <tessellate>1</tessellate>
        <coordinates>
          0.1458333333,43.3322222222,0
          0.5583333333,43.6513888889,0
        </coordinates>
      </LineString>
    </Placemark>
    <Placemark>
      <LineString>
        <tessellate>1</tessellate>
        <coordinates>
          0.1458333333,43.3322222222,0
          -0.0972222222,43.2097222222,0
        </coordinates>
      </LineString>
    </Placemark>
    <Placemark>
      <LineString>
        <tessellate>1</tessellate>
        <coordinates>
          0.1458333333,43.3322222222,0
          0.7588888889,43.4608333333,0
        </coordinates>
      </LineString>
    </Placemark>
    <Placemark>
      <LineString>
        <tessellate>1</tessellate>
        <coordinates>
          0.1458333333,43.3322222222,0
          -0.9791666667,42.9727777778,0
        </coordinates>
      </LineString>
    </Placemark>
    <Placemark>
      <LineString>
        <tessellate>1</tessellate>
        <coordinates>
          0.1458333333,43.3322222222,0
          0.0208333333,43.1591666667,0
        </coordinates>
      </LineString>
    </Placemark>
    <Placemark>
      <LineString>
        <tessellate>1</tessellate>
        <coordinates>
          0.1458333333,43.3322222222,0
          -0.7166666667,43.3655555556,0
        </coordinates>
      </LineString>
    </Placemark>
    <Placemark>
      <LineString>
        <tessellate>1</tessellate>
        <coordinates>
          0.1458333333,43.3322222222,0
          0.1511111111,42.7322222222,0
        </coordinates>
      </LineString>
    </Placemark>
    <Placemark>
      <LineString>
        <tessellate>1</tessellate>
        <coordinates>
          0.1458333333,43.3322222222,0
          0.0026345833,43.1906523667,0
        </coordinates>
      </LineString>
    </Placemark>
    <Placemark>
      <LineString>
        <tessellate>1</tessellate>
        <coordinates>
          2.325,41.3811111111,0
          2.0844560333,41.29943885,0
        </coordinates>
      </LineString>
    </Placemark>
    <Placemark>
      <LineString>
        <tessellate>1</tessellate>
        <coordinates>
          -0.615,47.595,0
          0.2738888889,47.8061111111,0
        </coordinates>
      </LineString>
    </Placemark>
    <Placemark>
      <LineString>
        <tessellate>1</tessellate>
        <coordinates>
          -2.4244444444,46.4958333333,0
          -2.9591666667,45.8302777778,0
        </coordinates>
      </LineString>
    </Placemark>
    <Placemark>
      <LineString>
        <tessellate>1</tessellate>
        <coordinates>
          -2.4244444444,46.4958333333,0
          -2.0919444444,46.8961111111,0
        </coordinates>
      </LineString>
    </Placemark>
    <Placemark>
      <LineString>
        <tessellate>1</tessellate>
        <coordinates>
          -1.9288888889,47.3488888889,0
          -3.0,47.1391666667,0
        </coordinates>
      </LineString>
    </Placemark>
    <Placemark>
      <LineString>
        <tessellate>1</tessellate>
        <coordinates>
          -1.9288888889,47.3488888889,0
          -2.9591666667,45.8302777778,0
        </coordinates>
      </LineString>
    </Placemark>
    <Placemark>
      <LineString>
        <tessellate>1</tessellate>
        <coordinates>
          -1.9288888889,47.3488888889,0
          -2.3630555556,46.86,0
        </coordinates>
      </LineString>
    </Placemark>
    <Placemark>
      <LineString>
        <tessellate>1</tessellate>
        <coordinates>
          -1.9288888889,47.3488888889,0
          -1.96,47.6419444444,0
        </coordinates>
      </LineString>
    </Placemark>
    <Placemark>
      <LineString>
        <tessellate>1</tessellate>
        <coordinates>
          -1.9288888889,47.3488888889,0
          -2.5008333333,47.685,0
        </coordinates>
      </LineString>
    </Placemark>
    <Placemark>
      <LineString>
        <tessellate>1</tessellate>
        <coordinates>
          -1.9288888889,47.3488888889,0
          -1.8441666667,46.5,0
        </coordinates>
      </LineString>
    </Placemark>
    <Placemark>
      <LineString>
        <tessellate>1</tessellate>
        <coordinates>
          -1.9288888889,47.3488888889,0
          -2.0138888889,47.0069444444,0
        </coordinates>
      </LineString>
    </Placemark>
    <Placemark>
      <LineString>
        <tessellate>1</tessellate>
        <coordinates>
          -1.9288888889,47.3488888889,0
          -1.6130555556,47.1608333333,0
        </coordinates>
      </LineString>
    </Placemark>
    <Placemark>
      <LineString>
        <tessellate>1</tessellate>
        <coordinates>
          -2.1377833333,40.725,0
          -2.5617187167,40.8278145667,0
        </coordinates>
      </LineString>
    </Placemark>
    <Placemark>
      <LineString>
        <tessellate>1</tessellate>
        <coordinates>
          -2.1377833333,40.725,0
          -2.5447222222,40.3719444444,0
        </coordinates>
      </LineString>
    </Placemark>
    <Placemark>
      <LineString>
        <tessellate>1</tessellate>
        <coordinates>
          -1.5663888889,43.2538888889,0
          -1.5102777778,43.4666666667,0
        </coordinates>
      </LineString>
    </Placemark>
    <Placemark>
      <LineString>
        <tessellate>1</tessellate>
        <coordinates>
          -1.5663888889,43.2538888889,0
          -1.5304974,43.4732797333,0
        </coordinates>
      </LineString>
    </Placemark>
    <Placemark>
      <LineString>
        <tessellate>1</tessellate>
        <coordinates>
          -1.5663888889,43.2538888889,0
          -1.7019444444,42.7338888889,0
        </coordinates>
      </LineString>
    </Placemark>
    <Placemark>
      <LineString>
        <tessellate>1</tessellate>
        <coordinates>
          4.2502777778,40.0113888889,0
          4.3666666667,40.5,0
        </coordinates>
      </LineString>
    </Placemark>
    <Placemark>
      <LineString>
        <tessellate>1</tessellate>
        <coordinates>
          1.6363888889,38.9169444444,0
          1.4441666667,39.1163888889,0
        </coordinates>
      </LineString>
    </Placemark>
    <Placemark>
      <LineString>
        <tessellate>1</tessellate>
        <coordinates>
          -1.3908333333,46.5988888889,0
          -1.4336111111,46.7108333333,0
        </coordinates>
      </LineString>
    </Placemark>
    <Placemark>
      <LineString>
        <tessellate>1</tessellate>
        <coordinates>
          -1.3908333333,46.5988888889,0
          -0.8611111111,46.5833333333,0
        </coordinates>
      </LineString>
    </Placemark>
    <Placemark>
      <LineString>
        <tessellate>1</tessellate>
        <coordinates>
          -1.3908333333,46.5988888889,0
          -1.3508333333,46.5,0
        </coordinates>
      </LineString>
    </Placemark>
    <Placemark>
      <LineString>
        <tessellate>1</tessellate>
        <coordinates>
          -1.3908333333,46.5988888889,0
          -1.6130555556,47.1608333333,0
        </coordinates>
      </LineString>
    </Placemark>
    <Placemark>
      <LineString>
        <tessellate>1</tessellate>
        <coordinates>
          -1.3908333333,46.5988888889,0
          -1.7356467333,46.8270667667,0
        </coordinates>
      </LineString>
    </Placemark>
    <Placemark>
      <LineString>
        <tessellate>1</tessellate>
        <coordinates>
          -1.3908333333,46.5988888889,0
          -1.9288888889,47.3488888889,0
        </coordinates>
      </LineString>
    </Placemark>
    <Placemark>
      <LineString>
        <tessellate>1</tessellate>
        <coordinates>
          1.1261111111,41.7844444444,0
          2.1097222222,41.52,0
        </coordinates>
      </LineString>
    </Placemark>
    <Placemark>
      <LineString>
        <tessellate>1</tessellate>
        <coordinates>
          1.1261111111,41.7844444444,0
          1.5477777778,41.3427777778,0
        </coordinates>
      </LineString>
    </Placemark>
    <Placemark>
      <LineString>
        <tessellate>1</tessellate>
        <coordinates>
          -4.6627777778,47.8369444444,0
          -3.6277777778,47.7863888889,0
        </coordinates>
      </LineString>
    </Placemark>
    <Placemark>
      <LineString>
        <tessellate>1</tessellate>
        <coordinates>
          -4.6627777778,47.8369444444,0
          -4.1847222222,47.9572222222,0
        </coordinates>
      </LineString>
    </Placemark>
    <Placemark>
      <LineString>
        <tessellate>1</tessellate>
        <coordinates>
          3.5536111111,45.8819444444,0
          3.18,45.9416666667,0
        </coordinates>
      </LineString>
    </Placemark>
    <Placemark>
      <LineString>
        <tessellate>1</tessellate>
        <coordinates>
          3.5536111111,45.8819444444,0
          4.1316666667,45.7916666667,0
        </coordinates>
      </LineString>
    </Placemark>
    <Placemark>
      <LineString>
        <tessellate>1</tessellate>
        <coordinates>
          3.5536111111,45.8819444444,0
          3.2068415167,45.79499635,0
        </coordinates>
      </LineString>
    </Placemark>
    <Placemark>
      <LineString>
        <tessellate>1</tessellate>
        <coordinates>
          3.5536111111,45.8819444444,0
          2.9308333333,46.2005555556,0
        </coordinates>
      </LineString>
    </Placemark>
    <Placemark>
      <LineString>
        <tessellate>1</tessellate>
        <coordinates>
          3.5536111111,45.8819444444,0
          3.7502777778,45.2572222222,0
        </coordinates>
      </LineString>
    </Placemark>
    <Placemark>
      <LineString>
        <tessellate>1</tessellate>
        <coordinates>
          3.5536111111,45.8819444444,0
          1.1823022667,45.8830029,0
        </coordinates>
      </LineString>
    </Placemark>
    <Placemark>
      <LineString>
        <tessellate>1</tessellate>
        <coordinates>
          3.5536111111,45.8819444444,0
          1.0255555556,45.8158333333,0
        </coordinates>
      </LineString>
    </Placemark>
    <Placemark>
      <LineString>
        <tessellate>1</tessellate>
        <coordinates>
          3.5536111111,45.8819444444,0
          3.9991666667,46.0591666667,0
        </coordinates>
      </LineString>
    </Placemark>
    <Placemark>
      <LineString>
        <tessellate>1</tessellate>
        <coordinates>
          -3.975,42.9577777778,0
          -4.0308333333,42.5744444444,0
        </coordinates>
      </LineString>
    </Placemark>
    <Placemark>
      <LineString>
        <tessellate>1</tessellate>
        <coordinates>
          3.7180555556,46.5511111111,0
          4.1066666667,47.0666666667,0
        </coordinates>
      </LineString>
    </Placemark>
    <Placemark>
      <LineString>
        <tessellate>1</tessellate>
        <coordinates>
          -4.0471143167,39.6384119833,0
          -3.9394444444,39.8111111111,0
        </coordinates>
      </LineString>
    </Placemark>
    <Placemark>
      <LineString>
        <tessellate>1</tessellate>
        <coordinates>
          -4.3375,39.9694444444,0
          -3.9394444444,39.8111111111,0
        </coordinates>
      </LineString>
    </Placemark>
    <Placemark>
      <LineString>
        <tessellate>1</tessellate>
        <coordinates>
          -4.3375,39.9694444444,0
          -4.4969444444,39.2216666667,0
        </coordinates>
      </LineString>
    </Placemark>
    <Placemark>
      <LineString>
        <tessellate>1</tessellate>
        <coordinates>
          -4.3375,39.9694444444,0
          -4.5863888889,39.9188888889,0
        </coordinates>
      </LineString>
    </Placemark>
    <Placemark>
      <LineString>
        <tessellate>1</tessellate>
        <coordinates>
          -3.4244444444,40.1963888889,0
          -3.5532797167,40.4675938,0
        </coordinates>
      </LineString>
    </Placemark>
    <Placemark>
      <LineString>
        <tessellate>1</tessellate>
        <coordinates>
          -3.4244444444,40.1963888889,0
          -3.4619205667,40.4949041667,0
        </coordinates>
      </LineString>
    </Placemark>
    <Placemark>
      <LineString>
        <tessellate>1</tessellate>
        <coordinates>
          1.68,43.4811111111,0
          1.8241666667,43.9541666667,0
        </coordinates>
      </LineString>
    </Placemark>
    <Placemark>
      <LineString>
        <tessellate>1</tessellate>
        <coordinates>
          1.68,43.4811111111,0
          1.2789269833,43.45687985,0
        </coordinates>
      </LineString>
    </Placemark>
    <Placemark>
      <LineString>
        <tessellate>1</tessellate>
        <coordinates>
          -3.4508020667,40.49097665,0
          -2.5447222222,40.3719444444,0
        </coordinates>
      </LineString>
    </Placemark>
    <Placemark>
      <LineString>
        <tessellate>1</tessellate>
        <coordinates>
          -3.4508020667,40.49097665,0
          -3.5532797167,40.4675938,0
        </coordinates>
      </LineString>
    </Placemark>
    <Placemark>
      <LineString>
        <tessellate>1</tessellate>
        <coordinates>
          -3.4508020667,40.49097665,0
          -3.3579743667,40.5557812167,0
        </coordinates>
      </LineString>
    </Placemark>
    <Placemark>
      <LineString>
        <tessellate>1</tessellate>
        <coordinates>
          -3.4508020667,40.49097665,0
          -3.6721250333,40.3291508833,0
        </coordinates>
      </LineString>
    </Placemark>
    <Placemark>
      <LineString>
        <tessellate>1</tessellate>
        <coordinates>
          2.3927777778,40.5,0
          2.4963888889,40.2022222222,0
        </coordinates>
      </LineString>
    </Placemark>
    <Placemark>
      <LineString>
        <tessellate>1</tessellate>
        <coordinates>
          3.2619444444,39.775,0
          4.3666666667,40.5,0
        </coordinates>
      </LineString>
    </Placemark>
    <Placemark>
      <LineString>
        <tessellate>1</tessellate>
        <coordinates>
          3.2619444444,39.775,0
          4.2260543833,39.852633,0
        </coordinates>
      </LineString>
    </Placemark>
    <Placemark>
      <LineString>
        <tessellate>1</tessellate>
        <coordinates>
          0.5883333333,40.2580555556,0
          1.0030555556,40.5497222222,0
        </coordinates>
      </LineString>
    </Placemark>
    <Placemark>
      <LineString>
        <tessellate>1</tessellate>
        <coordinates>
          0.5883333333,40.2580555556,0
          -0.0047222222,39.8338888889,0
        </coordinates>
      </LineString>
    </Placemark>
    <Placemark>
      <LineString>
        <tessellate>1</tessellate>
        <coordinates>
          3.8069444444,41.0152777778,0
          4.4613888889,40.8952777778,0
        </coordinates>
      </LineString>
    </Placemark>
    <Placemark>
      <LineString>
        <tessellate>1</tessellate>
        <coordinates>
          3.8069444444,41.0152777778,0
          3.9919444444,40.5,0
        </coordinates>
      </LineString>
    </Placemark>
    <Placemark>
      <LineString>
        <tessellate>1</tessellate>
        <coordinates>
          3.8069444444,41.0152777778,0
          3.7569444444,41.1530555556,0
        </coordinates>
      </LineString>
    </Placemark>
    <Placemark>
      <LineString>
        <tessellate>1</tessellate>
        <coordinates>
          -1.9361111111,38.3641666667,0
          -1.3422222222,38.7269444444,0
        </coordinates>
      </LineString>
    </Placemark>
    <Placemark>
      <LineString>
        <tessellate>1</tessellate>
        <coordinates>
          -1.9361111111,38.3641666667,0
          -2.3525,38.3608333333,0
        </coordinates>
      </LineString>
    </Placemark>
    <Placemark>
      <LineString>
        <tessellate>1</tessellate>
        <coordinates>
          1.3694255333,43.6347961833,0
          1.1469444444,43.9330555556,0
        </coordinates>
      </LineString>
    </Placemark>
    <Placemark>
      <LineString>
        <tessellate>1</tessellate>
        <coordinates>
          1.3694255333,43.6347961833,0
          2.03,43.715,0
        </coordinates>
      </LineString>
    </Placemark>
    <Placemark>
      <LineString>
        <tessellate>1</tessellate>
        <coordinates>
          1.3694255333,43.6347961833,0
          1.8241666667,43.9541666667,0
        </coordinates>
      </LineString>
    </Placemark>
    <Placemark>
      <LineString>
        <tessellate>1</tessellate>
        <coordinates>
          1.3694255333,43.6347961833,0
          2.0216666667,43.9216666667,0
        </coordinates>
      </LineString>
    </Placemark>
    <Placemark>
      <LineString>
        <tessellate>1</tessellate>
        <coordinates>
          1.3694255333,43.6347961833,0
          1.3097222222,43.6808333333,0
        </coordinates>
      </LineString>
    </Placemark>
    <Placemark>
      <LineString>
        <tessellate>1</tessellate>
        <coordinates>
          1.3694255333,43.6347961833,0
          1.3635596833,43.6363061167,0
        </coordinates>
      </LineString>
    </Placemark>
    <Placemark>
      <LineString>
        <tessellate>1</tessellate>
        <coordinates>
          1.3694255333,43.6347961833,0
          1.4879274167,43.5086672333,0
        </coordinates>
      </LineString>
    </Placemark>
    <Placemark>
      <LineString>
        <tessellate>1</tessellate>
        <coordinates>
          1.3097222222,43.6808333333,0
          0.8727777778,43.8880555556,0
        </coordinates>
      </LineString>
    </Placemark>
    <Placemark>
      <LineString>
        <tessellate>1</tessellate>
        <coordinates>
          1.3097222222,43.6808333333,0
          0.1308333333,45.3552777778,0
        </coordinates>
      </LineString>
    </Placemark>
    <Placemark>
      <LineString>
        <tessellate>1</tessellate>
        <coordinates>
          1.3097222222,43.6808333333,0
          2.03,43.715,0
        </coordinates>
      </LineString>
    </Placemark>
    <Placemark>
      <LineString>
        <tessellate>1</tessellate>
        <coordinates>
          1.3097222222,43.6808333333,0
          1.2272222222,44.4613888889,0
        </coordinates>
      </LineString>
    </Placemark>
    <Placemark>
      <LineString>
        <tessellate>1</tessellate>
        <coordinates>
          1.3097222222,43.6808333333,0
          1.8241666667,43.9541666667,0
        </coordinates>
      </LineString>
    </Placemark>
    <Placemark>
      <LineString>
        <tessellate>1</tessellate>
        <coordinates>
          1.3097222222,43.6808333333,0
          2.8575,43.4166666667,0
        </coordinates>
      </LineString>
    </Placemark>
    <Placemark>
      <LineString>
        <tessellate>1</tessellate>
        <coordinates>
          1.3097222222,43.6808333333,0
          1.8830555556,43.3441666667,0
        </coordinates>
      </LineString>
    </Placemark>
    <Placemark>
      <LineString>
        <tessellate>1</tessellate>
        <coordinates>
          1.3097222222,43.6808333333,0
          1.2789269833,43.45687985,0
        </coordinates>
      </LineString>
    </Placemark>
    <Placemark>
      <LineString>
        <tessellate>1</tessellate>
        <coordinates>
          1.4879274167,43.5086672333,0
          1.7458333333,43.2594444444,0
        </coordinates>
      </LineString>
    </Placemark>
    <Placemark>
      <LineString>
        <tessellate>1</tessellate>
        <coordinates>
          1.4879274167,43.5086672333,0
          1.05902555,43.2766623833,0
        </coordinates>
      </LineString>
    </Placemark>
    <Placemark>
      <LineString>
        <tessellate>1</tessellate>
        <coordinates>
          0.7808333333,46.5388888889,0
          0.5308333333,46.5611111111,0
        </coordinates>
      </LineString>
    </Placemark>
    <Placemark>
      <LineString>
        <tessellate>1</tessellate>
        <coordinates>
          0.7808333333,46.5388888889,0
          1.0333333333,46.5161111111,0
        </coordinates>
      </LineString>
    </Placemark>
    <Placemark>
      <LineString>
        <tessellate>1</tessellate>
        <coordinates>
          0.7808333333,46.5388888889,0
          0.9308333333,47.0119444444,0
        </coordinates>
      </LineString>
    </Placemark>
    <Placemark>
      <LineString>
        <tessellate>1</tessellate>
        <coordinates>
          0.7808333333,46.5388888889,0
          1.6941269667,46.8509647833,0
        </coordinates>
      </LineString>
    </Placemark>
    <Placemark>
      <LineString>
        <tessellate>1</tessellate>
        <coordinates>
          1.5244444444,45.3772222222,0
          1.6761111111,44.6508333333,0
        </coordinates>
      </LineString>
    </Placemark>
    <Placemark>
      <LineString>
        <tessellate>1</tessellate>
        <coordinates>
          2.6105555556,39.2461111111,0
          2.7155555556,39.2758333333,0
        </coordinates>
      </LineString>
    </Placemark>
    <Placemark>
      <LineString>
        <tessellate>1</tessellate>
        <coordinates>
          2.6105555556,39.2461111111,0
          2.2280555556,38.7511111111,0
        </coordinates>
      </LineString>
    </Placemark>
    <Placemark>
      <LineString>
        <tessellate>1</tessellate>
        <coordinates>
          2.6105555556,39.2461111111,0
          2.7583333333,39.4352777778,0
        </coordinates>
      </LineString>
    </Placemark>
    <Placemark>
      <LineString>
        <tessellate>1</tessellate>
        <coordinates>
          -0.00694445,39.4838888833,0
          -0.0047222222,39.8338888889,0
        </coordinates>
      </LineString>
    </Placemark>
    <Placemark>
      <LineString>
        <tessellate>1</tessellate>
        <coordinates>
          0.2016666667,47.9125,0
          0.4133333333,47.9394444444,0
        </coordinates>
      </LineString>
    </Placemark>
    <Placemark>
      <LineString>
        <tessellate>1</tessellate>
        <coordinates>
          0.2016666667,47.9125,0
          0.0861111111,47.5963888889,0
        </coordinates>
      </LineString>
    </Placemark>
    <Placemark>
      <LineString>
        <tessellate>1</tessellate>
        <coordinates>
          0.2016666667,47.9125,0
          -0.25,47.8530555556,0
        </coordinates>
      </LineString>
    </Placemark>
    <Placemark>
      <LineString>
        <tessellate>1</tessellate>
        <coordinates>
          4.1411111111,47.8833333333,0
          4.7491666667,47.4963888889,0
        </coordinates>
      </LineString>
    </Placemark>
    <Placemark>
      <LineString>
        <tessellate>1</tessellate>
        <coordinates>
          -0.6627777778,46.4291666667,0
          -0.8519444444,47.5369444444,0
        </coordinates>
      </LineString>
    </Placemark>
    <Placemark>
      <LineString>
        <tessellate>1</tessellate>
        <coordinates>
          -0.6627777778,46.4291666667,0
          -0.3116666667,45.6594444444,0
        </coordinates>
      </LineString>
    </Placemark>
    <Placemark>
      <LineString>
        <tessellate>1</tessellate>
        <coordinates>
          -0.6627777778,46.4291666667,0
          0.0311111111,46.1816666667,0
        </coordinates>
      </LineString>
    </Placemark>
    <Placemark>
      <LineString>
        <tessellate>1</tessellate>
        <coordinates>
          0.71579425,47.4324283,0
          1.0644444444,47.4288888889,0
        </coordinates>
      </LineString>
    </Placemark>
    <Placemark>
      <LineString>
        <tessellate>1</tessellate>
        <coordinates>
          0.71579425,47.4324283,0
          0.7386111111,47.4955555556,0
        </coordinates>
      </LineString>
    </Placemark>
    <Placemark>
      <LineString>
        <tessellate>1</tessellate>
        <coordinates>
          0.71579425,47.4324283,0
          0.8466666667,47.9930555556,0
        </coordinates>
      </LineString>
    </Placemark>
    <Placemark>
      <LineString>
        <tessellate>1</tessellate>
        <coordinates>
          0.71579425,47.4324283,0
          1.0488888889,46.8825,0
        </coordinates>
      </LineString>
    </Placemark>
    <Placemark>
      <LineString>
        <tessellate>1</tessellate>
        <coordinates>
          0.71579425,47.4324283,0
          1.055,47.0258333333,0
        </coordinates>
      </LineString>
    </Placemark>
    <Placemark>
      <LineString>
        <tessellate>1</tessellate>
        <coordinates>
          0.71579425,47.4324283,0
          0.7541672333,47.4240863333,0
        </coordinates>
      </LineString>
    </Placemark>
    <Placemark>
      <LineString>
        <tessellate>1</tessellate>
        <coordinates>
          -1.5425,42.6777777778,0
          -1.7019444444,42.7338888889,0
        </coordinates>
      </LineString>
    </Placemark>
    <Placemark>
      <LineString>
        <tessellate>1</tessellate>
        <coordinates>
          -1.5425,42.6777777778,0
          -1.6454431333,42.7718839833,0
        </coordinates>
      </LineString>
    </Placemark>
    <Placemark>
      <LineString>
        <tessellate>1</tessellate>
        <coordinates>
          -1.5425,42.6777777778,0
          -1.0305555556,42.4958333333,0
        </coordinates>
      </LineString>
    </Placemark>
    <Placemark>
      <LineString>
        <tessellate>1</tessellate>
        <coordinates>
          0.475,42.3675,0
          0.5583333333,42.6930555556,0
        </coordinates>
      </LineString>
    </Placemark>
    <Placemark>
      <LineString>
        <tessellate>1</tessellate>
        <coordinates>
          0.475,42.3675,0
          0.3763888889,41.9791666667,0
        </coordinates>
      </LineString>
    </Placemark>
    <Placemark>
      <LineString>
        <tessellate>1</tessellate>
        <coordinates>
          1.6761111111,44.6508333333,0
          1.8105555556,44.6477777778,0
        </coordinates>
      </LineString>
    </Placemark>
    <Placemark>
      <LineString>
        <tessellate>1</tessellate>
        <coordinates>
          1.6761111111,44.6508333333,0
          1.5302777778,44.6541666667,0
        </coordinates>
      </LineString>
    </Placemark>
    <Placemark>
      <LineString>
        <tessellate>1</tessellate>
        <coordinates>
          1.6761111111,44.6508333333,0
          1.7488888889,44.2952777778,0
        </coordinates>
      </LineString>
    </Placemark>
    <Placemark>
      <LineString>
        <tessellate>1</tessellate>
        <coordinates>
          1.0252777778,43.5305555556,0
          0.8727777778,43.8880555556,0
        </coordinates>
      </LineString>
    </Placemark>
    <Placemark>
      <LineString>
        <tessellate>1</tessellate>
        <coordinates>
          1.0252777778,43.5305555556,0
          1.2789269833,43.45687985,0
        </coordinates>
      </LineString>
    </Placemark>
    <Placemark>
      <LineString>
        <tessellate>1</tessellate>
        <coordinates>
          1.0252777778,43.5305555556,0
          1.6342473,43.0939158333,0
        </coordinates>
      </LineString>
    </Placemark>
    <Placemark>
      <LineString>
        <tessellate>1</tessellate>
        <coordinates>
          -3.6997222222,42.6822222222,0
          -3.7808333333,42.9577777778,0
        </coordinates>
      </LineString>
    </Placemark>
    <Placemark>
      <LineString>
        <tessellate>1</tessellate>
        <coordinates>
          -1.3736111111,43.4769444444,0
          -1.5304974,43.4732797333,0
        </coordinates>
      </LineString>
    </Placemark>
    <Placemark>
      <LineString>
        <tessellate>1</tessellate>
        <coordinates>
          -0.5,39.2358333333,0
          -0.18,39.4,0
        </coordinates>
      </LineString>
    </Placemark>
    <Placemark>
      <LineString>
        <tessellate>1</tessellate>
        <coordinates>
          0.4833333333,38.9241666667,0
          1.7713888889,38.1488888889,0
        </coordinates>
      </LineString>
    </Placemark>
    <Placemark>
      <LineString>
        <tessellate>1</tessellate>
        <coordinates>
          0.4833333333,38.9241666667,0
          -0.4830555556,39.4855555556,0
        </coordinates>
      </LineString>
    </Placemark>
    <Placemark>
      <LineString>
        <tessellate>1</tessellate>
        <coordinates>
          -1.7402777778,43.355,0
          -1.5102777778,43.4666666667,0
        </coordinates>
      </LineString>
    </Placemark>
    <Placemark>
      <LineString>
        <tessellate>1</tessellate>
        <coordinates>
          -1.7402777778,43.355,0
          -1.5304974,43.4732797333,0
        </coordinates>
      </LineString>
    </Placemark>
    <Placemark>
      <LineString>
        <tessellate>1</tessellate>
        <coordinates>
          -1.7402777778,43.355,0
          -1.8302777778,43.3111111111,0
        </coordinates>
      </LineString>
    </Placemark>
    <Placemark>
      <LineString>
        <tessellate>1</tessellate>
        <coordinates>
          0.4722222222,43.6241666667,0
          0.5583333333,43.6513888889,0
        </coordinates>
      </LineString>
    </Placemark>
    <Placemark>
      <LineString>
        <tessellate>1</tessellate>
        <coordinates>
          0.4722222222,43.6241666667,0
          0.6925,44.0288888889,0
        </coordinates>
      </LineString>
    </Placemark>
    <Placemark>
      <LineString>
        <tessellate>1</tessellate>
        <coordinates>
          3.1791666667,45.2763888889,0
          3.5844444444,45.4855555556,0
        </coordinates>
      </LineString>
    </Placemark>
    <Placemark>
      <LineString>
        <tessellate>1</tessellate>
        <coordinates>
          3.1791666667,45.2763888889,0
          3.1747222222,45.1044444444,0
        </coordinates>
      </LineString>
    </Placemark>
    <Placemark>
      <LineString>
        <tessellate>1</tessellate>
        <coordinates>
          -2.6152777778,42.1711111111,0
          -2.3269444444,42.4605555556,0
        </coordinates>
      </LineString>
    </Placemark>
    <Placemark>
      <LineString>
        <tessellate>1</tessellate>
        <coordinates>
          -1.8594444444,38.9472222222,0
          -1.4955555556,39.2736111111,0
        </coordinates>
      </LineString>
    </Placemark>
    <Placemark>
      <LineString>
        <tessellate>1</tessellate>
        <coordinates>
          -0.3372222222,45.0952777778,0
          -0.70784045,44.83395675,0
        </coordinates>
      </LineString>
    </Placemark>
    <Placemark>
      <LineString>
        <tessellate>1</tessellate>
        <coordinates>
          -0.3533333333,41.9047222222,0
          0.1594444444,41.7855555556,0
        </coordinates>
      </LineString>
    </Placemark>
    <Placemark>
      <LineString>
        <tessellate>1</tessellate>
        <coordinates>
          -0.3533333333,41.9047222222,0
          -0.7927777778,42.005,0
        </coordinates>
      </LineString>
    </Placemark>
    <Placemark>
      <LineString>
        <tessellate>1</tessellate>
        <coordinates>
          -1.2347222222,47.9991666667,0
          -0.94,47.9563888889,0
        </coordinates>
      </LineString>
    </Placemark>
    <Placemark>
      <LineString>
        <tessellate>1</tessellate>
        <coordinates>
          3.4180555556,43.6777777778,0
          3.5294444444,43.6580555556,0
        </coordinates>
      </LineString>
    </Placemark>
    <Placemark>
      <LineString>
        <tessellate>1</tessellate>
        <coordinates>
          2.8180555556,45.9980555556,0
          3.18,45.9416666667,0
        </coordinates>
      </LineString>
    </Placemark>
    <Placemark>
      <LineString>
        <tessellate>1</tessellate>
        <coordinates>
          2.8180555556,45.9980555556,0
          3.355,46.0275,0
        </coordinates>
      </LineString>
    </Placemark>
    <Placemark>
      <LineString>
        <tessellate>1</tessellate>
        <coordinates>
          2.8180555556,45.9980555556,0
          2.2613888889,45.9811111111,0
        </coordinates>
      </LineString>
    </Placemark>
    <Placemark>
      <LineString>
        <tessellate>1</tessellate>
        <coordinates>
          2.8180555556,45.9980555556,0
          2.8372222222,44.7844444444,0
        </coordinates>
      </LineString>
    </Placemark>
    <Placemark>
      <LineString>
        <tessellate>1</tessellate>
        <coordinates>
          -3.5140535,43.1739889667,0
          -3.4302777778,43.3233333333,0
        </coordinates>
      </LineString>
    </Placemark>
    <Placemark>
      <LineString>
        <tessellate>1</tessellate>
        <coordinates>
          0.9072222222,47.8372222222,0
          1.0644444444,47.4288888889,0
        </coordinates>
      </LineString>
    </Placemark>
    <Placemark>
      <LineString>
        <tessellate>1</tessellate>
        <coordinates>
          0.9072222222,47.8372222222,0
          0.7386111111,47.4955555556,0
        </coordinates>
      </LineString>
    </Placemark>
    <Placemark>
      <LineString>
        <tessellate>1</tessellate>
        <coordinates>
          0.9072222222,47.8372222222,0
          0.8466666667,47.9930555556,0
        </coordinates>
      </LineString>
    </Placemark>
    <Placemark>
      <LineString>
        <tessellate>1</tessellate>
        <coordinates>
          -2.0111111111,42.2719444444,0
          -2.8805555556,42.4533333333,0
        </coordinates>
      </LineString>
    </Placemark>
    <Placemark>
      <LineString>
        <tessellate>1</tessellate>
        <coordinates>
          -2.0111111111,42.2719444444,0
          -2.5333333333,41.4736111111,0
        </coordinates>
      </LineString>
    </Placemark>
    <Placemark>
      <LineString>
        <tessellate>1</tessellate>
        <coordinates>
          -2.0111111111,42.2719444444,0
          -0.7927777778,42.005,0
        </coordinates>
      </LineString>
    </Placemark>
    <Placemark>
      <LineString>
        <tessellate>1</tessellate>
        <coordinates>
          4.1155555556,42.1722222222,0
          3.9338888889,41.9238888889,0
        </coordinates>
      </LineString>
    </Placemark>
    <Placemark>
      <LineString>
        <tessellate>1</tessellate>
        <coordinates>
          1.4797222222,45.5794444444,0
          1.2380555556,45.3327777778,0
        </coordinates>
      </LineString>
    </Placemark>
    <Placemark>
      <LineString>
        <tessellate>1</tessellate>
        <coordinates>
          1.4797222222,45.5794444444,0
          1.5244444444,45.3772222222,0
        </coordinates>
      </LineString>
    </Placemark>
    <Placemark>
      <LineString>
        <tessellate>1</tessellate>
        <coordinates>
          0.1555555556,44.98,0
          0.5302620833,44.8151968667,0
        </coordinates>
      </LineString>
    </Placemark>
    <Placemark>
      <LineString>
        <tessellate>1</tessellate>
        <coordinates>
          0.1555555556,44.98,0
          -0.3116666667,45.6594444444,0
        </coordinates>
      </LineString>
    </Placemark>
    <Placemark>
      <LineString>
        <tessellate>1</tessellate>
        <coordinates>
          0.1555555556,44.98,0
          -0.3543438167,45.6357014833,0
        </coordinates>
      </LineString>
    </Placemark>
    <Placemark>
      <LineString>
        <tessellate>1</tessellate>
        <coordinates>
          0.1555555556,44.98,0
          -0.19,44.8897222222,0
        </coordinates>
      </LineString>
    </Placemark>
    <Placemark>
      <LineString>
        <tessellate>1</tessellate>
        <coordinates>
          0.1555555556,44.98,0
          1.0255555556,45.8158333333,0
        </coordinates>
      </LineString>
    </Placemark>
    <Placemark>
      <LineString>
        <tessellate>1</tessellate>
        <coordinates>
          0.1555555556,44.98,0
          -0.1530555556,44.6769444444,0
        </coordinates>
      </LineString>
    </Placemark>
    <Placemark>
      <LineString>
        <tessellate>1</tessellate>
        <coordinates>
          0.1555555556,44.98,0
          0.5152777778,44.4386111111,0
        </coordinates>
      </LineString>
    </Placemark>
    <Placemark>
      <LineString>
        <tessellate>1</tessellate>
        <coordinates>
          3.1825,45.4041666667,0
          3.1791666667,45.2763888889,0
        </coordinates>
      </LineString>
    </Placemark>
    <Placemark>
      <LineString>
        <tessellate>1</tessellate>
        <coordinates>
          -3.2863888889,40.6605555556,0
          -3.5647222222,40.7669444444,0
        </coordinates>
      </LineString>
    </Placemark>
    <Placemark>
      <LineString>
        <tessellate>1</tessellate>
        <coordinates>
          -3.2863888889,40.6605555556,0
          -3.2466666667,40.8538888889,0
        </coordinates>
      </LineString>
    </Placemark>
    <Placemark>
      <LineString>
        <tessellate>1</tessellate>
        <coordinates>
          0.1047222222,46.2902777778,0
          -0.3116666667,45.6594444444,0
        </coordinates>
      </LineString>
    </Placemark>
    <Placemark>
      <LineString>
        <tessellate>1</tessellate>
        <coordinates>
          0.1047222222,46.2902777778,0
          0.2980555556,46.5811111111,0
        </coordinates>
      </LineString>
    </Placemark>
    <Placemark>
      <LineString>
        <tessellate>1</tessellate>
        <coordinates>
          2.2016666667,47.34,0
          2.1791666667,47.3177777778,0
        </coordinates>
      </LineString>
    </Placemark>
    <Placemark>
      <LineString>
        <tessellate>1</tessellate>
        <coordinates>
          2.2016666667,47.34,0
          2.3793377,47.0869536667,0
        </coordinates>
      </LineString>
    </Placemark>
    <Placemark>
      <LineString>
        <tessellate>1</tessellate>
        <coordinates>
          2.2016666667,47.34,0
          1.9672222222,47.1088888889,0
        </coordinates>
      </LineString>
    </Placemark>
    <Placemark>
      <LineString>
        <tessellate>1</tessellate>
        <coordinates>
          4.1772222222,45.2163888889,0
          4.3175,45.0641666667,0
        </coordinates>
      </LineString>
    </Placemark>
    <Placemark>
      <LineString>
        <tessellate>1</tessellate>
        <coordinates>
          4.1772222222,45.2163888889,0
          4.0422222222,45.1369444444,0
        </coordinates>
      </LineString>
    </Placemark>
    <Placemark>
      <LineString>
        <tessellate>1</tessellate>
        <coordinates>
          3.7569444444,41.1530555556,0
          2.3655927667,41.0132562,0
        </coordinates>
      </LineString>
    </Placemark>
    <Placemark>
      <LineString>
        <tessellate>1</tessellate>
        <coordinates>
          3.7569444444,41.1530555556,0
          3.2086111167,41.9477777833,0
        </coordinates>
      </LineString>
    </Placemark>
    <Placemark>
      <LineString>
        <tessellate>1</tessellate>
        <coordinates>
          3.7569444444,41.1530555556,0
          3.6444444444,40.6527777778,0
        </coordinates>
      </LineString>
    </Placemark>
    <Placemark>
      <LineString>
        <tessellate>1</tessellate>
        <coordinates>
          3.7569444444,41.1530555556,0
          4.505,41.075,0
        </coordinates>
      </LineString>
    </Placemark>
    <Placemark>
      <LineString>
        <tessellate>1</tessellate>
        <coordinates>
          3.7569444444,41.1530555556,0
          4.4613888889,40.8952777778,0
        </coordinates>
      </LineString>
    </Placemark>
    <Placemark>
      <LineString>
        <tessellate>1</tessellate>
        <coordinates>
          3.7569444444,41.1530555556,0
          3.3925,40.4397222222,0
        </coordinates>
      </LineString>
    </Placemark>
    <Placemark>
      <LineString>
        <tessellate>1</tessellate>
        <coordinates>
          3.7569444444,41.1530555556,0
          3.4413888889,41.1844444444,0
        </coordinates>
      </LineString>
    </Placemark>
    <Placemark>
      <LineString>
        <tessellate>1</tessellate>
        <coordinates>
          3.7569444444,41.1530555556,0
          3.8069444444,41.0152777778,0
        </coordinates>
      </LineString>
    </Placemark>
    <Placemark>
      <LineString>
        <tessellate>1</tessellate>
        <coordinates>
          2.2063888889,41.0708333333,0
          2.2813888889,41.1772222222,0
        </coordinates>
      </LineString>
    </Placemark>
    <Placemark>
      <LineString>
        <tessellate>1</tessellate>
        <coordinates>
          2.2063888889,41.0708333333,0
          2.0036111111,41.1091666667,0
        </coordinates>
      </LineString>
    </Placemark>
    <Placemark>
      <LineString>
        <tessellate>1</tessellate>
        <coordinates>
          1.5019444444,41.5469444444,0
          1.1297222222,41.5438888889,0
        </coordinates>
      </LineString>
    </Placemark>
    <Placemark>
      <LineString>
        <tessellate>1</tessellate>
        <coordinates>
          1.5019444444,41.5469444444,0
          1.6636111111,41.4833333333,0
        </coordinates>
      </LineString>
    </Placemark>
    <Placemark>
      <LineString>
        <tessellate>1</tessellate>
        <coordinates>
          1.5019444444,41.5469444444,0
          1.1136111111,41.6977777778,0
        </coordinates>
      </LineString>
    </Placemark>
    <Placemark>
      <LineString>
        <tessellate>1</tessellate>
        <coordinates>
          0.5658333333,41.3416666667,0
          1.1522222222,41.3311111111,0
        </coordinates>
      </LineString>
    </Placemark>
    <Placemark>
      <LineString>
        <tessellate>1</tessellate>
        <coordinates>
          0.5658333333,41.3416666667,0
          0.6480555556,41.5527777778,0
        </coordinates>
      </LineString>
    </Placemark>
    <Placemark>
      <LineString>
        <tessellate>1</tessellate>
        <coordinates>
          -2.4105555556,40.2330555556,0
          -2.5447222222,40.3719444444,0
        </coordinates>
      </LineString>
    </Placemark>
    <Placemark>
      <LineString>
        <tessellate>1</tessellate>
        <coordinates>
          -2.4105555556,40.2330555556,0
          -2.1744444444,39.9888888889,0
        </coordinates>
      </LineString>
    </Placemark>
    <Placemark>
      <LineString>
        <tessellate>1</tessellate>
        <coordinates>
          -2.4105555556,40.2330555556,0
          -2.6002777778,40.2605555556,0
        </coordinates>
      </LineString>
    </Placemark>
    <Placemark>
      <LineString>
        <tessellate>1</tessellate>
        <coordinates>
          -0.8166666667,38.5397222222,0
          -0.56192225,38.28822875,0
        </coordinates>
      </LineString>
    </Placemark>
    <Placemark>
      <LineString>
        <tessellate>1</tessellate>
        <coordinates>
          -0.8166666667,38.5397222222,0
          -0.9986111111,38.7383333333,0
        </coordinates>
      </LineString>
    </Placemark>
    <Placemark>
      <LineString>
        <tessellate>1</tessellate>
        <coordinates>
          -3.5025,40.1611111111,0
          -3.5205555556,40.3408333333,0
        </coordinates>
      </LineString>
    </Placemark>
    <Placemark>
      <LineString>
        <tessellate>1</tessellate>
        <coordinates>
          -3.5025,40.1611111111,0
          -3.7244444444,40.1108333333,0
        </coordinates>
      </LineString>
    </Placemark>
    <Placemark>
      <LineString>
        <tessellate>1</tessellate>
        <coordinates>
          -2.8056998833,40.93833315,0
          -2.5991666667,40.9802777778,0
        </coordinates>
      </LineString>
    </Placemark>
    <Placemark>
      <LineString>
        <tessellate>1</tessellate>
        <coordinates>
          -3.3579743667,40.5557812167,0
          -2.9450688,40.831425,0
        </coordinates>
      </LineString>
    </Placemark>
    <Placemark>
      <LineString>
        <tessellate>1</tessellate>
        <coordinates>
          -3.3579743667,40.5557812167,0
          -3.2466666667,40.8538888889,0
        </coordinates>
      </LineString>
    </Placemark>
    <Placemark>
      <LineString>
        <tessellate>1</tessellate>
        <coordinates>
          -3.2478838,40.2422156,0
          -2.1744444444,39.9888888889,0
        </coordinates>
      </LineString>
    </Placemark>
    <Placemark>
      <LineString>
        <tessellate>1</tessellate>
        <coordinates>
          -3.2478838,40.2422156,0
          -3.1042727667,39.7727199333,0
        </coordinates>
      </LineString>
    </Placemark>
    <Placemark>
      <LineString>
        <tessellate>1</tessellate>
        <coordinates>
          -3.6721250333,40.3291508833,0
          -3.8441666667,40.1997222222,0
        </coordinates>
      </LineString>
    </Placemark>
    <Placemark>
      <LineString>
        <tessellate>1</tessellate>
        <coordinates>
          -3.6721250333,40.3291508833,0
          -4.2494444444,40.3686111111,0
        </coordinates>
      </LineString>
    </Placemark>
    <Placemark>
      <LineString>
        <tessellate>1</tessellate>
        <coordinates>
          -3.1042727667,39.7727199333,0
          -3.0277777778,39.3991666667,0
        </coordinates>
      </LineString>
    </Placemark>
    <Placemark>
      <LineString>
        <tessellate>1</tessellate>
        <coordinates>
          -3.3602777778,40.5641666667,0
          -3.2478838,40.2422156,0
        </coordinates>
      </LineString>
    </Placemark>
    <Placemark>
      <LineString>
        <tessellate>1</tessellate>
        <coordinates>
          1.5477777778,41.3427777778,0
          1.1869708,41.1431879333,0
        </coordinates>
      </LineString>
    </Placemark>
    <Placemark>
      <LineString>
        <tessellate>1</tessellate>
        <coordinates>
          1.5477777778,41.3427777778,0
          2.1097222222,41.52,0
        </coordinates>
      </LineString>
    </Placemark>
    <Placemark>
      <LineString>
        <tessellate>1</tessellate>
        <coordinates>
          -0.52489605,39.48674135,0
          -1.2630555556,39.0244444444,0
        </coordinates>
      </LineString>
    </Placemark>
    <Placemark>
      <LineString>
        <tessellate>1</tessellate>
        <coordinates>
          -0.52489605,39.48674135,0
          -0.9863888889,39.7072222222,0
        </coordinates>
      </LineString>
    </Placemark>
    <Placemark>
      <LineString>
        <tessellate>1</tessellate>
        <coordinates>
          -0.52489605,39.48674135,0
          -0.9986111111,38.7383333333,0
        </coordinates>
      </LineString>
    </Placemark>
    <Placemark>
      <LineString>
        <tessellate>1</tessellate>
        <coordinates>
          -0.52489605,39.48674135,0
          -0.3463888889,39.4375,0
        </coordinates>
      </LineString>
    </Placemark>
    <Placemark>
      <LineString>
        <tessellate>1</tessellate>
        <coordinates>
          -0.52489605,39.48674135,0
          -0.2225773167,39.68407415,0
        </coordinates>
      </LineString>
    </Placemark>
    <Placemark>
      <LineString>
        <tessellate>1</tessellate>
        <coordinates>
          -0.4830555556,39.4855555556,0
          -1.2630555556,39.0244444444,0
        </coordinates>
      </LineString>
    </Placemark>
    <Placemark>
      <LineString>
        <tessellate>1</tessellate>
        <coordinates>
          -0.4830555556,39.4855555556,0
          -0.7719444444,39.0691666667,0
        </coordinates>
      </LineString>
    </Placemark>
    <Placemark>
      <LineString>
        <tessellate>1</tessellate>
        <coordinates>
          -0.4830555556,39.4855555556,0
          -0.9863888889,39.7072222222,0
        </coordinates>
      </LineString>
    </Placemark>
    <Placemark>
      <LineString>
        <tessellate>1</tessellate>
        <coordinates>
          -0.4830555556,39.4855555556,0
          -0.18,39.4,0
        </coordinates>
      </LineString>
    </Placemark>
    <Placemark>
      <LineString>
        <tessellate>1</tessellate>
        <coordinates>
          -0.4830555556,39.4855555556,0
          -0.4397222222,39.2466666667,0
        </coordinates>
      </LineString>
    </Placemark>
    <Placemark>
      <LineString>
        <tessellate>1</tessellate>
        <coordinates>
          -0.4830555556,39.4855555556,0
          -0.2077777778,39.6741666667,0
        </coordinates>
      </LineString>
    </Placemark>
    <Placemark>
      <LineString>
        <tessellate>1</tessellate>
        <coordinates>
          -0.4830555556,39.4855555556,0
          -0.8961111111,39.4002777778,0
        </coordinates>
      </LineString>
    </Placemark>
    <Placemark>
      <LineString>
        <tessellate>1</tessellate>
        <coordinates>
          -0.4830555556,39.4855555556,0
          0.4833333333,38.9241666667,0
        </coordinates>
      </LineString>
    </Placemark>
    <Placemark>
      <LineString>
        <tessellate>1</tessellate>
        <coordinates>
          -0.4830555556,39.4855555556,0
          -0.8166666667,38.5397222222,0
        </coordinates>
      </LineString>
    </Placemark>
    <Placemark>
      <LineString>
        <tessellate>1</tessellate>
        <coordinates>
          1.7058333333,41.2105555556,0
          1.6983333333,41.26,0
        </coordinates>
      </LineString>
    </Placemark>
    <Placemark>
      <LineString>
        <tessellate>1</tessellate>
        <coordinates>
          -2.0194768333,42.58932735,0
          -2.3269444444,42.4605555556,0
        </coordinates>
      </LineString>
    </Placemark>
    <Placemark>
      <LineString>
        <tessellate>1</tessellate>
        <coordinates>
          -2.0194768333,42.58932735,0
          -1.6454431333,42.7718839833,0
        </coordinates>
      </LineString>
    </Placemark>
    <Placemark>
      <LineString>
        <tessellate>1</tessellate>
        <coordinates>
          -2.8655555556,42.7319444444,0
          -3.2533333333,42.555,0
        </coordinates>
      </LineString>
    </Placemark>
    <Placemark>
      <LineString>
        <tessellate>1</tessellate>
        <coordinates>
          -2.8655555556,42.7319444444,0
          -2.9358333333,43.3044444444,0
        </coordinates>
      </LineString>
    </Placemark>
    <Placemark>
      <LineString>
        <tessellate>1</tessellate>
        <coordinates>
          -2.8655555556,42.7319444444,0
          -2.73109995,42.87308765,0
        </coordinates>
      </LineString>
    </Placemark>
    <Placemark>
      <LineString>
        <tessellate>1</tessellate>
        <coordinates>
          -2.8655555556,42.7319444444,0
          -4.1091666667,42.0275,0
        </coordinates>
      </LineString>
    </Placemark>
    <Placemark>
      <LineString>
        <tessellate>1</tessellate>
        <coordinates>
          -2.8655555556,42.7319444444,0
          -4.0308333333,42.5744444444,0
        </coordinates>
      </LineString>
    </Placemark>
    <Placemark>
      <LineString>
        <tessellate>1</tessellate>
        <coordinates>
          -2.6797222222,42.9280555556,0
          -2.4497222222,42.8175,0
        </coordinates>
      </LineString>
    </Placemark>
    <Placemark>
      <LineString>
        <tessellate>1</tessellate>
        <coordinates>
          -3.4641666667,39.7808333333,0
          -3.2213888889,39.0,0
        </coordinates>
      </LineString>
    </Placemark>
    <Placemark>
      <LineString>
        <tessellate>1</tessellate>
        <coordinates>
          -3.4641666667,39.7808333333,0
          -3.8247222222,39.5061111111,0
        </coordinates>
      </LineString>
    </Placemark>
    <Placemark>
      <LineString>
        <tessellate>1</tessellate>
        <coordinates>
          -3.4641666667,39.7808333333,0
          -2.5447222222,40.3719444444,0
        </coordinates>
      </LineString>
    </Placemark>
    <Placemark>
      <LineString>
        <tessellate>1</tessellate>
        <coordinates>
          -3.4641666667,39.7808333333,0
          -3.2319444444,40.3730555556,0
        </coordinates>
      </LineString>
    </Placemark>
    <Placemark>
      <LineString>
        <tessellate>1</tessellate>
        <coordinates>
          -3.4641666667,39.7808333333,0
          -4.2494444444,40.3686111111,0
        </coordinates>
      </LineString>
    </Placemark>
    <Placemark>
      <LineString>
        <tessellate>1</tessellate>
        <coordinates>
          -3.4641666667,39.7808333333,0
          -3.0483333333,40.2622222222,0
        </coordinates>
      </LineString>
    </Placemark>
    <Placemark>
      <LineString>
        <tessellate>1</tessellate>
        <coordinates>
          -3.4641666667,39.7808333333,0
          -3.2863888889,40.6605555556,0
        </coordinates>
      </LineString>
    </Placemark>
    <Placemark>
      <LineString>
        <tessellate>1</tessellate>
        <coordinates>
          -3.4641666667,39.7808333333,0
          -3.5025,40.1611111111,0
        </coordinates>
      </LineString>
    </Placemark>
    <Placemark>
      <LineString>
        <tessellate>1</tessellate>
        <coordinates>
          -1.0941666667,39.7544444444,0
          -1.2116666667,39.8052777778,0
        </coordinates>
      </LineString>
    </Placemark>
    <Placemark>
      <LineString>
        <tessellate>1</tessellate>
        <coordinates>
          -1.0941666667,39.7544444444,0
          -0.9863888889,39.7072222222,0
        </coordinates>
      </LineString>
    </Placemark>
    <Placemark>
      <LineString>
        <tessellate>1</tessellate>
        <coordinates>
          2.8719444444,41.4030555556,0
          2.6627777778,41.255,0
        </coordinates>
      </LineString>
    </Placemark>
    <Placemark>
      <LineString>
        <tessellate>1</tessellate>
        <coordinates>
          -2.0927777778,38.5211111111,0
          -1.7688888889,38.7191666667,0
        </coordinates>
      </LineString>
    </Placemark>
    <Placemark>
      <LineString>
        <tessellate>1</tessellate>
        <coordinates>
          -2.0927777778,38.5211111111,0
          -2.3525,38.3608333333,0
        </coordinates>
      </LineString>
    </Placemark>
    <Placemark>
      <LineString>
        <tessellate>1</tessellate>
        <coordinates>
          2.0,44.9652777833,0
          1.5602792333,45.01072215,0
        </coordinates>
      </LineString>
    </Placemark>
    <Placemark>
      <LineString>
        <tessellate>1</tessellate>
        <coordinates>
          2.0,44.9652777833,0
          1.4283333333,44.8927777778,0
        </coordinates>
      </LineString>
    </Placemark>
    <Placemark>
      <LineString>
        <tessellate>1</tessellate>
        <coordinates>
          2.0,44.9652777833,0
          2.6227777778,45.0405555556,0
        </coordinates>
      </LineString>
    </Placemark>
    <Placemark>
      <LineString>
        <tessellate>1</tessellate>
        <coordinates>
          3.1416666667,38.5969444444,0
          4.0908333333,39.2175,0
        </coordinates>
      </LineString>
    </Placemark>
    <Placemark>
      <LineString>
        <tessellate>1</tessellate>
        <coordinates>
          3.1416666667,38.5969444444,0
          2.5,38.1666666667,0
        </coordinates>
      </LineString>
    </Placemark>
    <Placemark>
      <LineString>
        <tessellate>1</tessellate>
        <coordinates>
          -3.4516666667,43.8125,0
          -3.9875,44.3288888889,0
        </coordinates>
      </LineString>
    </Placemark>
    <Placemark>
      <LineString>
        <tessellate>1</tessellate>
        <coordinates>
          -3.4516666667,43.8125,0
          -3.6630555556,43.6430555556,0
        </coordinates>
      </LineString>
    </Placemark>
    <Placemark>
      <LineString>
        <tessellate>1</tessellate>
        <coordinates>
          -3.4516666667,43.8125,0
          -3.1502777778,44.0513888889,0
        </coordinates>
      </LineString>
    </Placemark>
    <Placemark>
      <LineString>
        <tessellate>1</tessellate>
        <coordinates>
          2.6227777778,45.0405555556,0
          2.3205555556,44.635,0
        </coordinates>
      </LineString>
    </Placemark>
    <Placemark>
      <LineString>
        <tessellate>1</tessellate>
        <coordinates>
          2.6227777778,45.0405555556,0
          3.1747222222,45.1044444444,0
        </coordinates>
      </LineString>
    </Placemark>
    <Placemark>
      <LineString>
        <tessellate>1</tessellate>
        <coordinates>
          2.6227777778,45.0405555556,0
          2.9330555556,45.4502777778,0
        </coordinates>
      </LineString>
    </Placemark>
    <Placemark>
      <LineString>
        <tessellate>1</tessellate>
        <coordinates>
          2.6227777778,45.0405555556,0
          2.0,44.9652777833,0
        </coordinates>
      </LineString>
    </Placemark>
    <Placemark>
      <LineString>
        <tessellate>1</tessellate>
        <coordinates>
          2.7211111111,39.2872222222,0
          2.8997222222,39.0247222222,0
        </coordinates>
      </LineString>
    </Placemark>
    <Placemark>
      <LineString>
        <tessellate>1</tessellate>
        <coordinates>
          -2.3525,38.3608333333,0
          -3.625,38.1525,0
        </coordinates>
      </LineString>
    </Placemark>
    <Placemark>
      <LineString>
        <tessellate>1</tessellate>
        <coordinates>
          -2.3525,38.3608333333,0
          -1.9361111111,38.3641666667,0
        </coordinates>
      </LineString>
    </Placemark>
    <Placemark>
      <LineString>
        <tessellate>1</tessellate>
        <coordinates>
          -2.3525,38.3608333333,0
          -2.0927777778,38.5211111111,0
        </coordinates>
      </LineString>
    </Placemark>
    <Placemark>
      <LineString>
        <tessellate>1</tessellate>
        <coordinates>
          -1.0370439667,41.6694129833,0
          -1.3619444444,42.1316666667,0
        </coordinates>
      </LineString>
    </Placemark>
    <Placemark>
      <LineString>
        <tessellate>1</tessellate>
        <coordinates>
          -1.0370439667,41.6694129833,0
          -1.4327777778,41.3236111111,0
        </coordinates>
      </LineString>
    </Placemark>
    <Placemark>
      <LineString>
        <tessellate>1</tessellate>
        <coordinates>
          -1.0370439667,41.6694129833,0
          -1.1933333333,41.7305555556,0
        </coordinates>
      </LineString>
    </Placemark>
    <Placemark>
      <LineString>
        <tessellate>1</tessellate>
        <coordinates>
          -1.0370439667,41.6694129833,0
          -0.8782301333,41.6028794,0
        </coordinates>
      </LineString>
    </Placemark>
    <Placemark>
      <LineString>
        <tessellate>1</tessellate>
        <coordinates>
          -0.7927777778,42.005,0
          -0.3533333333,41.9047222222,0
        </coordinates>
      </LineString>
    </Placemark>
    <Placemark>
      <LineString>
        <tessellate>1</tessellate>
        <coordinates>
          -0.7927777778,42.005,0
          -2.0111111111,42.2719444444,0
        </coordinates>
      </LineString>
    </Placemark>
    <Placemark>
      <LineString>
        <tessellate>1</tessellate>
        <coordinates>
          4.96,43.6158333333,0
          4.8975,43.7261111111,0
        </coordinates>
      </LineString>
    </Placemark>
    <Placemark>
      <LineString>
        <tessellate>1</tessellate>
        <coordinates>
          -1.1933333333,41.7305555556,0
          -1.9633333333,42.3436111111,0
        </coordinates>
      </LineString>
    </Placemark>
    <Placemark>
      <LineString>
        <tessellate>1</tessellate>
        <coordinates>
          -1.1933333333,41.7305555556,0
          -1.2194444444,41.9533333333,0
        </coordinates>
      </LineString>
    </Placemark>
    <Placemark>
      <LineString>
        <tessellate>1</tessellate>
        <coordinates>
          -1.1933333333,41.7305555556,0
          -1.0553142667,41.6611099667,0
        </coordinates>
      </LineString>
    </Placemark>
    <Placemark>
      <LineString>
        <tessellate>1</tessellate>
        <coordinates>
          3.2830555556,43.3269444444,0
          3.9605435167,43.5857774333,0
        </coordinates>
      </LineString>
    </Placemark>
    <Placemark>
      <LineString>
        <tessellate>1</tessellate>
        <coordinates>
          -2.4497222222,42.8175,0
          -2.6138888889,42.6797222222,0
        </coordinates>
      </LineString>
    </Placemark>
    <Placemark>
      <LineString>
        <tessellate>1</tessellate>
        <coordinates>
          -2.4497222222,42.8175,0
          -1.7019444444,42.7338888889,0
        </coordinates>
      </LineString>
    </Placemark>
    <Placemark>
      <LineString>
        <tessellate>1</tessellate>
        <coordinates>
          -2.4497222222,42.8175,0
          -1.6454431333,42.7718839833,0
        </coordinates>
      </LineString>
    </Placemark>
    <Placemark>
      <LineString>
        <tessellate>1</tessellate>
        <coordinates>
          -0.8782301333,41.6028794,0
          -1.1044444444,41.4422222222,0
        </coordinates>
      </LineString>
    </Placemark>
    <Placemark>
      <LineString>
        <tessellate>1</tessellate>
        <coordinates>
          -0.8782301333,41.6028794,0
          -0.5475,41.3538888889,0
        </coordinates>
      </LineString>
    </Placemark>
    <Placemark>
      <LineString>
        <tessellate>1</tessellate>
        <coordinates>
          -0.8782301333,41.6028794,0
          -1.0553142667,41.6611099667,0
        </coordinates>
      </LineString>
    </Placemark>
  </Document>
</kml>
